record_id,title,release_date,director,studio,country,subgenre,runtime,mpaa_rating,budget_usd,box_office_usd,user_score,vote_count
2659,Cannibal Holocaust,6/28/1980,Ruggero Deodato,United Artists Europa,italy,Gothic,126min,NC-17,"$120,000","270,483",,194633
3904,The Host,2006/07/09,Bong Joon-ho,Showbox,S. Korea,Slasher,,NC-17,3000000,"$33,187,930",9.0,36826
5113,When Evil Lurks,01/19/2023,Demian Rugna,Shudder,Argentina,Body Horror,146,PG-13,,9856995,8.7,226808
4203,The Cabin in the Woods,08/25/2011,Drew Goddard,Lionsgate,USA,Body Horror,107 min,Not Rated,"$35,000,000",,7.4,306292
2957,A Nightmare on Elm Street,1984-09-04,Wes Craven,new line cinema,us,Werewolf,117,Not Rated,"$1,500,000","$10,311,433",5.9,163895
1127,Freaks,1932-09-18,Tod Browning,MGM,us,Cosmic Horror,72,Unrated,USD 6000000,5451081,4.6,469655
5093,Infinity Pool,2023/05/06,Brandon Cronenberg,Neon,Canada,Cosmic Horror,1h 58m,PG-13,"$35,000,000",98151327,6.4,468178
5346,TETSUO THE IRON MAN,11/20/1989,Shinya Tsukamoto,Kaijyu Theater,Japan,Vampire,2h 45m,PG-13,"$20,000,000","255,667,125",6.4,245473
2024,Rosemary's Baby,05/15/1968,Roman Polanski,Paramount Pictures,USA ,Giallo,137min,PG,"20,000,000",$7001250,6.7,433633
4151,Trick 'r Treat,09/25/2007,Michael Dougherty,WARNER BROS.,us,Slasher,,R,20000000,"$87,142,789",5.1,378438
5121,When Evil Lurks,2023/12/06,Demian Rugna,Shudder,Argentina,Body Horror,146,,750000,9856995,8.7,4297
2233,Deep Red,07/21/1975,Dario Argento,Rizzoli Film,italy,Supernatural,1h 52m,Not Rated,"$10,000,000",14234893,8.9,343767
3991,The Orphanage,20-06-2007,J.A. Bayona,Warner Bros. Pictures,Spain,Creature Feature|Haunted House,145,R,"$20,000,000",$220449652,5.4,386307
1285,cat people,07/03/1942,Jacques Tourneur,RKO Radio Pictures,United States,Werewolf|Creature Feature,,Not Rated,"300,000",927054,6.8,254166
5001,Pearl,04/12/2022,Ti West,A24,us,Cosmic Horror,144,G,"$3,000,000","36,671,785",7.5,442245
1292,Cat People,1942-08-18,Jacques Tourneur,RKO Radio Pictures,United States,Werewolf|Creature Feature,74min,Not Rated,,$927054,6.8,467531
5090,Infinity Pool,11/24/2023,,neon,CANADA,Cosmic Horror,118 min,PG-13,35000000,USD 98151327,6.4,425743
5295,The Wailing,19-09-2016,,20th Century Fox Korea,Korea,Found Footage,150min,Not Rated,750000,"$6,632,236",7.6,421545
4860,Saint Maud,7/28/2019,Rose Glass,a24,U.K.,Folk Horror|Supernatural,101 min,NC-17,"$3,000,000",9179482,8.4,466026
3922,  The Host ,6/8/2006,Bong Joon-ho,Showbox,South Korea,Slasher,83min,NC-17,"$3,000,000",,9.0,185430
3713,High Tension,2003/10/09,Alexandre Aja,EuropaCorp,France,Zombie|Kaiju,161 min,,1500000,"12,580,491",4.6,87402
1769,Carnival of Souls,20-05-1962,Herk Harvey,Herts-Lion International,USA ,Body Horror,1h 40m,PG,$20000000,"22,553,699",8.7,203269
3930,the host,2006-10-27,Bong Joon-ho,Showbox,South Korea,Slasher,83,NC-17,3000000,"$33,187,930",9.0,470098
3685,A Tale of Two Sisters,2003-05-23,Kim Jee-woon,Cineclick Asia,Korea,Folk Horror,97 min,PG,"$3,000,000","$26,985,529",9.2,122428
2327,Suspiria,2/12/1977,Dario Argento,Seda Spettacoli,Italy,Occult,2h 25m,Unrated,USD 35000000,USD 113427337,8.9,295941
4093,Martyrs,2008/08/10,Pascal Laugier,Wild Bunch,France,Psychological,116,G,"20,000,000",$87265784,5.1,7682
5152,Late Night with the Devil,8/8/2023,Colin Cairnes,IFC Films,Australia,Psychological,70,NC-17,$6000000,"$44,680,381",,365022
1244,The Wolf Man,1941-05-04,George Waggner,universal,us,Psychological,126,Not Rated,35000000,"341,406,775",5.4,446631
5196,LONGLEGS,2024/06/11,Osgood Perkins,neon,USA ,Gothic,160,NC-17,$10000000,54792293,6.0,112845
1067,Dracula,1931-02-18,Tod Browning,universal,U.S.A.,Found Footage,84 min,R,"$300,000",471267,5.6,449328
4841,Parasite,2019/05/05,Bong Joon-ho,CJ Entertainment,South Korea,Folk Horror,81,G,$1500000,"$469,037",6.5,29240
1859,Blood and Black Lace,6/27/1964,Mario Bava,Emmepi Cinematografica,ITALY,Gothic|Giallo,2h 23m,NC-17,$120000,"215,381",8.4,363922
3417,The Sixth Sense,1999/03/08,M. Night Shyamalan,Buena Vista,us,Comedy Horror,157min,,300000,"$3,957,945",5.3,229184
4916,Titane,2021/04/22,Julia Ducournau,NEON,france,Werewolf,98,,20000000,"191,227,230",4.7,467588
1804,The Birds,1963-04-09,Alfred Hitchcock,UNIVERSAL,USA ,Slasher|Psychological,106 min,PG-13,"$3,000,000",34881029,5.2,243633
1647,Black Sunday,08/28/1960,Mario Bava,Galatea Film,ITALY,Supernatural|Psychological,1h 53m,NC-17,"$50,000",$426793,6.5,20786
3765,shaun of the dead,22-01-2004,Edgar Wright,Universal Pictures,UK,Cosmic Horror,74,PG-13,"$10,000,000",USD 73150220,8.6,58240
1449,Godzilla,09/01/1954,Ishiro Honda,toho,Japan,Cosmic Horror,160min,PG-13,6000000,,7.4,390558
4818,parasite,2019-02-15,Bong Joon-ho,CJ Entertainment,Korea,Folk Horror,1h 21m,G,"1,500,000",USD 469037,6.5,416479
5043,Talk to Me,09-04-2022,Danny Philippou,A24,Australia,Psychological,122,NC-17,$35000000,USD 386552466,7.5,286891
2028,Night of the Living Dead,15-09-1968,George Romero,Image Ten,United States,Zombie,108,G,"1,500,000","19,103,735",8.1,79285
2033,Night of the Living Dead,4/23/1968,,Image Ten,USA ,Zombie,108 min,,1500000,"19,103,735",8.1,172804
1643,Psycho,27-06-1960,Alfred Hitchcock,paramount,USA ,Supernatural,162,PG-13,$120000,USD 1526242,6.9,352391
1875,Onibaba,10-04-1964,Kaneto Shindo,Toho,Japan,Supernatural|Found Footage,90,PG,$35000000,"$254,458,145",6.4,42656
2161,The Exorcist,05/11/1973,William Friedkin,WARNER BROS.,USA,Haunted House|Vampire,105 min,PG,,$3109059,7.9,194598
1975,Kill Baby Kill,6/20/1966,Mario Bava,FUL Films,italy,Vampire,72min,,$6000000,$49406007,6.1,150877
3411,The Sixth Sense,1999-03-18,M. Night Shyamalan,Buena Vista,USA ,Comedy Horror,157min,G,,$3957945,5.3,200597
5262,The Fog,1980-04-06,John Carpenter,Avco Embassy,USA ,Vampire,102min,,,"3,085,118",4.7,189592
1901,Kwaidan,1964-09-23,Masaki Kobayashi,Toho Co.,JAPAN,Comedy Horror|Gothic,152min,PG-13,"$50,000",USD 403655,6.6,362236
2506,ALIEN,8/21/1979,Ridley Scott,20th Century Fox,England,Occult|Creature Feature,116min,G,10000000,"15,461,470",6.4,281925
3647,Dark Water,2002/07/07,Hideo Nakata,Toho Co.,Japan,Comedy Horror,157 min,R,750000,"$8,030,796",5.4,62904
1362,  The Thing from Another World ,02-10-1951,Christian Nyby,RKO Radio Pictures,U.S.A.,Giallo|Creature Feature,81,Unrated,,"36,116",8.5,367638
3977,REC,9/18/2007,Jaume Balaguero,Filmax,Spain,Zombie,144,PG,"$20,000,000","$126,904,732",7.4,142757
2433,house,7/7/1977,Nobuhiko Obayashi,Toho,Nippon,Creature Feature,2h 37m,Not Rated,"$120,000",,8.3,110730
2574,THE BROOD,03/11/1979,David Cronenberg,New World Pictures,CANADA,Body Horror|Gothic,87,G,"10,000,000","30,655,121",6.1,21938
3740,  High Tension ,2003/07/13,Alexandre Aja,EuropaCorp,France,Zombie|Kaiju,161 min,G,"$1,500,000",$12580491,4.6,261819
3402,The Sixth Sense,1999/08/05,M. Night Shyamalan,Buena Vista,us,Comedy Horror,157min,G,300000,$3957945,5.3,80402
1319,I Walked with a Zombie,10/26/1943,Jacques Tourneur,RKO Radio Pictures,USA ,Found Footage,144,R,"300,000",2896340,8.9,266428
4640,A Quiet Place,16-02-2018,John Krasinski,Paramount Pictures,USA ,Supernatural,100,Not Rated,$300000,"$3,147,005",8.7,139005
2492,Dawn of the Dead,3/12/1978,George Romero,United Film Distribution,U.S.A.,Werewolf,135 min,Unrated,"10,000,000",44664160,8.1,423533
3534,The Others,2001-07-07,Alejandro Amenabar,WARNER BROS.,Spain,Splatter,160,G,"$10,000,000","55,008,994",8.7,2172
1910,Kwaidan,05/20/1964,Masaki Kobayashi,TOHO,Japan,Comedy Horror|Gothic,152,,$50000,"$403,655",6.6,138124
2134,The Exorcist,1973/08/26,William Friedkin,WARNER BROS.,United States,Haunted House|Vampire,105min,PG,"$1,500,000","3,109,059",7.9,374734
3421,Battle Royale,02/02/2000,Kinji Fukasaku,Toei,JAPAN,Found Footage,105min,PG-13,USD 1500000,"$10,261,807",7.7,193363
3434,Battle Royale,04/28/2000,Kinji Fukasaku,Toei,Japan,Found Footage,105,PG-13,"$1,500,000","$10,261,807",7.7,233201
4228,Sinister,09/10/2012,,Blumhouse Productions,USA ,Found Footage|Zombie,78,PG-13,,"66,545,124",5.4,386596
4849,Saint Maud,07/27/2019,Rose Glass,A-24,U.K.,Folk Horror|Supernatural,101,NC-17,3000000,9179482,8.4,335147
4638,A Quiet Place,2018/12/20,John Krasinski,paramount,USA ,Supernatural,100min,Not Rated,300000,"3,147,005",8.7,121380
4724,Suspiria,2018-01-26,Luca Guadagnino,Amazon Studios,italy,Folk Horror|Splatter,154 min,PG,"$300,000",$3561660,8.6,99644
5330,Titane,2021-03-16,Julia Ducournau,neon,france,Werewolf,1h 38m,PG-13,"$20,000,000","$191,227,230",4.7,120781
4356,It Follows,08/04/2014,David Robert Mitchell,Radius-TWC,USA ,Found Footage,93min,Unrated,USD 1500000,"$15,379,273",8.1,278375
4106,Martyrs,11/13/2008,Pascal Laugier,Wild Bunch,france,Psychological,116,G,USD 20000000,"$87,265,784",5.1,385565
3871,Wolf Creek,20-09-2005,Greg McLean,Roadshow,Australia,Vampire,110min,G,$6000000,"$46,531,729",7.5,292583
1828,The Haunting,1963/10/17,Robert Wise,MGM,U.K.,Splatter,90 min,Unrated,"1,500,000",10197106,7.7,385290
3757,Shaun of the Dead,10/21/2004,Edgar Wright,universal,United Kingdom,Cosmic Horror,74,PG-13,"10,000,000",73150220,8.6,666
4087,Martyrs,10-10-2008,Pascal Laugier,Wild Bunch,France,Psychological,1h 56m,G,"$20,000,000",$87265784,5.1,479146
2041,Night of the Living Dead,1968/08/15,George Romero,Image Ten,United States,Zombie,108min,G,$1500000,,8.1,137377
4362,GOODNIGHT MOMMY,24-02-2014,Veronika Franz,Ulrich Seidl Film,Austria,Giallo,,G,,"$165,609",6.1,117587
4920,Malignant,2021-06-02,James Wan,Warner Bros.,USA,Zombie,138 min,PG-13,$50000,"$583,939",7.5,429965
2929,Videodrome,1983-10-22,David Cronenberg,UNIVERSAL,CANADA,Supernatural,1h 10m,NC-17,$35000000,,7.4,415570
1656,Black Sunday,1960-07-14,,Galatea Film,italy,Supernatural|Psychological,113min,NC-17,"$50,000","$426,793",6.5,319495
1596,House on Haunted Hill,14-05-1959,William Castle,Allied Artists,U.S.A.,Cosmic Horror,2h 12m,PG-13,$300000,"$4,138,573",6.0,454105
4602,It,2017-03-08,Andy Muschietti,warner bros.,United States,Zombie|Giallo,1h 29m,NC-17,"1,500,000",1773625,5.8,456151
2812,The Thing,11-08-1982,John Carpenter,Universal Pictures,USA ,Folk Horror|Psychological,79min,R,$3000000,"21,098,115",8.6,161090
1757,The Innocents,1961/06/10,Jack Clayton,20th Century Fox,UK,Splatter,122 min,NC-17,1500000,"19,063,753",7.0,362026
2324,Suspiria,1977-04-16,Dario Argento,Seda Spettacoli,ITALY,Occult,2h 25m,Unrated,USD 35000000,USD 113427337,8.9,204504
1208,Bride of Frankenstein,11-01-1935,James Whale,Universal  ,United States,Giallo,83,PG-13,"6,000,000","69,360,250",8.0,355560
1042,The Phantom of the Opera,06-07-1925,Rupert Julian,Universal  ,United States,Splatter|Haunted House,154 min,NC-17,$750000,4135308,6.1,87165
2450,Halloween,1978-10-08,,Compass International,USA ,Supernatural,164,,"$10,000,000",USD 129695880,6.8,460275
1258,The Wolf Man,1941/05/05,George Waggner,UNIVERSAL,U.S.A.,Psychological,2h 6m,Not Rated,"35,000,000","$341,406,775",5.4,448598
1467,GODZILLA,1/4/1954,Ishiro Honda,Toho Co.,Japan,Cosmic Horror,160,PG-13,"$6,000,000","$47,256,128",,357229
3034,Re-Animator,1/14/1985,Stuart Gordon,Empire Pictures,USA ,Body Horror,2h 20m,Unrated,"$120,000","$1,181,119",9.0,27767
3057,The Fly,6/1/1986,David Cronenberg,20th Century Fox,United States,Cosmic Horror,104,R,35000000,"$407,590,945",7.8,11418
5158,  The Substance ,2024/05/28,Coralie Fargeat,Mubi,france,Psychological,75,NC-17,"50,000","$101,442",8.3,104618
1590,House on Haunted Hill,02-12-1959,William Castle,Allied Artists,USA ,Cosmic Horror,2h 12m,PG-13,,"$4,138,573",6.0,292328
3981,REC,03-12-2007,,Filmax,Spain,Zombie,144,PG,,$126904732,7.4,184683
2244,Shivers,23-11-1975,David Cronenberg,Cinepix,CANADA,Cosmic Horror,2h 5m,PG,"$1,500,000",$18485513,8.0,82143
1357,The Thing from Another World,1951-08-19,Christian Nyby,RKO Radio Pictures,us,Giallo|Creature Feature,1h 21m,Unrated,USD 50000,"36,116",8.5,316231
4397,The Witch,2015/09/24,Robert Eggers,a24,USA,Haunted House|Body Horror,93,PG,$35000000,"$242,985,712",8.2,437368
1791,carnival of souls,04/12/1962,Herk Harvey,Herts-Lion International,USA ,Body Horror,1h 40m,PG,20000000,"22,553,699",8.7,256087
2653,Cannibal Holocaust,11-02-1980,Ruggero Deodato,United Artists Europa,Italy,Gothic,126,NC-17,USD 120000,$270483,6.4,135735
4186,The Cabin in the Woods,2011/11/05,Drew Goddard,Lionsgate,United States,Body Horror,107 min,Not Rated,"$35,000,000","16,820,487",7.4,122834
2017,Rosemary's Baby,01-11-1968,Roman Polanski,Paramount,USA,Giallo,137,PG,"$20,000,000","$7,001,250",6.7,198437
1677,Black Sunday,12/18/1960,Mario Bava,Galatea Film,italy,Supernatural|Psychological,113min,NC-17,"$50,000","$426,793",6.5,348096
1440,Creature from the Black Lagoon,12/24/1954,Jack Arnold,Universal  ,U.S.A.,Psychological|Cosmic Horror,80,PG,$10000000,"$131,198,528",,58855
2098,THE WICKER MAN,19-03-1973,Robin Hardy,British Lion Films,United Kingdom,Zombie,77,Unrated,"$6,000,000","$4,977,047",5.9,154133
3418,The Sixth Sense,12-04-1999,M. Night Shyamalan,Buena Vista,U.S.A.,Comedy Horror,157,G,$300000,USD 3957945,5.3,244009
4867,Saint Maud,04-08-2019,Rose Glass,A24,United Kingdom,Folk Horror|Supernatural,101,NC-17,"$3,000,000","9,179,482",8.4,256397
4109,Martyrs,2008-04-23,Pascal Laugier,Wild Bunch,France,Psychological,116 min,G,$20000000,"$87,265,784",5.1,429017
2392,rabid,12-06-1977,David Cronenberg,Cinepix,Canada,Splatter,81 min,G,"$1,500,000",USD 693556,7.4,24751
4259,The Conjuring,7/22/2013,James Wan,WARNER BROS.,USA ,Werewolf,1h 31m,Unrated,"$50,000",75128,9.0,68974
4068,Let the Right One In,05/20/2008,Tomas Alfredson,Sandrew Metronome,Sweden,Occult,162,Unrated,,"249,436",5.9,163986
4536,  Raw ,4/4/2016,Julia Ducournau,Wild Bunch,FRANCE,Folk Horror|Cosmic Horror,156,R,300000,,8.5,392235
1893,onibaba,02-04-1964,Kaneto Shindo,TOHO,Nippon,Supernatural|Found Footage,,PG,$35000000,"254,458,145",6.4,369991
2988,A Nightmare on Elm Street,1984-08-21,Wes Craven,New Line Cinema,us,Werewolf,1h 57m,Not Rated,"1,500,000","$10,311,433",5.9,297223
2777,Scanners,16-03-1981,David Cronenberg,Avco Embassy,canada,Found Footage,130,PG,,"$325,820,643",8.9,213356
5256,Scanners,14-02-1981,David Cronenberg,Avco Embassy,CANADA,Found Footage,130,PG,$35000000,"$325,820,643",,316225
1986,Kill Baby Kill,10/06/1966,Mario Bava,FUL Films,Italy,Vampire,72,Unrated,"$6,000,000","$49,406,007",6.1,75691
5232,Nosferatu,2024/10/22,Robert Eggers,Focus Features,us,Occult,135,Not Rated,"$10,000,000","$23,048,052",7.7,305944
3495,The Devil's Backbone,25-10-2001,Guillermo del Toro,Warner Sogefilms,Spain,Gothic,117 min,PG-13,750000,"$555,817",6.6,154589
2131,The Exorcist,08/11/1973,William Friedkin,Warner Bros.,us,Haunted House|Vampire,105 min,PG,"1,500,000","$3,109,059",7.9,401606
4665,A Quiet Place,2/7/2018,John Krasinski,Paramount Pictures,U.S.A.,Supernatural,100,Not Rated,"300,000","3,147,005",8.7,132047
1543,Horror of Dracula,22-05-1958,Terence Fisher,Hammer Films,UK,Found Footage,117,R,,"$99,981,464",8.6,322538
2508,  Alien ,7/25/1979,Ridley Scott,20th Century Fox,United Kingdom,Occult|Creature Feature,116,G,"$10,000,000",15461470,6.4,205270
3585,28 Days Later,07/15/2002,Danny Boyle,Fox Searchlight,United Kingdom,Folk Horror,147,,$6000000,25855318,8.7,116586
5061,  Skinamarink ,2022-07-19,Kyle Edward Ball,IFC Midnight,Canada,Splatter,2h 41m,G,"$1,500,000",,5.1,110319
4982,Barbarian,2022/09/05,Zach Cregger,20th Century Studios,us,Cosmic Horror|Giallo,118min,R,"$3,000,000","$12,536,957",7.6,27439
1408,House of Wax,09/24/1953,Andre de Toth,Warner Bros,USA,Kaiju|Gothic,72,,"$10,000,000",,8.2,260502
3514,The Others,06-03-2001,Alejandro Amenabar,WARNER BROS.,Spain,Splatter,160 min,G,10000000,55008994,8.7,461918
4970,Barbarian,2022/04/05,Zach Cregger,20th Century Studios,United States,Cosmic Horror|Giallo,1h 58m,R,3000000,USD 12536957,7.6,265608
1724,PEEPING TOM,08/14/1960,Michael Powell,Anglo-Amalgamated,England,Werewolf,96,,,"$16,521,182",8.0,436041
3896,Pan's Labyrinth,27-06-2006,Guillermo del Toro,Warner Bros. Pictures,Spain,Folk Horror,91,Unrated,$300000,"$806,854",4.6,382753
1759,The Innocents,6/5/1961,Jack Clayton,20th Century Fox,UK,Splatter,122,NC-17,,19063753,7.0,194147
1201,Bride of Frankenstein,1935/09/19,James Whale,Universal Pictures,us,Giallo,83,PG-13,"6,000,000","$69,360,250",8.0,376783
2986,A Nightmare on Elm Street,11/15/1984,Wes Craven,New Line,U.S.A.,Werewolf,,,"$1,500,000","$10,311,433",5.9,455683
3328,audition,1999/09/25,Takashi Miike,Omega Project,JAPAN,Psychological|Occult,160 min,Unrated,$6000000,"$33,618,699",8.3,436224
2894,The Beyond,08/22/1981,Lucio Fulci,Fulvia Film,italy,Gothic,160,Not Rated,,$32305279,7.1,6796
3920,The Host,13-10-2006,Bong Joon-ho,Showbox,South Korea,Slasher,83,NC-17,"$3,000,000","$33,187,930",9.0,252193
1808,The Birds,6/7/1963,Alfred Hitchcock,Universal,us,Slasher|Psychological,106,PG-13,$3000000,USD 34881029,5.2,230088
1669,Black Sunday,04-01-1960,Mario Bava,Galatea Film,ITALY,Supernatural|Psychological,113 min,NC-17,50000,USD 426793,6.5,309442
2323,Suspiria,06/01/1977,Dario Argento,Seda Spettacoli,ITALY,Occult,145,Unrated,"35,000,000","$113,427,337",8.9,41494
5286,Witchfinder General,09/04/1968,Michael Reeves,Tigon,U.K.,Giallo,153,Unrated,"$10,000,000",USD 136636027,8.5,421855
4749,  Us ,11/01/2019,Jordan Peele,Universal  ,United States,Psychological,131 min,PG,,USD 40925924,6.6,332829
2165,Don't Look Now,03/19/1973,Nicolas Roeg,Casey Productions,England,Zombie|Found Footage,121min,R,"3,000,000",,5.4,289312
2549,ZOMBIE FLESH EATERS,10/17/1979,Lucio Fulci,Variety Film,Italy,Vampire,142,PG,20000000,"$61,567,279",8.7,53856
2620,The Shining,1980-01-15,Stanley Kubrick,Warner Bros,us,Psychological|Supernatural,2h 31m,Not Rated,$750000,,6.8,135981
2367,Eraserhead,1977-01-01,,Libra Films,us,Zombie,149,PG-13,,39909840,8.3,83757
4205,The Cabin in the Woods,9/9/2011,Drew Goddard,Lionsgate,us,Body Horror,107,Not Rated,35000000,"16,820,487",7.4,41057
1172,The Invisible Man,1933/12/18,James Whale,Universal Pictures,USA ,Vampire,157min,,20000000,"$208,181,238",5.8,356649
3797,  Saw ,05/22/2004,James Wan,Lions Gate,USA,Occult,75,Not Rated,"$10,000,000","126,782,523",,188292
2591,The Shining,12/15/1980,Stanley Kubrick,WARNER BROS.,us,Psychological|Supernatural,,Not Rated,$750000,2789629,6.8,90126
2743,An American Werewolf in London,11/19/1981,John Landis,UNIVERSAL,United Kingdom,Cosmic Horror,89,Unrated,50000,USD 400014,8.8,267664
3992,The Orphanage,11/3/2007,J.A. Bayona,Warner Bros. Pictures,Spain,Creature Feature|Haunted House,145,R,"$20,000,000",220449652,5.4,69218
3925,The Host,28-10-2006,Bong Joon-ho,Showbox,S. Korea,Slasher,1h 23m,NC-17,"$3,000,000","33,187,930",9.0,92409
4395,The Witch,8/17/2015,Robert Eggers,A-24,us,Haunted House|Body Horror,93 min,,"$35,000,000","$242,985,712",8.2,119121
1390,House of Wax,03/17/1953,Andre de Toth,Warner Bros,USA,Kaiju|Gothic,72 min,,,90384239,8.2,391788
3452,Battle Royale,2000-08-25,Kinji Fukasaku,Toei,Nippon,Found Footage,105min,PG-13,1500000,"$10,261,807",7.7,459117
1176,The Invisible Man,11/23/1933,James Whale,Universal,USA,Vampire,157 min,Not Rated,20000000,208181238,5.8,239825
1231,The Wolf Man,28-02-1941,George Waggner,Universal,USA ,Psychological,126 min,Not Rated,$35000000,"341,406,775",5.4,33013
1762,The Innocents,5/14/1961,Jack Clayton,20th Century Fox,UK,Splatter,,NC-17,1500000,"19,063,753",7.0,475879
1961,Repulsion,7/5/1965,Roman Polanski,Compton Films,UK,Cosmic Horror|Supernatural,142 min,PG,"300,000",$4103145,7.3,179304
2951,Videodrome,1983/12/13,David Cronenberg,UNIVERSAL,canada,Supernatural,70,NC-17,35000000,"$391,950,781",7.4,262296
3674,Dark Water,2002-03-09,Hideo Nakata,TOHO,JAPAN,Comedy Horror,2h 37m,R,750000,,5.4,371639
4420,Green Room,2015/03/20,Jeremy Saulnier,a24,USA ,Body Horror,94 min,G,750000,9129839,9.0,309367
4646,A Quiet Place,2018/06/13,John Krasinski,Paramount Pictures,USA,Supernatural,100,Not Rated,300000,"$3,147,005",8.7,170001
5009,Pearl,2022/04/03,Ti West,A24,USA,Cosmic Horror,144,G,"3,000,000","36,671,785",7.5,268655
2217,Deep Red,14-08-1975,Dario Argento,Rizzoli Film,ITALY,Supernatural,1h 52m,Not Rated,$10000000,USD 14234893,8.9,205900
5326,AN AMERICAN WEREWOLF IN LONDON,01-07-1981,John Landis,Universal,UK,Cosmic Horror,1h 29m,Unrated,"$50,000",USD 400014,8.8,243577
2801,  Possession ,1981/06/02,Andrzej Zulawski,Gaumont,france,Vampire,162,R,USD 35000000,252848869,7.3,11766
3785,Saw,2004-02-23,James Wan,Lions Gate,us,Occult,75 min,Not Rated,"$10,000,000",USD 126782523,6.1,421720
1899,Kwaidan,10/10/1964,Masaki Kobayashi,TOHO,Nippon,Comedy Horror|Gothic,152,PG-13,"50,000",403655,6.6,251669
3326,Audition,4/24/1999,,Omega Project,Nippon,Psychological|Occult,160min,,"6,000,000",,8.3,224507
3053,The Fly,05/11/1986,David Cronenberg,20th Century Fox,USA,Cosmic Horror,1h 44m,R,35000000,"$407,590,945",7.8,470926
4175,Insidious,20-05-2010,James Wan,Blumhouse,USA ,Kaiju,122 min,Not Rated,"$300,000","636,169",5.8,416487
2948,Videodrome,8/22/1983,David Cronenberg,universal,CANADA,Supernatural,70 min,NC-17,"35,000,000",USD 391950781,7.4,3314
3097,  Hellraiser ,1987-12-07,Clive Barker,New World Pictures,United Kingdom,Slasher,1h 38m,G,"$50,000","$269,251",6.8,3860
3645,Ju-on The Grudge,2002/09/19,Takashi Shimizu,Toei,Nippon,Slasher,113 min,Unrated,"$120,000","547,265",5.4,271132
1303,I Walked with a Zombie,1943/03/28,Jacques Tourneur,RKO Radio Pictures,USA ,Found Footage,144,R,"$300,000",$2896340,8.9,182096
1299,I Walked with a Zombie,1943-12-24,Jacques Tourneur,RKO Radio Pictures,us,Found Footage,144 min,R,300000,"2,896,340",8.9,387504
3857,WOLF CREEK,2005-09-15,Greg McLean,Roadshow,Australia,Vampire,110,G,$6000000,"46,531,729",7.5,373698
1338,The Uninvited,03-06-1944,Lewis Allen,Paramount,United States,Found Footage,2h 5m,Unrated,,55760,8.7,372499
3794,Saw,13-04-2004,James Wan,Lions Gate,us,Occult,1h 15m,Not Rated,"$10,000,000","$126,782,523",6.1,429393
3149,Tetsuo the Iron Man,1989/07/15,Shinya Tsukamoto,Kaijyu Theater,Japan,Vampire,165,PG-13,20000000,USD 255667125,6.4,198198
2672,Cannibal Holocaust,7/4/1980,Ruggero Deodato,United Artists Europa,Italy,Gothic,126,NC-17,$120000,270483,6.4,245801
4700,Suspiria,09/12/2018,Luca Guadagnino,Amazon Studios,ITALY,Folk Horror|Splatter,2h 34m,PG,$300000,$3561660,8.6,140658
3726,High Tension,2/9/2003,Alexandre Aja,EuropaCorp,FRANCE,Zombie|Kaiju,161min,G,"$1,500,000",$12580491,4.6,123098
5206,Longlegs,2024/07/20,Osgood Perkins,Neon,USA ,Gothic,160 min,NC-17,"$10,000,000",,6.0,378559
2479,Dawn of the Dead,1978-02-25,George Romero,United Film Distribution,U.S.A.,Werewolf,135,Unrated,"$10,000,000","44,664,160",8.1,22146
5151,  Late Night with the Devil ,2023-08-08,Colin Cairnes,IFC Films,Australia,Psychological,70 min,,6000000,44680381,8.2,350187
1011,Nosferatu,2/3/1922,F.W. Murnau,Prana Film,Germany,Kaiju,1h 36m,Unrated,$35000000,"$186,704,614",5.9,40582
4266,The Conjuring,08/13/2013,James Wan,Warner Bros.,USA ,Werewolf,91min,,,75128,9.0,284233
2378,Eraserhead,9/8/1977,David Lynch,Libra Films,USA ,Zombie,149 min,PG-13,"3,000,000",39909840,8.3,331323
2877,The Beyond,1981/11/02,Lucio Fulci,Fulvia Film,ITALY,Gothic,160,Not Rated,,"$32,305,279",7.1,419042
1622,house on haunted hill,1959-03-23,William Castle,Allied Artists,United States,Cosmic Horror,2h 12m,,"$300,000","$4,138,573",6.0,418538
1276,Cat People,1942-10-18,,RKO Radio Pictures,United States,Werewolf|Creature Feature,74,Not Rated,"300,000","$927,054",6.8,401470
1822,The Haunting,11/17/1963,Robert Wise,MGM,United Kingdom,Splatter,90 min,Unrated,"$1,500,000",10197106,7.7,99616
1592,house on haunted hill,12-07-1959,William Castle,Allied Artists,United States,Cosmic Horror,132min,PG-13,"$300,000","$4,138,573",6.0,37728
1673,Black Sunday,1960/02/08,Mario Bava,Galatea Film,Italy,Supernatural|Psychological,113,NC-17,,,,286583
3143,Tetsuo the Iron Man,1989/04/06,Shinya Tsukamoto,Kaijyu Theater,Japan,Vampire,2h 45m,PG-13,USD 20000000,"255,667,125",6.4,76281
1391,House of Wax,01/17/1953,Andre de Toth,WARNER BROS.,USA ,Kaiju|Gothic,72min,G,"10,000,000",90384239,8.2,229135
1951,Repulsion,1965-05-10,Roman Polanski,Compton Films,United Kingdom,Cosmic Horror|Supernatural,142 min,PG,300000,"$4,103,145",7.3,423875
3043,Re-Animator,18-12-1985,Stuart Gordon,Empire Pictures,USA,Body Horror,140,Unrated,,"$1,181,119",9.0,467102
1837,The Haunting,11/19/1963,Robert Wise,MGM,UK,Splatter,90,Unrated,"1,500,000","10,197,106",7.7,346523
2209,The Texas Chain Saw Massacre,17-01-1974,Tobe Hooper,Bryanston Pictures,USA,Supernatural,101,PG-13,"3,000,000","$13,374,047",7.9,230661
5130,Late Night with the Devil,3/8/2023,Colin Cairnes,IFC Films,Australia,Psychological,70 min,NC-17,"$6,000,000",,8.2,188774
3354,Audition,1999/09/17,Takashi Miike,Omega Project,JAPAN,Psychological|Occult,160 min,Unrated,"$6,000,000",$33618699,8.3,68193
4182,Insidious,03/17/2010,James Wan,Blumhouse Productions,USA,Kaiju,2h 2m,Not Rated,,USD 636169,5.8,328172
3622,Ju-on The Grudge,7/3/2002,Takashi Shimizu,Toei,Nippon,Slasher,113min,Unrated,"$120,000","$547,265",5.4,184180
1873,Blood and Black Lace,1964-05-22,Mario Bava,Emmepi Cinematografica,Italy,Gothic|Giallo,143min,NC-17,,"$215,381",8.4,274793
2068,Witchfinder General,09/19/1968,Michael Reeves,Tigon,U.K.,Giallo,153,Unrated,10000000,"$136,636,027",8.5,446314
2203,The Texas Chain Saw Massacre,1974/05/24,Tobe Hooper,Bryanston Pictures,USA,Supernatural,101,PG-13,"$3,000,000",$13374047,7.9,260468
3264,Cronos,1993-08-24,Guillermo del Toro,October Films,Mexico,Werewolf|Body Horror,71min,R,USD 120000,200544,5.0,357424
3068,The Fly,07/04/1986,David Cronenberg,20th Century Fox,USA ,Cosmic Horror,104,R,USD 35000000,407590945,7.8,198065
2418,House,06/02/1977,Nobuhiko Obayashi,TOHO,JAPAN,Creature Feature,157min,,"120,000","$385,505",8.3,208430
4415,The Witch,2015-09-03,Robert Eggers,A-24,USA ,Haunted House|Body Horror,93min,PG,"$35,000,000",USD 242985712,8.2,137563
2843,  Poltergeist ,7/1/1982,Tobe Hooper,MGM,United States,Cosmic Horror|Gothic,151 min,PG,$10000000,77775922,9.0,363579
1979,Kill Baby Kill,05-03-1966,Mario Bava,FUL Films,ITALY,Vampire,72 min,Unrated,,"49,406,007",6.1,146691
4545,The Autopsy of Jane Doe,09-08-2016,Andre Ovredal,IFC Midnight,England,Psychological|Giallo,102,R,$120000,"757,476",,208758
3939,inside,2007-08-16,Alexandre Bustillo,La Fabrique de Films,FRANCE,Gothic,100,Unrated,35000000,$435166860,8.3,402486
2097,  The Wicker Man ,18-02-1973,Robin Hardy,British Lion Films,UK,Zombie,1h 17m,Unrated,"6,000,000",USD 4977047,5.9,162443
2393,Rabid,09-03-1977,David Cronenberg,Cinepix,Canada,Splatter,81,G,"$1,500,000","$693,556",7.4,285775
4497,Train to Busan,2016-10-17,Yeon Sang-ho,Next Entertainment World,South Korea,Giallo,165min,Unrated,1500000,USD 18027397,6.7,63423
1044,The Phantom of the Opera,04/26/1925,Rupert Julian,Universal  ,USA ,Splatter|Haunted House,154,NC-17,"$750,000",USD 4135308,6.1,103886
4201,The Cabin in the Woods,2011-07-25,Drew Goddard,Lionsgate,USA ,Body Horror,1h 47m,Not Rated,35000000,16820487,,328559
2029,Night of the Living Dead,1968/06/07,George Romero,Image Ten,U.S.A.,Zombie,108,G,"1,500,000","19,103,735",8.1,229352
2572,The Brood,1979-04-22,David Cronenberg,New World Pictures,canada,Body Horror|Gothic,87 min,G,"$10,000,000","$30,655,121",6.1,183838
5005,pearl,1/1/2022,Ti West,A-24,us,Cosmic Horror,144 min,G,USD 3000000,,7.5,27701
4804,The Lighthouse,9/13/2019,Robert Eggers,A-24,United States,Haunted House,2h 6m,Unrated,300000,"2,231,378",8.3,451088
1928,Repulsion,1965/05/17,Roman Polanski,Compton Films,England,Cosmic Horror|Supernatural,142,PG,"300,000","$4,103,145",7.3,142792
3987,The Orphanage,2007/02/28,J.A. Bayona,Warner Bros. Pictures,Spain,Creature Feature|Haunted House,145,R,20000000,220449652,5.4,355055
5075,Skinamarink,4/3/2022,Kyle Edward Ball,IFC Midnight,CANADA,Splatter,2h 41m,G,"$1,500,000",,5.1,222239
1410,Creature from the Black Lagoon,20-03-1954,Jack Arnold,Universal Pictures,United States,Psychological|Cosmic Horror,,PG,10000000,"131,198,528",4.7,346494
3377,The Blair Witch Project,1999-06-18,Daniel Myrick,Artisan Entertainment,United States,Splatter,118,Unrated,"$300,000",,9.0,60907
1891,ONIBABA,11-02-1964,Kaneto Shindo,TOHO,JAPAN,Supernatural|Found Footage,90,PG,35000000,"$254,458,145",6.4,269392
3102,Hellraiser,1987/03/14,Clive Barker,New World Pictures,England,Slasher,98min,G,,"269,251",6.8,126076
2194,The Texas Chain Saw Massacre,16-05-1974,Tobe Hooper,Bryanston Pictures,us,Supernatural,1h 41m,PG-13,"3,000,000","13,374,047",7.9,136475
4447,Green Room,09/18/2015,Jeremy Saulnier,a24,USA ,Body Horror,94min,G,"750,000",$9129839,9.0,372545
1251,The Wolf Man,26-02-1941,George Waggner,UNIVERSAL,USA ,Psychological,126,,"$35,000,000",341406775,5.4,4553
1670,Black Sunday,1960/06/01,Mario Bava,Galatea Film,italy,Supernatural|Psychological,113,NC-17,USD 50000,$426793,6.5,473989
2687,The Evil Dead,1981-08-06,Sam Raimi,new line cinema,USA,Supernatural,114 min,,50000,"547,550",8.1,204858
3733,High Tension,3/21/2003,Alexandre Aja,EuropaCorp,France,Zombie|Kaiju,2h 41m,G,$1500000,12580491,4.6,73716
5000,  Pearl ,3/19/2022,Ti West,A24,U.S.A.,Cosmic Horror,144min,G,"$3,000,000","36,671,785",7.5,400358
2977,A Nightmare on Elm Street,1984/04/17,Wes Craven,New Line Cinema,USA,Werewolf,117,Not Rated,"1,500,000",10311433,5.9,201187
1561,The Blob,05/01/1958,Irvin Yeaworth,paramount,USA ,Supernatural,1h 38m,NC-17,1500000,20452945,6.0,428288
2780,Scanners,10/28/1981,David Cronenberg,Avco Embassy,Canada,Found Footage,130,PG,$35000000,"$325,820,643",8.9,251454
4913,Titane,8/13/2021,Julia Ducournau,NEON,france,Werewolf,98,PG-13,"20,000,000","191,227,230",,240575
2476,Dawn of the Dead,1978/01/08,George Romero,United Film Distribution,USA ,Werewolf,135min,Unrated,,44664160,8.1,157927
3690,A Tale of Two Sisters,2003-03-17,Kim Jee-woon,Cineclick Asia,South Korea,Folk Horror,,PG,$3000000,USD 26985529,9.2,397859
1996,Kill Baby Kill,9/5/1966,Mario Bava,FUL Films,Italy,Vampire,,,$6000000,"$49,406,007",6.1,346347
3701,A Tale of Two Sisters,08/01/2003,Kim Jee-woon,Cineclick Asia,South Korea,Folk Horror,97,PG,"$3,000,000",26985529,9.2,234510
3028,RE-ANIMATOR,9/28/1985,Stuart Gordon,Empire Pictures,USA ,Body Horror,2h 20m,Unrated,$120000,"$1,181,119",9.0,426685
3808,Saw,20-01-2004,James Wan,Lions Gate,us,Occult,75,Not Rated,$10000000,"126,782,523",6.1,276922
3835,The Descent,2005-11-10,Neil Marshall,Pathe,U.K.,Splatter,73,PG,"1,500,000",USD 18020687,6.5,63998
5174,The Substance,21-12-2024,Coralie Fargeat,Mubi,France,Psychological,75,NC-17,50000,"101,442",8.3,337843
4054,Let the Right One In,2008-08-01,Tomas Alfredson,Sandrew Metronome,Sweden,Occult,2h 42m,Unrated,"$50,000","$249,436",5.9,89217
4883,Possessor,04/16/2020,Brandon Cronenberg,Neon,Canada,Occult,,G,$300000,667524,8.1,120923
2388,Rabid,1977-03-03,David Cronenberg,Cinepix,Canada,Splatter,81,G,USD 1500000,"$693,556",7.4,341927
3335,Audition,1999-02-24,Takashi Miike,Omega Project,JAPAN,Psychological|Occult,160 min,Unrated,"6,000,000","$33,618,699",8.3,329139
1284,Cat People,4/6/1942,Jacques Tourneur,RKO Radio Pictures,USA ,Werewolf|Creature Feature,74,Not Rated,"$300,000",927054,6.8,442885
3128,Evil Dead II,05/16/1987,Sam Raimi,De Laurentiis,U.S.A.,Comedy Horror,139min,R,,"148,908,651",5.8,134156
4156,Trick 'r Treat,06/13/2007,Michael Dougherty,warner bros.,United States,Slasher,2h 41m,R,20000000,"$87,142,789",5.1,61860
2900,  City of the Living Dead ,9/2/1980,Lucio Fulci,Dania Film,Italy,Psychological,102 min,G,"$3,000,000",,8.8,252028
1613,HOUSE ON HAUNTED HILL,1/5/1959,William Castle,Allied Artists,U.S.A.,Cosmic Horror,2h 12m,PG-13,"300,000",,6.0,107561
4392,The Witch,2015/01/10,Robert Eggers,A24,United States,Haunted House|Body Horror,93 min,PG,35000000,,8.2,254603
3935,Inside,2007/08/26,Alexandre Bustillo,La Fabrique de Films,france,Gothic,100,Unrated,"35,000,000","$435,166,860",8.3,164270
5245,Get Out,6/22/2017,Jordan Peele,Blumhouse,United States,Comedy Horror,111min,Unrated,120000,1256432,7.9,371173
1860,BLOOD AND BLACK LACE,09/19/1964,Mario Bava,Emmepi Cinematografica,italy,Gothic|Giallo,2h 23m,NC-17,120000,"215,381",8.4,203580
1631,Psycho,2/16/1960,Alfred Hitchcock,Paramount,USA,Supernatural,162,PG-13,USD 120000,1526242,6.9,172536
2022,Rosemary's Baby,1968-09-22,Roman Polanski,paramount,USA,Giallo,137 min,,,USD 7001250,6.7,381711
4113,Martyrs,1/24/2008,Pascal Laugier,Wild Bunch,France,Psychological,116,G,"$20,000,000",,5.1,403692
4369,Goodnight Mommy,6/13/2014,,Ulrich Seidl Film,Austria,Giallo,75,G,"$300,000",$165609,6.1,124497
2870,Poltergeist,15-02-1982,Tobe Hooper,MGM,us,Cosmic Horror|Gothic,151,PG,"$10,000,000","$77,775,922",9.0,383264
4872,Possessor,13-09-2020,Brandon Cronenberg,Neon,canada,Occult,138min,G,"$300,000",,8.1,229973
3012,Phenomena,1985/12/25,Dario Argento,DACFILM Rome,Italy,Comedy Horror,2h 10m,PG-13,USD 6000000,"9,032,401",9.1,164159
4015,The Orphanage,19-05-2007,J.A. Bayona,Warner Bros. Pictures,Spain,Creature Feature|Haunted House,2h 25m,R,"$20,000,000","$220,449,652",5.4,278656
5226,NOSFERATU,5/11/2024,Robert Eggers,Focus Features,USA,Occult,135,Not Rated,USD 10000000,"$23,048,052",7.7,457508
2803,  Possession ,14-09-1981,Andrzej Zulawski,Gaumont,FRANCE,Vampire,,R,,252848869,7.3,270770
4983,  Barbarian ,2022-10-23,Zach Cregger,20th Century Studios,U.S.A.,Cosmic Horror|Giallo,1h 58m,R,"3,000,000",$12536957,7.6,1037
2454,Halloween,1978-08-27,John Carpenter,Compass International,United States,Supernatural,2h 44m,PG-13,"$10,000,000",129695880,6.8,471966
3643,Ju-on The Grudge,5/2/2002,Takashi Shimizu,Toei,Nippon,Slasher,113,Unrated,"120,000",,5.4,451946
2157,THE EXORCIST,2/5/1973,William Friedkin,warner bros.,United States,Haunted House|Vampire,105min,PG,,"$3,109,059",7.9,39103
1464,Godzilla,07/02/1954,Ishiro Honda,toho,Nippon,Cosmic Horror,160min,PG-13,"$6,000,000",,7.4,152372
1623,Psycho,1960/11/24,Alfred Hitchcock,Paramount Pictures,us,Supernatural,162,PG-13,120000,USD 1526242,6.9,41555
5097,Infinity Pool,10/20/2023,Brandon Cronenberg,neon,canada,Cosmic Horror,118,PG-13,"$35,000,000",98151327,6.4,376757
4408,the witch,2015/08/18,Robert Eggers,A-24,USA,Haunted House|Body Horror,93 min,PG,USD 35000000,"$242,985,712",8.2,56452
3839,Wolf Creek,02-08-2005,Greg McLean,Roadshow,Australia,Vampire,110min,G,"$6,000,000",$46531729,7.5,106436
3541,The Others,03-01-2001,Alejandro Amenabar,warner bros.,Spain,Splatter,160,G,"10,000,000","$55,008,994",8.7,272197
3226,Candyman,1992-07-08,Bernard Rose,TriStar Pictures,USA ,Comedy Horror|Zombie,78min,PG-13,USD 50000,USD 197869,6.1,426580
4412,The Witch,19-08-2015,Robert Eggers,A24,United States,Haunted House|Body Horror,93,PG,"$35,000,000",242985712,8.2,41257
1039,The Phantom of the Opera,11/25/1925,Rupert Julian,universal,USA,Splatter|Haunted House,154 min,NC-17,USD 750000,,6.1,338141
1853,Blood and Black Lace,12/24/1964,Mario Bava,Emmepi Cinematografica,italy,Gothic|Giallo,143min,NC-17,,215381,8.4,53537
1275,Cat People,10/2/1942,Jacques Tourneur,RKO Radio Pictures,us,Werewolf|Creature Feature,74,Not Rated,"$300,000",,6.8,218666
2953,Videodrome,1/21/1983,David Cronenberg,Universal,Canada,Supernatural,1h 10m,NC-17,"35,000,000",,7.4,84081
5352,The Thing from Another World,1951/02/04,Christian Nyby,RKO Radio Pictures,U.S.A.,Giallo|Creature Feature,81min,Unrated,50000,"$36,116",8.5,203654
1346,The Uninvited,1944/01/18,Lewis Allen,paramount,USA,Found Footage,125min,Unrated,50000,55760,,386567
5305,Scanners,1981/07/15,David Cronenberg,Avco Embassy,CANADA,Found Footage,130,PG,$35000000,"325,820,643",8.9,128993
3065,The Fly,09-10-1986,David Cronenberg,20th Century Fox,us,Cosmic Horror,104 min,R,"$35,000,000","$407,590,945",7.8,141069
2902,  City of the Living Dead ,7/23/1980,Lucio Fulci,Dania Film,Italy,Psychological,102 min,G,$3000000,"$6,159,368",8.8,355176
4446,Green Room,2015/12/26,Jeremy Saulnier,a24,United States,Body Horror,94,G,,"9,129,839",9.0,383975
5068,Skinamarink,08/19/2022,Kyle Edward Ball,IFC Midnight,canada,Splatter,2h 41m,G,"$1,500,000",,5.1,361991
1012,NOSFERATU,1922/06/24,F.W. Murnau,Prana Film,Germany,Kaiju,,Unrated,USD 35000000,USD 186704614,5.9,21366
1448,Godzilla,22-08-1954,Ishiro Honda,Toho,Japan,Cosmic Horror,160min,PG-13,"$6,000,000",,7.4,469913
1347,The Uninvited,16-06-1944,Lewis Allen,Paramount Pictures,USA ,Found Footage,125,Unrated,$50000,,8.7,402933
4470,The Wailing,1/3/2016,Na Hong-jin,20th Century Fox Korea,Korea,Found Footage,150 min,Not Rated,"750,000","6,632,236",7.6,459175
2511,Alien,06/01/1979,Ridley Scott,20th Century Fox,U.K.,Occult|Creature Feature,116min,G,10000000,$15461470,6.4,87286
2529,Alien,1979/07/25,Ridley Scott,20th Century Fox,U.K.,Occult|Creature Feature,116,G,10000000,"$15,461,470",6.4,200345
2045,Night of the Living Dead,03/15/1968,George Romero,Image Ten,United States,Zombie,108,G,,$19103735,8.1,319698
3493,The Devil's Backbone,02/07/2001,Guillermo del Toro,Warner Sogefilms,Spain,Gothic,117min,PG-13,"$750,000","$555,817",6.6,191073
5243,Frankenstein,02/17/1931,James Whale,Universal,USA,Supernatural|Slasher,117 min,NC-17,"$750,000",$1599134,6.4,220864
1681,Eyes Without a Face,1960-02-15,Georges Franju,Champs-Elysees,FRANCE,Giallo,120,Unrated,"$20,000,000",158166156,8.5,132821
1102,Frankenstein,04/13/1931,James Whale,Universal  ,USA,Supernatural|Slasher,117,NC-17,"$750,000",1599134,6.4,325245
2853,Poltergeist,3/27/1982,Tobe Hooper,MGM,U.S.A.,Cosmic Horror|Gothic,151 min,PG,$10000000,,9.0,161656
2578,The Brood,06/07/1979,David Cronenberg,New World Pictures,CANADA,Body Horror|Gothic,87 min,G,"10,000,000","$30,655,121",6.1,429773
2073,Witchfinder General,1968-03-17,Michael Reeves,Tigon,U.K.,Giallo,153,Unrated,,USD 136636027,8.5,156751
3045,Re-Animator,16-02-1985,Stuart Gordon,Empire Pictures,USA ,Body Horror,140 min,Unrated,$120000,"$1,181,119",9.0,62369
4711,Suspiria,9/10/2018,Luca Guadagnino,Amazon Studios,italy,Folk Horror|Splatter,,PG,"$300,000",,8.6,268866
3256,Cronos,04/10/1993,Guillermo del Toro,October Films,Mexico,Werewolf|Body Horror,71 min,R,"120,000","$200,544",5.0,317194
2058,Witchfinder General,01/10/1968,Michael Reeves,Tigon,U.K.,Giallo,2h 33m,,USD 10000000,"136,636,027",8.5,240171
1585,The Blob,1958/07/19,Irvin Yeaworth,Paramount Pictures,United States,Supernatural,98 min,NC-17,USD 1500000,USD 20452945,6.0,370898
4549,The Autopsy of Jane Doe,2016/09/27,Andre Ovredal,IFC Midnight,United Kingdom,Psychological|Giallo,102,R,$120000,757476,8.7,341630
3300,Ringu,02/17/1998,Hideo Nakata,toho,JAPAN,Psychological,71 min,PG,20000000,8179313,4.9,462711
3684,A Tale of Two Sisters,12/2/2003,Kim Jee-woon,Cineclick Asia,S. Korea,Folk Horror,97,PG,"3,000,000","26,985,529",9.2,280180
2445,halloween,01-08-1978,John Carpenter,Compass International,us,Supernatural,2h 44m,PG-13,"$10,000,000",USD 129695880,6.8,107815
4009,The Orphanage,2007/08/09,J.A. Bayona,Warner Bros. Pictures,Spain,Creature Feature|Haunted House,2h 25m,R,"$20,000,000",$220449652,5.4,395284
3655,Dark Water,11/19/2002,Hideo Nakata,TOHO,Nippon,Comedy Horror,157min,R,750000,USD 8030796,5.4,99725
2601,The Shining,28-04-1980,Stanley Kubrick,warner bros.,us,Psychological|Supernatural,151,Not Rated,"750,000",2789629,6.8,456316
4119,Trick 'r Treat,10/4/2007,,Warner Bros,United States,Slasher,161,R,"20,000,000","$87,142,789",5.1,215119
1396,House of Wax,6/6/1953,Andre de Toth,Warner Bros,U.S.A.,Kaiju|Gothic,72min,G,"$10,000,000",90384239,8.2,226260
2108,The Wicker Man,1973/02/18,Robin Hardy,British Lion Films,United Kingdom,Zombie,77min,Unrated,USD 6000000,,5.9,23631
1625,Psycho,1960-03-03,Alfred Hitchcock,Paramount Pictures,United States,Supernatural,,PG-13,"$120,000","1,526,242",6.9,130766
5126,When Evil Lurks,10/01/2023,,Shudder,Argentina,Body Horror,146min,PG-13,750000,"$9,856,995",8.7,176482
4456,The Wailing,13-07-2016,Na Hong-jin,20th Century Fox Korea,S. Korea,Found Footage,150,Not Rated,USD 750000,"$6,632,236",7.6,308013
4806,The Lighthouse,28-07-2019,Robert Eggers,A24,United States,Haunted House,126,Unrated,"300,000","$2,231,378",8.3,242778
2397,Rabid,1977-04-18,David Cronenberg,Cinepix,CANADA,Splatter,81 min,G,"1,500,000","$693,556",7.4,8871
2899,city of the living dead,11/03/1980,Lucio Fulci,Dania Film,Italy,Psychological,1h 42m,G,USD 3000000,6159368,8.8,271963
2776,Scanners,01-10-1981,David Cronenberg,Avco Embassy,Canada,Found Footage,2h 10m,PG,$35000000,325820643,8.9,282879
2738,An American Werewolf in London,1981-09-03,John Landis,universal,UK,Cosmic Horror,89 min,Unrated,50000,,8.8,470661
3450,Battle Royale,06/25/2000,,Toei,JAPAN,Found Footage,105 min,PG-13,$1500000,"$10,261,807",7.7,268332
4004,The Orphanage,2007-12-02,J.A. Bayona,Warner Bros. Pictures,Spain,Creature Feature|Haunted House,145 min,R,"$20,000,000",,5.4,306226
1475,INVASION OF THE BODY SNATCHERS,11/23/1956,Don Siegel,Allied Artists,USA ,Gothic,123,R,"$1,500,000",$13594388,,355323
3373,The Blair Witch Project,05/04/1999,Daniel Myrick,Artisan Entertainment,USA ,Splatter,118 min,Unrated,"$300,000",$2812847,9.0,350803
5314,The Babadook,04-01-2014,Jennifer Kent,Causeway Films,Australia,Found Footage|Zombie,86,Unrated,6000000,49894496,7.0,84254
2517,Alien,12/08/1979,Ridley Scott,20th Century Fox,U.K.,Occult|Creature Feature,116min,G,"$10,000,000","$15,461,470",6.4,354753
1027,NOSFERATU,03/24/1922,F.W. Murnau,Prana Film,Germany,Kaiju,96min,Unrated,"35,000,000",,5.9,438520
1135,Freaks,03/26/1932,Tod Browning,MGM,U.S.A.,Cosmic Horror,1h 12m,Unrated,,"$5,451,081",4.6,381313
5278,The Sixth Sense,1999/03/12,M. Night Shyamalan,Buena Vista,us,Comedy Horror,157,,USD 300000,3957945,5.3,335516
1124,Freaks,11/11/1932,Tod Browning,MGM,U.S.A.,Cosmic Horror,72,Unrated,USD 6000000,"$5,451,081",4.6,248983
2690,The Evil Dead,2/6/1981,Sam Raimi,New Line Cinema,USA,Supernatural,114,NC-17,50000,USD 547550,8.1,194195
4494,Train to Busan,10/08/2016,Yeon Sang-ho,Next Entertainment World,S. Korea,Giallo,165,Unrated,1500000,,6.7,204946
5051,Skinamarink,08/26/2022,,IFC Midnight,canada,Splatter,161,G,,$11408908,5.1,99130
4736,Us,12/03/2019,Jordan Peele,universal,USA,Psychological,131 min,PG,"10,000,000","$40,925,924",6.6,174476
4305,The Babadook,01/03/2014,Jennifer Kent,Causeway Films,Australia,Found Footage|Zombie,86,Unrated,6000000,"$49,894,496",7.0,216171
3079,Hellraiser,11/21/1987,Clive Barker,New World Pictures,United Kingdom,Slasher,98min,,50000,"269,251",6.8,340622
3532,the others,5/12/2001,Alejandro Amenabar,Warner Bros,Spain,Splatter,160,G,"$10,000,000","55,008,994",8.7,192688
1057,Dracula,1931-07-23,Tod Browning,universal,us,Found Footage,84,,"$300,000","$471,267",5.6,46423
1110,Frankenstein,12/24/1931,James Whale,Universal Pictures,U.S.A.,Supernatural|Slasher,117 min,NC-17,750000,"1,599,134",6.4,229147
1655,Black Sunday,1960-07-20,Mario Bava,Galatea Film,ITALY,Supernatural|Psychological,113,NC-17,50000,426793,6.5,399020
1905,kwaidan,1964-05-06,Masaki Kobayashi,Toho,Nippon,Comedy Horror|Gothic,152 min,PG-13,"50,000","$403,655",6.6,165947
2533,zombie flesh eaters,06/04/1979,Lucio Fulci,Variety Film,Italy,Vampire,142 min,PG,"$20,000,000",USD 61567279,8.7,14782
3254,Cronos,1993-03-12,Guillermo del Toro,October Films,Mexico,Werewolf|Body Horror,1h 11m,,USD 120000,$200544,5.0,103852
1666,Black Sunday,8/18/1960,Mario Bava,Galatea Film,ITALY,Supernatural|Psychological,113,NC-17,"50,000",USD 426793,6.5,76226
2915,city of the living dead,3/18/1980,Lucio Fulci,Dania Film,italy,Psychological,102min,G,3000000,"$6,159,368",8.8,267369
3662,dark water,07/07/2002,Hideo Nakata,toho,JAPAN,Comedy Horror,157 min,R,"750,000",USD 8030796,,399835
4247,The Conjuring,2013-05-02,James Wan,Warner Bros.,U.S.A.,Werewolf,1h 31m,Unrated,50000,75128,9.0,184929
3435,Battle Royale,2000/02/03,Kinji Fukasaku,Toei,Japan,Found Footage,105,PG-13,"$1,500,000","$10,261,807",7.7,29556
4687,Hereditary,02/17/2018,Ari Aster,a24,United States,Zombie,1h 58m,NC-17,$300000,"3,726,295",,456062
1259,The Wolf Man,1941-12-28,George Waggner,Universal  ,U.S.A.,Psychological,126,Not Rated,"$35,000,000",341406775,5.4,413642
4681,Hereditary,2018/12/08,Ari Aster,A-24,United States,Zombie,118min,NC-17,"300,000",,7.1,237317
2434,House,6/19/1977,Nobuhiko Obayashi,TOHO,Nippon,Creature Feature,2h 37m,Not Rated,"$120,000","385,505",,328943
4866,SAINT MAUD,3/3/2019,Rose Glass,a24,U.K.,Folk Horror|Supernatural,1h 41m,NC-17,"3,000,000","9,179,482",8.4,90272
4933,Malignant,2021-04-25,James Wan,Warner Bros.,U.S.A.,Zombie,138,PG-13,"$50,000","$583,939",7.5,184048
1546,Horror of Dracula,6/8/1958,Terence Fisher,Hammer,U.K.,Found Footage,117 min,R,10000000,99981464,8.6,223894
3874,Wolf Creek,2005-11-26,Greg McLean,Roadshow,Australia,Vampire,110,,"$6,000,000","$46,531,729",7.5,237609
5039,Talk to Me,12/4/2022,Danny Philippou,A24,Australia,Psychological,122,NC-17,35000000,$386552466,7.5,173125
2272,Carrie,18-11-1976,Brian De Palma,United Artists,United States,Body Horror,135 min,PG,50000,"$417,751",8.5,288748
4577,Get Out,2017-01-08,Jordan Peele,Blumhouse Productions,United States,Comedy Horror,111 min,Unrated,120000,"$1,256,432",7.9,310606
4141,Trick 'r Treat,11/05/2007,Michael Dougherty,warner bros.,U.S.A.,Slasher,161,R,USD 20000000,$87142789,5.1,479009
2291,Carrie,02-09-1976,Brian De Palma,United Artists,USA ,Body Horror,135,PG,"$50,000",,8.5,358379
3076,Hellraiser,07-04-1987,Clive Barker,New World Pictures,U.K.,Slasher,98,G,,"$269,251",6.8,200247
2055,night of the living dead,01-10-1968,George Romero,Image Ten,us,Zombie,1h 48m,G,"$1,500,000",,8.1,348265
2416,House,11/11/1977,Nobuhiko Obayashi,Toho,Nippon,Creature Feature,157 min,Not Rated,"$120,000","385,505",8.3,86968
2733,An American Werewolf in London,07/09/1981,John Landis,UNIVERSAL,UK,Cosmic Horror,89,Unrated,"50,000",USD 400014,8.8,416472
2779,Scanners,18-07-1981,David Cronenberg,Avco Embassy,CANADA,Found Footage,130 min,PG,USD 35000000,"325,820,643",,137132
3369,The Blair Witch Project,1999-05-03,Daniel Myrick,Artisan Entertainment,United States,Splatter,118 min,Unrated,"300,000","$2,812,847",9.0,416330
4357,It Follows,12/13/2014,David Robert Mitchell,Radius-TWC,U.S.A.,Found Footage,93,Unrated,"$1,500,000","$15,379,273",8.1,321669
4424,Green Room,07-02-2015,Jeremy Saulnier,A-24,United States,Body Horror,1h 34m,G,"750,000",USD 9129839,9.0,74381
2564,The Brood,3/11/1979,David Cronenberg,New World Pictures,canada,Body Horror|Gothic,87min,G,"$10,000,000",,6.1,301487
4147,Trick 'r Treat,03-06-2007,Michael Dougherty,Warner Bros,us,Slasher,161 min,R,"$20,000,000","$87,142,789",5.1,438617
4128,trick 'r treat,3/8/2007,Michael Dougherty,WARNER BROS.,U.S.A.,Slasher,161min,R,$20000000,"$87,142,789",5.1,454245
2941,Videodrome,7/22/1983,David Cronenberg,Universal  ,CANADA,Supernatural,70,NC-17,"$35,000,000","391,950,781",7.4,219837
3489,Session 9,07-07-2001,Brad Anderson,USA Films,USA,Comedy Horror,71 min,Not Rated,$3000000,"$41,390,468",6.7,248518
1459,Godzilla,1954-05-25,Ishiro Honda,Toho Co.,Japan,Cosmic Horror,160 min,PG-13,"6,000,000","$47,256,128",7.4,323630
4952,X,10/10/2022,Ti West,A24,U.S.A.,Splatter,126,NC-17,$20000000,253893251,7.9,181371
1465,Godzilla,08-12-1954,Ishiro Honda,toho,Japan,Cosmic Horror,160min,PG-13,,"47,256,128",7.4,472290
5363,Shivers,1975-07-03,David Cronenberg,Cinepix,CANADA,Cosmic Horror,2h 5m,,"$1,500,000","$18,485,513",8.0,306309
4482,Train to Busan,2016-08-11,Yeon Sang-ho,Next Entertainment World,South Korea,Giallo,165,Unrated,"$1,500,000","$18,027,397",6.7,469422
4515,Raw,2016-03-25,Julia Ducournau,Wild Bunch,france,Folk Horror|Cosmic Horror,,R,300000,"$2,396,256",8.5,232140
1016,NOSFERATU,13-05-1922,F.W. Murnau,Prana Film,Germany,Kaiju,96min,Unrated,35000000,$186704614,5.9,344245
4325,the babadook,6/5/2014,Jennifer Kent,Causeway Films,Australia,Found Footage|Zombie,86,Unrated,"6,000,000","49,894,496",7.0,443099
1704,Eyes Without a Face,2/7/1960,Georges Franju,Champs-Elysees,france,Giallo,120,Unrated,"$20,000,000","$158,166,156",8.5,402070
3562,Pulse,2001/01/21,Kiyoshi Kurosawa,TOHO,Nippon,Creature Feature|Body Horror,99,NC-17,"300,000","190,306",5.2,55194
2910,City of the Living Dead,1980-07-02,Lucio Fulci,Dania Film,italy,Psychological,102,G,USD 3000000,"$6,159,368",8.8,225229
2554,Zombie Flesh Eaters,07/24/1979,Lucio Fulci,Variety Film,ITALY,Vampire,142,PG,$20000000,$61567279,8.7,20550
3749,High Tension,2003-07-20,Alexandre Aja,EuropaCorp,France,Zombie|Kaiju,161 min,,,"$12,580,491",4.6,203632
1948,repulsion,02-12-1965,Roman Polanski,Compton Films,U.K.,Cosmic Horror|Supernatural,142 min,PG,$300000,4103145,7.3,216249
4454,THE WAILING,2016/01/12,Na Hong-jin,20th Century Fox Korea,Korea,Found Footage,150,Not Rated,$750000,$6632236,7.6,227540
3252,CRONOS,1993/05/18,Guillermo del Toro,October Films,Mexico,Werewolf|Body Horror,1h 11m,R,120000,,5.0,229762
1393,House of Wax,6/4/1953,Andre de Toth,WARNER BROS.,U.S.A.,Kaiju|Gothic,72,G,$10000000,90384239,8.2,431105
5131,Late Night with the Devil,8/14/2023,Colin Cairnes,IFC Films,Australia,Psychological,70,NC-17,"$6,000,000",44680381,8.2,153867
3191,Jacob's Ladder,9/9/1990,Adrian Lyne,TriStar Pictures,us,Vampire,107 min,Not Rated,"$120,000","$1,088,354",5.5,368619
3571,Pulse,02/20/2001,Kiyoshi Kurosawa,TOHO,JAPAN,Creature Feature|Body Horror,99 min,NC-17,USD 300000,"$190,306",5.2,148302
2857,Poltergeist,6/13/1982,Tobe Hooper,MGM,USA ,Cosmic Horror|Gothic,2h 31m,PG,USD 10000000,77775922,9.0,243961
3610,28 Days Later,1/21/2002,Danny Boyle,Fox Searchlight,U.K.,Folk Horror,147,R,"$6,000,000","25,855,318",8.7,75385
2974,A Nightmare on Elm Street,7/17/1984,Wes Craven,New Line Cinema,USA ,Werewolf,117,,"$1,500,000","10,311,433",,108391
4610,It,2017-11-01,Andy Muschietti,WARNER BROS.,USA ,Zombie|Giallo,89 min,NC-17,USD 1500000,"1,773,625",5.8,10917
2384,Rabid,03/04/1977,David Cronenberg,Cinepix,canada,Splatter,81,G,$1500000,"$693,556",7.4,445331
1052,The Phantom of the Opera,1925/11/16,Rupert Julian,Universal,USA,Splatter|Haunted House,154,NC-17,"750,000","$4,135,308",6.1,342658
1030,Nosferatu,7/20/1922,F.W. Murnau,Prana Film,Germany,Kaiju,1h 36m,Unrated,35000000,186704614,5.9,75203
1137,Freaks,10/20/1932,Tod Browning,MGM,USA,Cosmic Horror,,Unrated,USD 6000000,"$5,451,081",4.6,209594
2020,rosemary's baby,02-06-1968,Roman Polanski,Paramount,USA,Giallo,137 min,PG,20000000,USD 7001250,6.7,439953
3146,TETSUO THE IRON MAN,26-11-1989,Shinya Tsukamoto,Kaijyu Theater,Japan,Vampire,165min,PG-13,"20,000,000","$255,667,125",6.4,282700
4066,Let the Right One In,2008-02-09,Tomas Alfredson,Sandrew Metronome,Sweden,Occult,162 min,Unrated,USD 50000,"249,436",5.9,112750
3719,High Tension,03/02/2003,Alexandre Aja,EuropaCorp,FRANCE,Zombie|Kaiju,161,G,"$1,500,000","$12,580,491",4.6,237868
3468,Session 9,10/9/2001,Brad Anderson,USA Films,USA,Comedy Horror,1h 11m,Not Rated,3000000,41390468,6.7,24712
2477,Dawn of the Dead,01/24/1978,George Romero,United Film Distribution,United States,Werewolf,135,Unrated,$10000000,44664160,8.1,240508
1577,The Blob,10/21/1958,Irvin Yeaworth,paramount,United States,Supernatural,98,NC-17,"$1,500,000","20,452,945",,271460
2661,Cannibal Holocaust,09-12-1980,Ruggero Deodato,United Artists Europa,Italy,Gothic,126 min,NC-17,"$120,000","270,483",6.4,228862
5319,The Evil Dead,4/15/1981,Sam Raimi,New Line,United States,Supernatural,114,NC-17,"$50,000",USD 547550,8.1,474315
4059,Let the Right One In,03/22/2008,,Sandrew Metronome,Sweden,Occult,162,Unrated,50000,"249,436",5.9,74664
3748,High Tension,5/11/2003,Alexandre Aja,EuropaCorp,france,Zombie|Kaiju,161min,G,1500000,"$12,580,491",4.6,187900
3333,Audition,20-02-1999,Takashi Miike,Omega Project,Japan,Psychological|Occult,160 min,Unrated,"$6,000,000",$33618699,8.3,142061
1013,Nosferatu,01/11/1922,F.W. Murnau,Prana Film,Germany,Kaiju,96,Unrated,35000000,"$186,704,614",5.9,252393
4733,Suspiria,14-07-2018,Luca Guadagnino,Amazon Studios,Italy,Folk Horror|Splatter,154,PG,300000,"$3,561,660",8.6,231932
2176,Don't Look Now,05/21/1973,Nicolas Roeg,Casey Productions,UK,Zombie|Found Footage,121,R,"3,000,000",8311755,5.4,8848
2896,City of the Living Dead,5/2/1980,Lucio Fulci,Dania Film,ITALY,Psychological,102min,G,"$3,000,000","6,159,368",8.8,360955
1558,The Blob,05/05/1958,Irvin Yeaworth,Paramount,USA,Supernatural,98,NC-17,"1,500,000",,6.0,352037
1128,Freaks,05-04-1932,Tod Browning,MGM,us,Cosmic Horror,72 min,Unrated,$6000000,,4.6,260872
1904,Kwaidan,1964/03/05,Masaki Kobayashi,TOHO,Japan,Comedy Horror|Gothic,2h 32m,PG-13,"$50,000",USD 403655,,118413
4131,Trick 'r Treat,3/6/2007,Michael Dougherty,WARNER BROS.,United States,Slasher,2h 41m,R,"20,000,000","87,142,789",5.1,402912
3706,A Tale of Two Sisters,2003/08/28,Kim Jee-woon,Cineclick Asia,South Korea,Folk Horror,97,PG,"$3,000,000",26985529,9.2,385279
3776,Saw,11/25/2004,James Wan,Lions Gate,USA,Occult,,Not Rated,"10,000,000","$126,782,523",6.1,331519
4958,  X ,2022/08/09,Ti West,A24,United States,Splatter,126 min,NC-17,"$20,000,000","$253,893,251",7.9,448430
2207,The Texas Chain Saw Massacre,04/26/1974,Tobe Hooper,Bryanston Pictures,us,Supernatural,101,PG-13,$3000000,"$13,374,047",,326087
1633,Psycho,16-04-1960,Alfred Hitchcock,Paramount Pictures,United States,Supernatural,162 min,,"$120,000",1526242,6.9,81411
2866,Poltergeist,1982/10/27,Tobe Hooper,MGM,USA,Cosmic Horror|Gothic,2h 31m,PG,"$10,000,000",77775922,9.0,375130
5249,Invasion of the Body Snatchers,07/18/1956,Don Siegel,Allied Artists,us,Gothic,123,R,,"$13,594,388",6.5,4638
2851,Poltergeist,04/18/1982,Tobe Hooper,MGM,USA,Cosmic Horror|Gothic,151,PG,"10,000,000",,9.0,272067
5354,The Shining,12/15/1980,Stanley Kubrick,WARNER BROS.,us,Psychological|Supernatural,,Not Rated,$750000,2789629,6.8,90126
1463,Godzilla,1954/02/16,Ishiro Honda,toho,Japan,Cosmic Horror,160,PG-13,"6,000,000","47,256,128",7.4,240350
4335,It Follows,04/21/2014,David Robert Mitchell,Radius-TWC,USA,Found Footage,93 min,,"$1,500,000",$15379273,,257636
4728,SUSPIRIA,2018-12-02,Luca Guadagnino,Amazon Studios,italy,Folk Horror|Splatter,,PG,"300,000","$3,561,660",8.6,167480
5134,Late Night with the Devil,2023-10-14,Colin Cairnes,IFC Films,Australia,Psychological,70 min,NC-17,$6000000,"$44,680,381",8.2,77853
1494,  Invasion of the Body Snatchers ,1956/08/12,Don Siegel,Allied Artists,USA ,Gothic,123,R,$1500000,"13,594,388",6.5,165119
4366,Goodnight Mommy,2014-02-12,Veronika Franz,Ulrich Seidl Film,Austria,Giallo,75,G,"300,000",USD 165609,6.1,219127
4621,It,2017/08/13,Andy Muschietti,warner bros.,USA ,Zombie|Giallo,89 min,NC-17,,,5.8,15823
1146,The Mummy,1932/04/18,Karl Freund,Universal  ,USA,Vampire,140,Unrated,"$10,000,000",$46257698,5.7,361184
2868,Poltergeist,07-12-1982,Tobe Hooper,MGM,U.S.A.,Cosmic Horror|Gothic,151,PG,USD 10000000,77775922,9.0,2781
2184,Don't Look Now,1973-05-14,Nicolas Roeg,Casey Productions,UK,Zombie|Found Footage,121 min,R,"3,000,000",8311755,5.4,13017
3304,Ringu,26-06-1998,Hideo Nakata,TOHO,JAPAN,Psychological,71,PG,$20000000,,4.9,49354
1294,Cat People,1942/08/17,Jacques Tourneur,RKO Radio Pictures,United States,Werewolf|Creature Feature,74,Not Rated,"300,000",927054,6.8,354422
3116,Evil Dead II,08-05-1987,Sam Raimi,De Laurentiis,USA,Comedy Horror,139,R,"$35,000,000","$148,908,651",5.8,389415
1437,Creature from the Black Lagoon,03-04-1954,Jack Arnold,UNIVERSAL,us,Psychological|Cosmic Horror,80,PG,USD 10000000,"$131,198,528",4.7,445622
1649,Black Sunday,1/6/1960,Mario Bava,Galatea Film,italy,Supernatural|Psychological,113,NC-17,"$50,000",426793,6.5,127787
1583,The Blob,1958/08/04,Irvin Yeaworth,Paramount,United States,Supernatural,98 min,NC-17,USD 1500000,,6.0,400287
3263,Cronos,1993/03/19,Guillermo del Toro,October Films,Mexico,Werewolf|Body Horror,71 min,R,"$120,000",$200544,5.0,462222
4971,Barbarian,2022/06/12,Zach Cregger,20th Century Studios,USA ,Cosmic Horror|Giallo,,R,,"$12,536,957",,257643
1019,Nosferatu,1922-08-10,F.W. Murnau,Prana Film,Germany,Kaiju,1h 36m,Unrated,"$35,000,000","$186,704,614",5.9,426902
4314,  The Babadook ,3/7/2014,Jennifer Kent,Causeway Films,Australia,Found Footage|Zombie,86 min,Unrated,6000000,$49894496,7.0,260422
3109,Evil Dead II,1987/01/25,Sam Raimi,De Laurentiis,United States,Comedy Horror,139min,R,$35000000,$148908651,5.8,430774
1186,The Invisible Man,1933/03/27,James Whale,Universal  ,United States,Vampire,157,Not Rated,"$20,000,000",208181238,5.8,147039
2429,House,12/9/1977,Nobuhiko Obayashi,TOHO,Japan,Creature Feature,,Not Rated,120000,,8.3,234334
1189,The Invisible Man,05-10-1933,James Whale,Universal Pictures,USA,Vampire,157,Not Rated,20000000,$208181238,5.8,99700
4104,martyrs,03/01/2008,Pascal Laugier,Wild Bunch,France,Psychological,116 min,G,$20000000,"87,265,784",5.1,98227
3044,Re-Animator,01-06-1985,Stuart Gordon,Empire Pictures,us,Body Horror,2h 20m,,120000,"$1,181,119",9.0,201456
1340,The Uninvited,12/27/1944,Lewis Allen,Paramount Pictures,United States,Found Footage,125min,Unrated,"50,000",$55760,8.7,225446
2067,Witchfinder General,12/22/1968,,Tigon,United Kingdom,Giallo,153,Unrated,"$10,000,000","136,636,027",,84716
4954,X,9/14/2022,Ti West,A24,U.S.A.,Splatter,126min,NC-17,$20000000,USD 253893251,7.9,258379
1940,  Repulsion ,1965-10-07,Roman Polanski,Compton Films,United Kingdom,Cosmic Horror|Supernatural,142,PG,$300000,"$4,103,145",7.3,290013
3588,28 Days Later,2002/01/19,Danny Boyle,Fox Searchlight,United Kingdom,Folk Horror,147,R,"$6,000,000","$25,855,318",8.7,280700
2466,Halloween,11/8/1978,John Carpenter,Compass International,USA,Supernatural,164min,PG-13,$10000000,129695880,6.8,138254
2744,An American Werewolf in London,11-12-1981,John Landis,Universal,UK,Cosmic Horror,89min,Unrated,$50000,"400,014",8.8,76474
4938,malignant,02/18/2021,James Wan,Warner Bros.,us,Zombie,2h 18m,PG-13,"$50,000","$583,939",7.5,356938
2883,  The Beyond ,25-06-1981,Lucio Fulci,Fulvia Film,italy,Gothic,160min,Not Rated,USD 3000000,$32305279,7.1,187193
1458,Godzilla,1954-02-10,Ishiro Honda,Toho,Japan,Cosmic Horror,160min,PG-13,"6,000,000","$47,256,128",7.4,29366
3484,session 9,2001/06/08,Brad Anderson,USA Films,U.S.A.,Comedy Horror,1h 11m,Not Rated,"$3,000,000",41390468,6.7,317580
1412,CREATURE FROM THE BLACK LAGOON,10/24/1954,Jack Arnold,Universal Pictures,United States,Psychological|Cosmic Horror,80,PG,10000000,131198528,4.7,76654
2768,Scanners,1981-07-12,David Cronenberg,Avco Embassy,canada,Found Footage,130,PG,,"$325,820,643",8.9,49852
2124,The Wicker Man,11/19/1973,Robin Hardy,British Lion Films,UK,Zombie,77,Unrated,"$6,000,000",USD 4977047,5.9,274671
2882,the beyond,1981-07-02,Lucio Fulci,Fulvia Film,ITALY,Gothic,160 min,Not Rated,3000000,32305279,7.1,436918
1165,The Mummy,6/17/1932,Karl Freund,Universal Pictures,United States,Vampire,140,Unrated,"10,000,000","$46,257,698",5.7,157476
2093,The Wicker Man,12/10/1973,Robin Hardy,British Lion Films,U.K.,Zombie,,Unrated,6000000,4977047,5.9,152642
3120,Evil Dead II,1987-11-11,Sam Raimi,De Laurentiis,USA ,Comedy Horror,139,,35000000,"148,908,651",5.8,349062
3885,Pan's Labyrinth,07/22/2006,Guillermo del Toro,Warner Bros. Pictures,Spain,Folk Horror,91,Unrated,$300000,806854,4.6,131370
4993,Barbarian,2022-01-04,Zach Cregger,20th Century Studios,USA ,Cosmic Horror|Giallo,1h 58m,R,,12536957,7.6,249068
5193,Longlegs,4/10/2024,,neon,USA ,Gothic,160min,NC-17,$10000000,54792293,6.0,453806
4529,Raw,12/15/2016,Julia Ducournau,Wild Bunch,France,Folk Horror|Cosmic Horror,156,R,"$300,000",2396256,8.5,54761
1833,The Haunting,1963-04-07,Robert Wise,MGM,United Kingdom,Splatter,90,Unrated,$1500000,10197106,,258159
4017,  Paranormal Activity ,11/9/2007,,BlumHouse,USA ,Giallo,73 min,R,$10000000,"$19,874,391",7.0,401998
1502,The Curse of Frankenstein,02-09-1957,Terence Fisher,Hammer Films,United Kingdom,Werewolf|Vampire,129min,,USD 10000000,139128163,6.5,259268
3515,The Others,3/5/2001,Alejandro Amenabar,warner bros.,Spain,Splatter,,G,"$10,000,000","$55,008,994",8.7,160038
3528,The Others,09/15/2001,Alejandro Amenabar,warner bros.,Spain,Splatter,,G,,$55008994,8.7,109120
5017,Pearl,2022-09-26,Ti West,A-24,USA ,Cosmic Horror,144 min,G,"$3,000,000","$36,671,785",7.5,172252
4338,It Follows,03/19/2014,David Robert Mitchell,Radius-TWC,us,Found Footage,93 min,Unrated,"1,500,000","15,379,273",8.1,215057
3399,The Sixth Sense,08/22/1999,M. Night Shyamalan,Buena Vista,United States,Comedy Horror,2h 37m,G,,"3,957,945",5.3,234918
2096,The Wicker Man,16-05-1973,Robin Hardy,British Lion Films,U.K.,Zombie,77 min,Unrated,"$6,000,000",4977047,5.9,410639
3228,Candyman,11/10/1992,Bernard Rose,TriStar Pictures,United States,Comedy Horror|Zombie,78 min,PG-13,"$50,000","$197,869",6.1,74872
4500,Train to Busan,03/21/2016,Yeon Sang-ho,Next Entertainment World,Korea,Giallo,165,Unrated,USD 1500000,USD 18027397,6.7,58893
3100,Hellraiser,1987/05/24,Clive Barker,New World Pictures,U.K.,Slasher,98,G,USD 50000,269251,6.8,260566
4308,The Babadook,06-10-2014,Jennifer Kent,Causeway Films,Australia,Found Footage|Zombie,86 min,Unrated,"$6,000,000",USD 49894496,7.0,324554
2907,City of the Living Dead,10/20/1980,Lucio Fulci,Dania Film,ITALY,Psychological,1h 42m,G,,"$6,159,368",8.8,6271
4190,The Cabin in the Woods,02/01/2011,Drew Goddard,Lionsgate,USA ,Body Horror,107,Not Rated,"$35,000,000","$16,820,487",7.4,72133
4251,The Conjuring,05-11-2013,James Wan,warner bros.,USA,Werewolf,91,Unrated,"50,000",75128,9.0,239951
3387,The Blair Witch Project,21-12-1999,Daniel Myrick,Artisan Entertainment,us,Splatter,118,Unrated,"300,000",2812847,9.0,387194
4024,Paranormal Activity,2007/10/25,Oren Peli,Blumhouse,United States,Giallo,73,R,$10000000,"$19,874,391",7.0,192279
3847,  Wolf Creek ,25-10-2005,Greg McLean,Roadshow,Australia,Vampire,,G,"6,000,000",$46531729,7.5,24920
5322,Saint Maud,04-08-2019,Rose Glass,A24,United Kingdom,Folk Horror|Supernatural,101,NC-17,"$3,000,000","9,179,482",8.4,256397
3196,  Jacob's Ladder ,02/23/1990,Adrian Lyne,TriStar Pictures,USA,Vampire,107,Not Rated,120000,$1088354,5.5,53918
1682,Eyes Without a Face,1/9/1960,Georges Franju,Champs-Elysees,France,Giallo,2h 0m,Unrated,"$20,000,000","$158,166,156",8.5,454203
3570,Pulse,2001-11-26,Kiyoshi Kurosawa,Toho Co.,Nippon,Creature Feature|Body Horror,99 min,NC-17,USD 300000,"$190,306",5.2,196433
3244,Candyman,1992-02-04,Bernard Rose,TriStar Pictures,USA,Comedy Horror|Zombie,78,PG-13,"50,000",197869,6.1,196899
5136,Late Night with the Devil,2023-05-24,Colin Cairnes,IFC Films,Australia,Psychological,70,NC-17,USD 6000000,$44680381,8.2,182575
2623,The Fog,1980/09/28,John Carpenter,Avco Embassy,U.S.A.,Vampire,102 min,NC-17,$1500000,"3,085,118",4.7,267463
3918,The Host,7/26/2006,Bong Joon-ho,Showbox,Korea,Slasher,83min,NC-17,"3,000,000",33187930,9.0,143782
4287,Oculus,07/11/2013,Mike Flanagan,BlumHouse,USA,Kaiju|Haunted House,154,NC-17,USD 120000,"1,389,242",5.5,23336
4842,Parasite,2019/11/17,Bong Joon-ho,CJ Entertainment,S. Korea,Folk Horror,81 min,G,"$1,500,000","469,037",6.5,54962
1239,The Wolf Man,03/15/1941,George Waggner,universal,USA,Psychological,126,Not Rated,"$35,000,000",341406775,5.4,399469
1559,The Blob,05-09-1958,Irvin Yeaworth,Paramount Pictures,USA ,Supernatural,98,NC-17,"$1,500,000","$20,452,945",6.0,25439
2816,The Thing,12/08/1982,John Carpenter,Universal Pictures,USA,Folk Horror|Psychological,79min,R,"$3,000,000",21098115,8.6,29560
5045,Talk to Me,2022/09/04,Danny Philippou,A24,Australia,Psychological,122 min,NC-17,35000000,386552466,7.5,112452
2795,Possession,7/19/1981,Andrzej Zulawski,Gaumont,France,Vampire,162min,R,"35,000,000",USD 252848869,7.3,25516
2062,Witchfinder General,10/15/1968,Michael Reeves,Tigon,England,Giallo,153,Unrated,,136636027,8.5,56008
3338,Audition,1999-01-13,Takashi Miike,Omega Project,JAPAN,Psychological|Occult,160,Unrated,"$6,000,000",33618699,8.3,419144
2316,The Omen,19-05-1976,Richard Donner,20th Century Fox,USA,Vampire,144,PG,3000000,5923606,8.9,220564
1529,Horror of Dracula,1958-09-09,Terence Fisher,HAMMER FILMS,U.K.,Found Footage,117,R,10000000,"99,981,464",8.6,279527
5213,Nosferatu,2024-07-04,Robert Eggers,Focus Features,USA ,Occult,2h 15m,Not Rated,"$10,000,000",USD 23048052,7.7,414125
1304,I Walked with a Zombie,1943/12/09,Jacques Tourneur,RKO Radio Pictures,USA,Found Footage,144,R,"$300,000",,8.9,388802
1599,House on Haunted Hill,1959-01-24,William Castle,Allied Artists,USA ,Cosmic Horror,132,PG-13,"$300,000",$4138573,6.0,201772
3094,Hellraiser,3/6/1987,Clive Barker,New World Pictures,UK,Slasher,1h 38m,G,50000,269251,6.8,169801
2624,THE FOG,10/01/1980,John Carpenter,Avco Embassy,United States,Vampire,,NC-17,"1,500,000",$3085118,4.7,291509
1714,Peeping Tom,07-02-1960,Michael Powell,Anglo-Amalgamated,United Kingdom,Werewolf,96,PG,"$1,500,000",,8.0,130332
5259,Paranormal Activity,1/16/2007,Oren Peli,Blumhouse Productions,USA ,Giallo,1h 13m,R,"$10,000,000",,7.0,162584
3115,Evil Dead II,1987/01/28,Sam Raimi,De Laurentiis,United States,Comedy Horror,139 min,,"35,000,000",,5.8,114171
5342,rosemary's baby,1968/07/25,Roman Polanski,paramount,USA ,Giallo,137,PG,"$20,000,000","7,001,250",6.7,222301
5004,Pearl,2022-09-06,Ti West,A24,USA,Cosmic Horror,144,G,3000000,"$36,671,785",7.5,35681
2197,The Texas Chain Saw Massacre,04/01/1974,Tobe Hooper,Bryanston Pictures,USA ,Supernatural,,PG-13,"$3,000,000","$13,374,047",7.9,195994
4215,Sinister,15-03-2012,Scott Derrickson,BlumHouse,us,Found Footage|Zombie,78,PG-13,USD 6000000,"66,545,124",5.4,49461
3017,Phenomena,10/28/1985,Dario Argento,DACFILM Rome,ITALY,Comedy Horror,130,,6000000,9032401,9.1,425410
3221,The Silence of the Lambs,1991/12/09,Jonathan Demme,Orion Pictures,USA,Supernatural|Kaiju,2h 21m,NC-17,"20,000,000","197,214,540",8.3,108731
4815,Parasite,14-04-2019,Bong Joon-ho,CJ Entertainment,South Korea,Folk Horror,81min,G,USD 1500000,,6.5,130342
2685,the evil dead,05/20/1981,Sam Raimi,New Line,United States,Supernatural,114,NC-17,"$50,000",$547550,8.1,183570
4212,Sinister,09-08-2012,Scott Derrickson,BlumHouse,United States,Found Footage|Zombie,1h 18m,PG-13,"6,000,000",USD 66545124,5.4,225478
4008,The Orphanage,2007/02/07,J.A. Bayona,Warner Bros. Pictures,Spain,Creature Feature|Haunted House,145 min,R,"$20,000,000","$220,449,652",5.4,106766
2716,An American Werewolf in London,03/23/1981,,Universal,United Kingdom,Cosmic Horror,1h 29m,Unrated,"$50,000",,8.8,240435
1190,The Invisible Man,1933-12-16,James Whale,Universal  ,USA,Vampire,157 min,Not Rated,$20000000,,5.8,393273
3963,REC,2007-06-05,Jaume Balaguero,Filmax,Spain,Zombie,,,USD 20000000,"$126,904,732",7.4,68953
2846,Poltergeist,1982/01/18,Tobe Hooper,MGM,USA,Cosmic Horror|Gothic,151,PG,$10000000,$77775922,9.0,30718
4248,The Conjuring,2013/02/21,James Wan,Warner Bros,United States,Werewolf,91min,Unrated,"50,000",$75128,9.0,449338
3964,REC,05/28/2007,Jaume Balaguero,Filmax,Spain,Zombie,2h 24m,PG,"$20,000,000",$126904732,7.4,275514
3195,JACOB'S LADDER,17-02-1990,Adrian Lyne,TriStar Pictures,United States,Vampire,107min,Not Rated,,"1,088,354",5.5,182321
2264,Shivers,1975-09-20,David Cronenberg,Cinepix,Canada,Cosmic Horror,2h 5m,PG,"1,500,000","$18,485,513",8.0,475303
5312,The Wolf Man,1941/04/08,George Waggner,Universal  ,U.S.A.,Psychological,126 min,Not Rated,"$35,000,000","341,406,775",5.4,218454
3382,  The Blair Witch Project ,1999-09-04,Daniel Myrick,Artisan Entertainment,USA ,Splatter,118,Unrated,$300000,$2812847,9.0,308354
3351,audition,04-03-1999,Takashi Miike,Omega Project,JAPAN,Psychological|Occult,160,Unrated,"$6,000,000",33618699,8.3,182081
5087,infinity pool,2023-06-12,Brandon Cronenberg,NEON,canada,Cosmic Horror,118,PG-13,"$35,000,000","$98,151,327",6.4,307564
1654,Black Sunday,1960/05/01,Mario Bava,Galatea Film,Italy,Supernatural|Psychological,1h 53m,NC-17,50000,$426793,6.5,147863
5063,Skinamarink,4/26/2022,Kyle Edward Ball,IFC Midnight,Canada,Splatter,161,,"$1,500,000",11408908,5.1,222287
4969,Barbarian,2022/09/21,Zach Cregger,20th Century Studios,USA,Cosmic Horror|Giallo,118,R,"$3,000,000",12536957,7.6,425674
4076,Let the Right One In,06/07/2008,Tomas Alfredson,Sandrew Metronome,Sweden,Occult,162,,"50,000","$249,436",5.9,168221
3445,BATTLE ROYALE,14-02-2000,Kinji Fukasaku,Toei,Japan,Found Footage,105min,PG-13,"$1,500,000","$10,261,807",7.7,6543
3127,Evil Dead II,02-05-1987,Sam Raimi,De Laurentiis,U.S.A.,Comedy Horror,139,R,$35000000,"$148,908,651",5.8,78834
4946,X,9/12/2022,Ti West,A24,us,Splatter,,NC-17,"$20,000,000","$253,893,251",7.9,331089
2226,Deep Red,02/03/1975,Dario Argento,Rizzoli Film,ITALY,Supernatural,112 min,Not Rated,USD 10000000,$14234893,8.9,314050
2505,Alien,04/11/1979,Ridley Scott,20th Century Fox,UK,Occult|Creature Feature,116 min,G,$10000000,15461470,6.4,73094
5099,infinity pool,2023-11-16,Brandon Cronenberg,neon,Canada,Cosmic Horror,118,PG-13,"$35,000,000",$98151327,6.4,434104
5325,The Descent,05-03-2005,Neil Marshall,Pathe,U.K.,Splatter,73min,PG,1500000,$18020687,6.5,97705
1054,The Phantom of the Opera,1925-09-23,Rupert Julian,Universal Pictures,United States,Splatter|Haunted House,154,NC-17,$750000,,6.1,16381
2195,The Texas Chain Saw Massacre,11/10/1974,Tobe Hooper,Bryanston Pictures,us,Supernatural,1h 41m,PG-13,USD 3000000,$13374047,7.9,389770
3463,Session 9,04-06-2001,Brad Anderson,USA Films,USA,Comedy Horror,71,Not Rated,$3000000,USD 41390468,6.7,287159
4080,Let the Right One In,11/14/2008,Tomas Alfredson,Sandrew Metronome,Sweden,Occult,162,,"$50,000","249,436",5.9,303186
4469,The Wailing,02-03-2016,Na Hong-jin,20th Century Fox Korea,Korea,Found Footage,150,Not Rated,750000,6632236,7.6,19962
5031,Talk to Me,02/10/2022,Danny Philippou,a24,Australia,Psychological,122,NC-17,"$35,000,000",$386552466,7.5,114614
1213,Bride of Frankenstein,01/05/1935,James Whale,UNIVERSAL,USA,Giallo,83,PG-13,"$6,000,000",,8.0,198671
3796,Saw,01/23/2004,James Wan,Lions Gate,USA ,Occult,75min,Not Rated,$10000000,"$126,782,523",6.1,353766
1120,Freaks,05/18/1932,Tod Browning,MGM,USA ,Cosmic Horror,72 min,Unrated,"$6,000,000","$5,451,081",4.6,191122
3155,Tetsuo the Iron Man,1989/11/18,Shinya Tsukamoto,Kaijyu Theater,Japan,Vampire,2h 45m,,"$20,000,000",,6.4,251978
4998,Pearl,22-10-2022,Ti West,A24,USA,Cosmic Horror,144min,G,3000000,"36,671,785",7.5,331558
1798,The Birds,1963-03-21,Alfred Hitchcock,Universal,USA,Slasher|Psychological,1h 46m,PG-13,3000000,$34881029,5.2,295157
1409,creature from the black lagoon,04/13/1954,Jack Arnold,Universal Pictures,U.S.A.,Psychological|Cosmic Horror,80 min,PG,"$10,000,000","$131,198,528",4.7,424208
4121,Trick 'r Treat,09/21/2007,Michael Dougherty,Warner Bros.,us,Slasher,161min,R,"20,000,000",USD 87142789,5.1,232144
2531,Alien,1979-09-21,Ridley Scott,20th Century Fox,United Kingdom,Occult|Creature Feature,116,G,"10,000,000",15461470,6.4,26181
4629,It,11/19/2017,Andy Muschietti,warner bros.,us,Zombie|Giallo,89,NC-17,1500000,$1773625,5.8,199428
4787,  The Lighthouse ,2019/11/10,Robert Eggers,A24,us,Haunted House,126min,Unrated,300000,$2231378,8.3,33906
2277,Carrie,01-12-1976,Brian De Palma,United Artists,us,Body Horror,135,PG,$50000,417751,8.5,43969
2622,The Fog,12/24/1980,John Carpenter,Avco Embassy,U.S.A.,Vampire,102,NC-17,$1500000,USD 3085118,4.7,223575
2730,an american werewolf in london,1981-08-17,John Landis,Universal  ,U.K.,Cosmic Horror,1h 29m,Unrated,"$50,000","400,014",8.8,249816
4844,Parasite,08/18/2019,Bong Joon-ho,CJ Entertainment,South Korea,Folk Horror,81,G,1500000,"469,037",6.5,89466
2818,The Thing,1982/06/22,John Carpenter,Universal,USA,Folk Horror|Psychological,79,R,,21098115,,25249
1626,Psycho,1960/10/06,Alfred Hitchcock,Paramount,United States,Supernatural,2h 42m,PG-13,"120,000",$1526242,6.9,123725
4398,The Witch,2015/07/01,Robert Eggers,a24,USA ,Haunted House|Body Horror,93 min,PG,,"242,985,712",8.2,148265
4995,Barbarian,08/17/2022,Zach Cregger,20th Century Studios,USA,Cosmic Horror|Giallo,118,R,USD 3000000,"$12,536,957",7.6,299988
1343,The Uninvited,6/4/1944,Lewis Allen,Paramount Pictures,United States,Found Footage,2h 5m,Unrated,"50,000",,8.7,167559
3087,Hellraiser,1987-10-03,Clive Barker,New World Pictures,United Kingdom,Slasher,1h 38m,G,"$50,000","$269,251",6.8,463071
2528,  Alien ,1979/07/22,Ridley Scott,20th Century Fox,England,Occult|Creature Feature,116 min,G,"$10,000,000","$15,461,470",6.4,269010
4269,Oculus,07/13/2013,Mike Flanagan,Blumhouse Productions,USA ,Kaiju|Haunted House,154,NC-17,"120,000",1389242,5.5,81207
3113,Evil Dead II,09-02-1987,Sam Raimi,De Laurentiis,USA ,Comedy Horror,139 min,R,$35000000,"$148,908,651",5.8,389169
1635,psycho,19-05-1960,Alfred Hitchcock,paramount,United States,Supernatural,162,PG-13,,USD 1526242,6.9,132594
2175,Don't Look Now,1973/09/02,Nicolas Roeg,Casey Productions,UK,Zombie|Found Footage,121min,R,"$3,000,000","8,311,755",5.4,108997
2588,The Shining,1980-09-02,Stanley Kubrick,Warner Bros,USA,Psychological|Supernatural,151,Not Rated,"$750,000","$2,789,629",,127856
1983,Kill Baby Kill,1966/11/20,Mario Bava,FUL Films,Italy,Vampire,72 min,Unrated,$6000000,,6.1,412475
1593,House on Haunted Hill,1959-11-02,William Castle,Allied Artists,U.S.A.,Cosmic Horror,132,PG-13,"$300,000",4138573,6.0,172952
2790,Possession,1981/04/14,Andrzej Zulawski,Gaumont,France,Vampire,162min,R,"$35,000,000","$252,848,869",7.3,329714
2443,Halloween,7/10/1978,John Carpenter,Compass International,USA ,Supernatural,164 min,PG-13,10000000,129695880,6.8,236770
2376,Eraserhead,3/3/1977,David Lynch,Libra Films,United States,Zombie,149,PG-13,"$3,000,000","39,909,840",8.3,126519
2340,Suspiria,1977-02-26,Dario Argento,Seda Spettacoli,Italy,Occult,145,Unrated,"35,000,000","113,427,337",8.9,421897
3694,A Tale of Two Sisters,2003-05-10,Kim Jee-woon,Cineclick Asia,South Korea,Folk Horror,1h 37m,PG,"$3,000,000","26,985,529",9.2,100480
1014,NOSFERATU,07/20/1922,F.W. Murnau,Prana Film,Germany,Kaiju,,Unrated,"$35,000,000",$186704614,5.9,132759
3768,Shaun of the Dead,06-06-2004,Edgar Wright,Universal,U.K.,Cosmic Horror,74,PG-13,10000000,73150220,8.6,382500
3837,The Descent,2005-04-04,Neil Marshall,Pathe,United Kingdom,Splatter,73,PG,"$1,500,000","$18,020,687",6.5,411590
4910,Titane,12/20/2021,Julia Ducournau,Neon,France,Werewolf,98min,PG-13,"$20,000,000","$191,227,230",4.7,68076
3078,Hellraiser,09/04/1987,Clive Barker,New World Pictures,U.K.,Slasher,98 min,G,$50000,"269,251",6.8,336788
2228,Deep Red,26-10-1975,Dario Argento,Rizzoli Film,italy,Supernatural,112min,Not Rated,USD 10000000,14234893,8.9,17480
1528,The Curse of Frankenstein,4/22/1957,Terence Fisher,Hammer Films,England,Werewolf|Vampire,129,PG-13,$10000000,$139128163,6.5,139044
4124,Trick 'r Treat,2007-06-06,Michael Dougherty,WARNER BROS.,USA,Slasher,2h 41m,R,"20,000,000",87142789,5.1,392331
1756,The Innocents,17-11-1961,Jack Clayton,20th Century Fox,United Kingdom,Splatter,122,NC-17,1500000,$19063753,7.0,166422
1710,Eyes Without a Face,17-01-1960,Georges Franju,Champs-Elysees,france,Giallo,120,Unrated,"20,000,000","158,166,156",8.5,451607
4975,Barbarian,8/6/2022,Zach Cregger,20th Century Studios,United States,Cosmic Horror|Giallo,118min,R,"$3,000,000","$12,536,957",7.6,247710
3781,SAW,2/20/2004,James Wan,Lions Gate,USA ,Occult,75,Not Rated,,USD 126782523,6.1,194605
3876,Pan's Labyrinth,2006-06-16,Guillermo del Toro,Warner Bros. Pictures,Spain,Folk Horror,91 min,,"$300,000","$806,854",4.6,244757
1103,Frankenstein,1931-09-01,James Whale,universal,us,Supernatural|Slasher,117 min,NC-17,"$750,000",1599134,6.4,463602
2960,A Nightmare on Elm Street,1984/08/01,Wes Craven,New Line Cinema,USA,Werewolf,117,Not Rated,"$1,500,000","$10,311,433",5.9,230077
3932,Inside,1/15/2007,Alexandre Bustillo,La Fabrique de Films,France,Gothic,100 min,Unrated,"$35,000,000",435166860,8.3,74592
3062,The Fly,8/10/1986,David Cronenberg,20th Century Fox,United States,Cosmic Horror,1h 44m,R,"35,000,000","407,590,945",7.8,15922
4185,The Cabin in the Woods,2/22/2011,,Lionsgate,USA,Body Horror,107min,Not Rated,"$35,000,000",,7.4,401772
2065,  Witchfinder General ,24-08-1968,Michael Reeves,Tigon,United Kingdom,Giallo,153 min,Unrated,"$10,000,000",$136636027,8.5,103583
4099,Martyrs,03/26/2008,Pascal Laugier,Wild Bunch,France,Psychological,116 min,G,"20,000,000",$87265784,5.1,296520
3560,Pulse,12/07/2001,Kiyoshi Kurosawa,TOHO,JAPAN,Creature Feature|Body Horror,99,NC-17,USD 300000,190306,5.2,94551
1379,THE THING FROM ANOTHER WORLD,04-03-1951,,RKO Radio Pictures,U.S.A.,Giallo|Creature Feature,1h 21m,Unrated,$50000,"$36,116",8.5,119395
1916,Kwaidan,1964-01-26,Masaki Kobayashi,TOHO,JAPAN,Comedy Horror|Gothic,152,PG-13,,USD 403655,6.6,27533
2014,Rosemary's Baby,05-02-1968,Roman Polanski,Paramount,USA ,Giallo,137min,PG,,"$7,001,250",6.7,236241
2522,Alien,2/13/1979,Ridley Scott,20th Century Fox,UK,Occult|Creature Feature,1h 56m,G,"10,000,000",15461470,6.4,295999
2821,the thing,05-03-1982,,Universal Pictures,United States,Folk Horror|Psychological,79,,"3,000,000","$21,098,115",8.6,262060
3126,Evil Dead II,12/19/1987,Sam Raimi,De Laurentiis,USA ,Comedy Horror,139 min,R,$35000000,,5.8,367397
4060,Let the Right One In,04/23/2008,Tomas Alfredson,Sandrew Metronome,Sweden,Occult,,Unrated,,"249,436",5.9,226131
1861,Blood and Black Lace,1964/11/05,Mario Bava,Emmepi Cinematografica,italy,Gothic|Giallo,143min,NC-17,"$120,000","215,381",8.4,465442
5129,  Late Night with the Devil ,04/10/2023,Colin Cairnes,IFC Films,Australia,Psychological,70,NC-17,"6,000,000",44680381,8.2,112401
4358,Goodnight Mommy,13-01-2014,Veronika Franz,Ulrich Seidl Film,Austria,Giallo,75,G,"$300,000",USD 165609,6.1,452134
3255,CRONOS,09/12/1993,Guillermo del Toro,October Films,Mexico,Werewolf|Body Horror,71 min,R,"120,000",$200544,5.0,125251
2755,scanners,9/28/1981,David Cronenberg,Avco Embassy,CANADA,Found Footage,130,PG,$35000000,"325,820,643",8.9,349165
1051,The Phantom of the Opera,1925-12-05,Rupert Julian,Universal,USA ,Splatter|Haunted House,154min,NC-17,USD 750000,4135308,6.1,391600
4478,The Wailing,1/14/2016,Na Hong-jin,20th Century Fox Korea,S. Korea,Found Footage,150,Not Rated,$750000,,7.6,150830
4735,Us,5/28/2019,Jordan Peele,Universal Pictures,USA,Psychological,131 min,PG,,40925924,6.6,41784
1734,Peeping Tom,20-10-1960,Michael Powell,Anglo-Amalgamated,United Kingdom,Werewolf,96 min,PG,"$1,500,000",USD 16521182,8.0,47712
2460,Halloween,08-07-1978,John Carpenter,Compass International,USA,Supernatural,2h 44m,PG-13,$10000000,"$129,695,880",6.8,154277
2341,Suspiria,1977/03/14,Dario Argento,Seda Spettacoli,italy,Occult,145 min,Unrated,35000000,"$113,427,337",8.9,166616
1071,dracula,18-01-1931,Tod Browning,universal,United States,Found Footage,84,R,"$300,000",USD 471267,,289828
4923,  Malignant ,1/11/2021,James Wan,warner bros.,United States,Zombie,138 min,,50000,USD 583939,7.5,466786
5250,The Substance,2024/03/22,Coralie Fargeat,Mubi,France,Psychological,,NC-17,"50,000","$101,442",8.3,189250
2414,House,1/14/1977,Nobuhiko Obayashi,Toho Co.,Nippon,Creature Feature,157 min,Not Rated,"$120,000","385,505",8.3,120333
2542,zombie flesh eaters,8/8/1979,Lucio Fulci,Variety Film,ITALY,Vampire,142min,,"$20,000,000",$61567279,8.7,104510
2975,A Nightmare on Elm Street,01-06-1984,Wes Craven,New Line Cinema,U.S.A.,Werewolf,117,Not Rated,"$1,500,000",USD 10311433,5.9,412978
3605,28 Days Later,08/08/2002,Danny Boyle,Fox Searchlight,UK,Folk Horror,147min,R,6000000,25855318,8.7,178743
4512,Raw,12/15/2016,Julia Ducournau,Wild Bunch,France,Folk Horror|Cosmic Horror,156 min,R,"$300,000",2396256,8.5,153944
4344,It Follows,08-03-2014,David Robert Mitchell,Radius-TWC,United States,Found Footage,93min,,"1,500,000",$15379273,8.1,76687
1232,  The Wolf Man ,1941-05-26,George Waggner,universal,USA ,Psychological,2h 6m,Not Rated,"35,000,000","341,406,775",5.4,182747
2603,THE SHINING,1980-12-06,Stanley Kubrick,warner bros.,U.S.A.,Psychological|Supernatural,151,Not Rated,"$750,000","$2,789,629",6.8,11301
1778,Carnival of Souls,06/06/1962,Herk Harvey,Herts-Lion International,us,Body Horror,100,PG,"$20,000,000","22,553,699",8.7,254577
2933,Videodrome,11/6/1983,David Cronenberg,Universal,Canada,Supernatural,1h 10m,NC-17,35000000,391950781,7.4,423480
1520,The Curse of Frankenstein,1957/03/15,,hammer films,UK,Werewolf|Vampire,129,PG-13,USD 10000000,,6.5,25420
3384,The Blair Witch Project,12/05/1999,Daniel Myrick,Artisan Entertainment,U.S.A.,Splatter,118,Unrated,"300,000","$2,812,847",9.0,321831
5103,Infinity Pool,12/13/2023,,NEON,CANADA,Cosmic Horror,1h 58m,PG-13,"35,000,000",,,85074
4352,It Follows,09/09/2014,David Robert Mitchell,Radius-TWC,us,Found Footage,93,,"$1,500,000","$15,379,273",8.1,343622
4324,THE BABADOOK,13-04-2014,Jennifer Kent,Causeway Films,Australia,Found Footage|Zombie,86 min,Unrated,"6,000,000",,7.0,443702
2892,the beyond,11/4/1981,Lucio Fulci,Fulvia Film,italy,Gothic,160 min,Not Rated,"$3,000,000","32,305,279",7.1,301619
1400,House of Wax,13-09-1953,Andre de Toth,Warner Bros.,U.S.A.,Kaiju|Gothic,72 min,G,USD 10000000,"90,384,239",8.2,382182
4751,  Us ,6/28/2019,,Universal,us,Psychological,131 min,PG,$10000000,"40,925,924",6.6,218636
2875,The Beyond,10/05/1981,Lucio Fulci,Fulvia Film,italy,Gothic,2h 40m,Not Rated,"3,000,000","$32,305,279",,167995
3650,Dark Water,02-03-2002,Hideo Nakata,toho,JAPAN,Comedy Horror,157 min,R,$750000,$8030796,5.4,466862
4991,Barbarian,2022/12/01,Zach Cregger,20th Century Studios,us,Cosmic Horror|Giallo,118,R,"$3,000,000","$12,536,957",7.6,276733
2133,The Exorcist,1973-09-26,William Friedkin,WARNER BROS.,us,Haunted House|Vampire,105 min,PG,1500000,"$3,109,059",7.9,138044
1895,Onibaba,1964-11-11,Kaneto Shindo,Toho Co.,Japan,Supernatural|Found Footage,90min,PG,35000000,$254458145,6.4,33278
3199,Jacob's Ladder,13-05-1990,Adrian Lyne,TriStar Pictures,U.S.A.,Vampire,1h 47m,Not Rated,120000,USD 1088354,5.5,254820
1462,Godzilla,12/11/1954,Ishiro Honda,toho,Japan,Cosmic Horror,160,PG-13,6000000,"47,256,128",7.4,347875
3551,Pulse,2001/02/26,,toho,Nippon,Creature Feature|Body Horror,99 min,NC-17,"$300,000","190,306",5.2,330363
2990,Phenomena,21-12-1985,Dario Argento,DACFILM Rome,italy,Comedy Horror,130min,PG-13,6000000,9032401,9.1,104267
4383,Goodnight Mommy,05-05-2014,Veronika Franz,Ulrich Seidl Film,Austria,Giallo,75,,$300000,$165609,6.1,348565
3027,Re-Animator,19-07-1985,Stuart Gordon,Empire Pictures,United States,Body Horror,140,Unrated,120000,$1181119,9.0,61973
5161,THE SUBSTANCE,09-01-2024,,Mubi,france,Psychological,75,NC-17,"$50,000",$101442,8.3,221232
3232,Candyman,1992-02-19,Bernard Rose,TriStar Pictures,USA,Comedy Horror|Zombie,78 min,PG-13,USD 50000,"197,869",6.1,135191
4164,Insidious,13-08-2010,James Wan,Blumhouse Productions,us,Kaiju,2h 2m,Not Rated,$300000,"636,169",5.8,29251
4603,It,2017-01-05,Andy Muschietti,warner bros.,U.S.A.,Zombie|Giallo,89,NC-17,"$1,500,000","$1,773,625",5.8,423074
3754,Shaun of the Dead,03/24/2004,Edgar Wright,universal,United Kingdom,Cosmic Horror,1h 14m,PG-13,10000000,$73150220,8.6,212444
1198,bride of frankenstein,1935/09/25,James Whale,Universal Pictures,us,Giallo,83 min,PG-13,"6,000,000","69,360,250",8.0,455682
4065,Let the Right One In,2/23/2008,Tomas Alfredson,Sandrew Metronome,Sweden,Occult,162,Unrated,50000,"249,436",5.9,174996
5172,The Substance,06/02/2024,Coralie Fargeat,Mubi,FRANCE,Psychological,75,NC-17,,"$101,442",8.3,107312
3654,Dark Water,11/1/2002,Hideo Nakata,Toho,Nippon,Comedy Horror,2h 37m,,,8030796,5.4,179146
2855,Poltergeist,01/22/1982,Tobe Hooper,MGM,USA ,Cosmic Horror|Gothic,151,,10000000,77775922,9.0,161186
2814,The Thing,1982/04/07,John Carpenter,Universal,USA ,Folk Horror|Psychological,1h 19m,R,"3,000,000","21,098,115",8.6,234478
3583,28 Days Later,07/11/2002,Danny Boyle,Fox Searchlight,U.K.,Folk Horror,147,R,"6,000,000","25,855,318",8.7,462456
3104,Evil Dead II,07-06-1987,Sam Raimi,De Laurentiis,USA ,Comedy Horror,139,,"$35,000,000","148,908,651",5.8,344747
2149,The Exorcist,06/03/1973,William Friedkin,WARNER BROS.,USA,Haunted House|Vampire,105,PG,"$1,500,000",3109059,7.9,159628
3677,DARK WATER,2002/04/24,Hideo Nakata,toho,Nippon,Comedy Horror,,R,"$750,000","$8,030,796",5.4,109824
4977,Barbarian,2022/08/07,Zach Cregger,20th Century Studios,U.S.A.,Cosmic Horror|Giallo,118,R,"3,000,000","$12,536,957",,367406
4027,Paranormal Activity,2007-11-14,Oren Peli,Blumhouse Productions,United States,Giallo,73,R,"10,000,000",19874391,7.0,218094
2063,Witchfinder General,7/26/1968,Michael Reeves,Tigon,U.K.,Giallo,153 min,Unrated,"10,000,000","$136,636,027",8.5,111628
4145,Trick 'r Treat,13-04-2007,Michael Dougherty,Warner Bros,United States,Slasher,161,R,USD 20000000,"$87,142,789",5.1,210006
2694,The Evil Dead,1981-10-21,Sam Raimi,New Line,U.S.A.,Supernatural,114 min,NC-17,USD 50000,"$547,550",8.1,462847
3878,Pan's Labyrinth,7/9/2006,,Warner Bros. Pictures,Spain,Folk Horror,91min,,"$300,000",$806854,4.6,77860
2611,  The Shining ,1980/10/19,Stanley Kubrick,WARNER BROS.,USA,Psychological|Supernatural,151min,Not Rated,$750000,"$2,789,629",6.8,11329
5235,Nosferatu,09/13/2024,Robert Eggers,Focus Features,United States,Occult,135min,,$10000000,23048052,7.7,289238
3341,Audition,1999-09-17,,Omega Project,Nippon,Psychological|Occult,160 min,Unrated,$6000000,"$33,618,699",8.3,346826
3192,Jacob's Ladder,22-07-1990,Adrian Lyne,TriStar Pictures,USA,Vampire,,Not Rated,USD 120000,"$1,088,354",5.5,292054
1453,Godzilla,12/03/1954,Ishiro Honda,Toho Co.,JAPAN,Cosmic Horror,2h 40m,PG-13,6000000,"$47,256,128",7.4,80273
3268,Cronos,1993/12/20,Guillermo del Toro,October Films,Mexico,Werewolf|Body Horror,71,R,"$120,000",$200544,5.0,117128
5142,Late Night with the Devil,5/7/2023,Colin Cairnes,IFC Films,Australia,Psychological,70 min,NC-17,"$6,000,000",44680381,8.2,14000
4999,Pearl,23-01-2022,Ti West,A24,U.S.A.,Cosmic Horror,144 min,G,USD 3000000,"$36,671,785",7.5,464358
5117,When Evil Lurks,02/14/2023,Demian Rugna,Shudder,Argentina,Body Horror,146,,"750,000",$9856995,8.7,171144
4729,Suspiria,4/10/2018,Luca Guadagnino,Amazon Studios,italy,Folk Horror|Splatter,154,,"300,000",$3561660,8.6,470484
3492,The Devil's Backbone,6/14/2001,Guillermo del Toro,Warner Sogefilms,Spain,Gothic,117,PG-13,$750000,"$555,817",6.6,83365
3631,Ju-on The Grudge,02/08/2002,Takashi Shimizu,Toei,Japan,Slasher,113,Unrated,"$120,000","$547,265",5.4,49033
3665,Dark Water,2002/06/04,Hideo Nakata,Toho,JAPAN,Comedy Horror,157,R,"$750,000",,5.4,289748
1366,The Thing from Another World,1951/03/20,Christian Nyby,RKO Radio Pictures,us,Giallo|Creature Feature,1h 21m,Unrated,"$50,000","36,116",8.5,185680
2775,Scanners,1/8/1981,David Cronenberg,Avco Embassy,CANADA,Found Footage,2h 10m,PG,USD 35000000,$325820643,8.9,364176
5362,KWAIDAN,09/27/1964,Masaki Kobayashi,Toho Co.,Nippon,Comedy Horror|Gothic,152 min,,"50,000","403,655",6.6,305151
2377,Eraserhead,1977-04-18,David Lynch,Libra Films,USA,Zombie,149,PG-13,"3,000,000","39,909,840",8.3,105953
2174,Don't Look Now,2/27/1973,Nicolas Roeg,Casey Productions,England,Zombie|Found Footage,121,R,"$3,000,000","8,311,755",5.4,192928
5199,Longlegs,2024-01-09,Osgood Perkins,neon,U.S.A.,Gothic,160,,$10000000,,,156749
2213,  The Texas Chain Saw Massacre ,2/12/1974,Tobe Hooper,Bryanston Pictures,United States,Supernatural,101 min,PG-13,3000000,,7.9,474827
2224,Deep Red,1975/03/04,Dario Argento,Rizzoli Film,italy,Supernatural,112min,Not Rated,"$10,000,000",,8.9,435074
1156,The Mummy,5/18/1932,Karl Freund,universal,us,Vampire,140,Unrated,"$10,000,000",USD 46257698,5.7,373152
1428,Creature from the Black Lagoon,1954-02-21,Jack Arnold,Universal  ,United States,Psychological|Cosmic Horror,80min,PG,"10,000,000","131,198,528",4.7,155495
1246,The Wolf Man,1941-01-18,George Waggner,Universal Pictures,us,Psychological,126 min,Not Rated,"$35,000,000","$341,406,775",5.4,150730
5264,The Lighthouse,15-11-2019,Robert Eggers,A-24,us,Haunted House,126 min,Unrated,USD 300000,"$2,231,378",8.3,214960
2954,A Nightmare on Elm Street,1984-03-26,,New Line Cinema,United States,Werewolf,117,Not Rated,$1500000,"$10,311,433",5.9,371589
3350,Audition,11/19/1999,Takashi Miike,Omega Project,Japan,Psychological|Occult,160 min,Unrated,USD 6000000,$33618699,8.3,251265
4503,Train to Busan,12/14/2016,Yeon Sang-ho,Next Entertainment World,Korea,Giallo,165 min,Unrated,"1,500,000",18027397,6.7,104405
1591,House on Haunted Hill,1959-10-11,William Castle,Allied Artists,United States,Cosmic Horror,132,PG-13,300000,"4,138,573",6.0,82145
2834,The Thing,1982-10-24,John Carpenter,UNIVERSAL,United States,Folk Horror|Psychological,1h 19m,R,,,8.6,324754
4599,Get Out,3/20/2017,Jordan Peele,Blumhouse,USA,Comedy Horror,111,Unrated,"120,000","$1,256,432",7.9,446177
5327,The Others,04/15/2001,Alejandro Amenabar,Warner Bros.,Spain,Splatter,160 min,G,$10000000,"$55,008,994",8.7,200462
4365,Goodnight Mommy,03/27/2014,,Ulrich Seidl Film,Austria,Giallo,75 min,G,"300,000",$165609,6.1,314411
1661,Black Sunday,1960/02/08,Mario Bava,Galatea Film,ITALY,Supernatural|Psychological,113,NC-17,$50000,,,476107
3841,Wolf Creek,10/18/2005,Greg McLean,Roadshow,Australia,Vampire,110 min,G,"6,000,000",USD 46531729,7.5,185989
4051,Let the Right One In,2008-03-23,Tomas Alfredson,Sandrew Metronome,Sweden,Occult,162,Unrated,"$50,000",249436,,306571
4794,The Lighthouse,10/21/2019,Robert Eggers,A24,USA ,Haunted House,126,Unrated,USD 300000,"$2,231,378",8.3,215251
4461,The Wailing,10-02-2016,Na Hong-jin,20th Century Fox Korea,South Korea,Found Footage,150,Not Rated,750000,,7.6,257731
1155,The Mummy,1932-03-04,Karl Freund,Universal,USA ,Vampire,140 min,,10000000,"46,257,698",5.7,439255
3277,CRONOS,16-03-1993,Guillermo del Toro,October Films,Mexico,Werewolf|Body Horror,71,R,"120,000","200,544",5.0,314774
1311,I Walked with a Zombie,1/20/1943,Jacques Tourneur,RKO Radio Pictures,United States,Found Footage,144min,R,"300,000",USD 2896340,8.9,382491
2490,Dawn of the Dead,8/10/1978,George Romero,United Film Distribution,United States,Werewolf,135min,Unrated,10000000,$44664160,8.1,470788
1992,Kill Baby Kill,1966/05/28,Mario Bava,FUL Films,Italy,Vampire,72,Unrated,$6000000,$49406007,6.1,419311
2499,dawn of the dead,24-11-1978,George Romero,United Film Distribution,USA,Werewolf,135,Unrated,"10,000,000","44,664,160",8.1,295354
5332,The Birds,05-04-1963,Alfred Hitchcock,Universal  ,USA,Slasher|Psychological,,PG-13,"$3,000,000",USD 34881029,5.2,52640
1450,Godzilla,11/07/1954,Ishiro Honda,toho,Nippon,Cosmic Horror,,PG-13,6000000,"$47,256,128",7.4,269927
5313,onibaba,9/9/1964,,TOHO,JAPAN,Supernatural|Found Footage,90min,PG,35000000,"$254,458,145",6.4,181086
4475,The Wailing,02/18/2016,Na Hong-jin,20th Century Fox Korea,S. Korea,Found Footage,150min,Not Rated,"$750,000","$6,632,236",7.6,89846
3040,Re-Animator,5/3/1985,Stuart Gordon,Empire Pictures,U.S.A.,Body Horror,2h 20m,Unrated,"$120,000",1181119,9.0,190843
5253,Infinity Pool,7/17/2023,Brandon Cronenberg,Neon,CANADA,Cosmic Horror,118,PG-13,$35000000,"98,151,327",6.4,392669
5281,Oculus,05-07-2013,Mike Flanagan,BlumHouse,USA,Kaiju|Haunted House,154,NC-17,"120,000",$1389242,5.5,134678
4125,Trick 'r Treat,05/21/2007,Michael Dougherty,Warner Bros,U.S.A.,Slasher,,R,20000000,,5.1,47067
3775,  Saw ,2004/03/22,James Wan,Lions Gate,U.S.A.,Occult,75min,Not Rated,"$10,000,000","126,782,523",6.1,53279
1554,Horror of Dracula,1958-06-21,Terence Fisher,hammer films,UK,Found Footage,117,R,$10000000,99981464,8.6,227998
3141,Tetsuo the Iron Man,07-04-1989,Shinya Tsukamoto,Kaijyu Theater,Japan,Vampire,165 min,PG-13,USD 20000000,"255,667,125",6.4,184029
1026,Nosferatu,1922/06/22,F.W. Murnau,Prana Film,Germany,Kaiju,1h 36m,Unrated,"35,000,000",,5.9,223257
1880,Onibaba,1964-10-13,Kaneto Shindo,TOHO,JAPAN,Supernatural|Found Footage,90,PG,"$35,000,000",$254458145,6.4,71314
4386,The Witch,2015/05/24,Robert Eggers,A-24,U.S.A.,Haunted House|Body Horror,,PG,"$35,000,000",242985712,8.2,239631
3668,  Dark Water ,2002/09/27,Hideo Nakata,Toho Co.,JAPAN,Comedy Horror,157 min,R,750000,8030796,5.4,4140
1584,The Blob,12-09-1958,Irvin Yeaworth,Paramount Pictures,USA ,Supernatural,98 min,NC-17,,"$20,452,945",6.0,415377
4955,X,9/14/2022,Ti West,A24,us,Splatter,126,NC-17,"$20,000,000","$253,893,251",7.9,349974
2468,Halloween,18-10-1978,John Carpenter,Compass International,us,Supernatural,164,,,129695880,,151877
3138,Tetsuo the Iron Man,11/18/1989,Shinya Tsukamoto,Kaijyu Theater,JAPAN,Vampire,165 min,PG-13,"$20,000,000",255667125,6.4,5838
2202,  The Texas Chain Saw Massacre ,7/12/1974,Tobe Hooper,Bryanston Pictures,USA,Supernatural,101,PG-13,USD 3000000,,7.9,388685
2979,A NIGHTMARE ON ELM STREET,11/16/1984,Wes Craven,new line cinema,U.S.A.,Werewolf,1h 57m,Not Rated,1500000,"$10,311,433",,458527
3423,battle royale,07-10-2000,Kinji Fukasaku,Toei,Japan,Found Footage,105,PG-13,"$1,500,000",$10261807,7.7,97823
1690,Eyes Without a Face,13-08-1960,Georges Franju,Champs-Elysees,france,Giallo,120,Unrated,20000000,158166156,8.5,75717
2271,Carrie,6/11/1976,Brian De Palma,United Artists,USA,Body Horror,135,PG,$50000,USD 417751,8.5,303228
2066,Witchfinder General,1968-08-24,Michael Reeves,Tigon,UK,Giallo,153 min,Unrated,"10,000,000","$136,636,027",8.5,209036
4643,A Quiet Place,27-06-2018,John Krasinski,Paramount,United States,Supernatural,100 min,Not Rated,$300000,3147005,8.7,242683
1149,THE MUMMY,1932-04-15,Karl Freund,universal,us,Vampire,140 min,Unrated,"$10,000,000","$46,257,698",5.7,165004
2688,The Evil Dead,1981-04-27,Sam Raimi,New Line,USA,Supernatural,114 min,NC-17,"$50,000","$547,550",8.1,369255
4129,Trick 'r Treat,20-04-2007,Michael Dougherty,Warner Bros,United States,Slasher,161,R,"$20,000,000",$87142789,,129356
1321,I Walked with a Zombie,13-10-1943,Jacques Tourneur,RKO Radio Pictures,U.S.A.,Found Footage,144min,R,"$300,000","$2,896,340",8.9,230411
4291,Oculus,2013/09/28,Mike Flanagan,BlumHouse,United States,Kaiju|Haunted House,154,NC-17,120000,$1389242,5.5,447423
1576,The Blob,1958/08/08,Irvin Yeaworth,paramount,United States,Supernatural,98,NC-17,,"20,452,945",6.0,370633
3217,THE SILENCE OF THE LAMBS,15-10-1991,Jonathan Demme,Orion Pictures,USA ,Supernatural|Kaiju,141min,,"$20,000,000","$197,214,540",8.3,454525
4554,The Autopsy of Jane Doe,09/11/2016,Andre Ovredal,IFC Midnight,England,Psychological|Giallo,102,R,120000,,8.7,50786
3204,The Silence of the Lambs,04-06-1991,Jonathan Demme,Orion Pictures,USA ,Supernatural|Kaiju,141,NC-17,"20,000,000","197,214,540",8.3,51497
1492,  Invasion of the Body Snatchers ,11-10-1956,Don Siegel,Allied Artists,United States,Gothic,,R,"1,500,000","$13,594,388",6.5,274119
5294,  The Wicker Man ,18-02-1973,Robin Hardy,British Lion Films,UK,Zombie,1h 17m,Unrated,"6,000,000",USD 4977047,5.9,162443
1401,House of Wax,03/25/1953,Andre de Toth,Warner Bros.,us,Kaiju|Gothic,1h 12m,G,"$10,000,000",USD 90384239,8.2,262614
2581,The Brood,16-11-1979,David Cronenberg,New World Pictures,Canada,Body Horror|Gothic,87,G,USD 10000000,USD 30655121,6.1,316722
1999,kill baby kill,1966/02/16,Mario Bava,FUL Films,Italy,Vampire,,Unrated,"$6,000,000","$49,406,007",6.1,336283
1332,The Uninvited,1944-09-15,Lewis Allen,Paramount Pictures,United States,Found Footage,125min,Unrated,"50,000",,8.7,214091
3640,ju-on the grudge,25-04-2002,Takashi Shimizu,Toei,Nippon,Slasher,113min,Unrated,USD 120000,"547,265",5.4,156676
3047,Re-Animator,1985/03/14,Stuart Gordon,Empire Pictures,U.S.A.,Body Horror,140 min,Unrated,"120,000",$1181119,9.0,965
3099,Hellraiser,7/12/1987,Clive Barker,New World Pictures,U.K.,Slasher,98 min,G,$50000,$269251,6.8,179740
4898,  Titane ,2021-10-15,Julia Ducournau,Neon,france,Werewolf,98min,PG-13,"20,000,000",191227230,4.7,406347
4062,Let the Right One In,05/23/2008,Tomas Alfredson,Sandrew Metronome,Sweden,Occult,162,Unrated,,"$249,436",5.9,8904
2598,The Shining,1980/01/27,Stanley Kubrick,warner bros.,USA,Psychological|Supernatural,151,Not Rated,"$750,000",USD 2789629,6.8,351785
3661,Dark Water,07/15/2002,Hideo Nakata,TOHO,Nippon,Comedy Horror,157,R,"750,000","$8,030,796",5.4,357476
3529,  The Others ,2001-01-24,Alejandro Amenabar,WARNER BROS.,Spain,Splatter,160 min,G,10000000,55008994,8.7,46559
5020,PEARL,7/24/2022,Ti West,A-24,USA ,Cosmic Horror,144,G,"$3,000,000","36,671,785",7.5,276637
3319,audition,03/02/1999,Takashi Miike,Omega Project,Japan,Psychological|Occult,2h 40m,Unrated,"$6,000,000",USD 33618699,8.3,346257
3811,The Descent,05-03-2005,Neil Marshall,Pathe,U.K.,Splatter,73min,PG,1500000,$18020687,6.5,97705
4873,Possessor,2020-04-21,Brandon Cronenberg,NEON,CANADA,Occult,2h 18m,G,"300,000",,8.1,259975
1781,Carnival of Souls,28-01-1962,Herk Harvey,Herts-Lion International,us,Body Horror,100,PG,20000000,"$22,553,699",8.7,134817
1328,I Walked with a Zombie,11-12-1943,Jacques Tourneur,RKO Radio Pictures,United States,Found Footage,144,R,300000,$2896340,8.9,45932
4154,trick 'r treat,2007/03/25,Michael Dougherty,Warner Bros.,USA,Slasher,161,R,20000000,87142789,5.1,38880
3716,High Tension,7/8/2003,Alexandre Aja,EuropaCorp,France,Zombie|Kaiju,,G,"1,500,000",12580491,4.6,150946
3471,Session 9,08/07/2001,Brad Anderson,USA Films,United States,Comedy Horror,71,Not Rated,"$3,000,000",41390468,6.7,229309
2557,The Brood,05-04-1979,David Cronenberg,New World Pictures,CANADA,Body Horror|Gothic,87min,G,10000000,"30,655,121",6.1,127549
3038,Re-Animator,7/26/1985,Stuart Gordon,Empire Pictures,USA,Body Horror,140,Unrated,"120,000","1,181,119",9.0,257967
4656,a quiet place,11/23/2018,John Krasinski,Paramount,United States,Supernatural,100,Not Rated,300000,"$3,147,005",8.7,53196
1095,Frankenstein,11/21/1931,James Whale,Universal Pictures,U.S.A.,Supernatural|Slasher,117,NC-17,"750,000","1,599,134",6.4,193710
5166,The Substance,09/09/2024,Coralie Fargeat,Mubi,France,Psychological,75 min,NC-17,"50,000",USD 101442,8.3,65854
1902,kwaidan,24-04-1964,Masaki Kobayashi,Toho,Nippon,Comedy Horror|Gothic,152,PG-13,,USD 403655,6.6,463946
1720,Peeping Tom,04-05-1960,Michael Powell,Anglo-Amalgamated,U.K.,Werewolf,96,PG,"1,500,000",$16521182,8.0,29514
3691,A TALE OF TWO SISTERS,02-10-2003,Kim Jee-woon,Cineclick Asia,S. Korea,Folk Horror,97,PG,"$3,000,000","$26,985,529",9.2,409710
5002,Pearl,08/21/2022,Ti West,A24,us,Cosmic Horror,144 min,G,"3,000,000","36,671,785",,316589
3907,The Host,8/18/2006,Bong Joon-ho,Showbox,S. Korea,Slasher,83,NC-17,3000000,33187930,9.0,243969
4041,Paranormal Activity,10/07/2007,Oren Peli,BlumHouse,USA ,Giallo,73 min,R,"$10,000,000","$19,874,391",7.0,51277
1056,The Phantom of the Opera,1925-01-09,Rupert Julian,Universal,us,Splatter|Haunted House,2h 34m,,750000,"$4,135,308",6.1,445909
5333,Midsommar,2019-07-26,Ari Aster,A24,USA,Comedy Horror,1h 33m,G,6000000,"$31,450,041",6.8,164206
3731,High Tension,2003-02-08,Alexandre Aja,EuropaCorp,FRANCE,Zombie|Kaiju,161,G,USD 1500000,12580491,4.6,187171
1713,peeping tom,6/26/1960,Michael Powell,Anglo-Amalgamated,U.K.,Werewolf,96,PG,1500000,16521182,8.0,135901
3103,Hellraiser,28-03-1987,Clive Barker,New World Pictures,England,Slasher,98min,G,"50,000","$269,251",6.8,397906
5230,Nosferatu,2/26/2024,Robert Eggers,Focus Features,United States,Occult,135,Not Rated,"$10,000,000","23,048,052",7.7,16719
4555,The Autopsy of Jane Doe,2/25/2016,Andre Ovredal,IFC Midnight,England,Psychological|Giallo,102,R,"120,000",757476,8.7,152594
5185,Longlegs,2024/03/06,Osgood Perkins,neon,us,Gothic,2h 40m,NC-17,"$10,000,000","$54,792,293",6.0,92858
4118,Martyrs,2008/06/24,Pascal Laugier,Wild Bunch,france,Psychological,116min,G,$20000000,"87,265,784",5.1,436826
2056,Night of the Living Dead,1968/10/19,George Romero,Image Ten,U.S.A.,Zombie,108min,G,"$1,500,000",19103735,8.1,408246
4760,Us,11/13/2019,Jordan Peele,Universal Pictures,USA,Psychological,2h 11m,PG,10000000,"$40,925,924",6.6,378618
2214,The Texas Chain Saw Massacre,05/25/1974,Tobe Hooper,Bryanston Pictures,USA ,Supernatural,101,,3000000,"$13,374,047",7.9,581
3861,Wolf Creek,2005-01-28,Greg McLean,Roadshow,Australia,Vampire,110,G,"$6,000,000","$46,531,729",7.5,286070
2512,Alien,1979/06/09,Ridley Scott,20th Century Fox,U.K.,Occult|Creature Feature,1h 56m,G,"$10,000,000",USD 15461470,6.4,380090
1109,Frankenstein,13-09-1931,James Whale,Universal,U.S.A.,Supernatural|Slasher,117min,NC-17,750000,USD 1599134,6.4,82462
2019,Rosemary's Baby,1968/12/22,Roman Polanski,Paramount Pictures,USA,Giallo,137,,20000000,$7001250,6.7,423384
2858,Poltergeist,04-06-1982,Tobe Hooper,MGM,United States,Cosmic Horror|Gothic,151,PG,$10000000,77775922,,124300
4634,It,10/02/2017,Andy Muschietti,WARNER BROS.,U.S.A.,Zombie|Giallo,89min,NC-17,,,5.8,206500
4960,X,01/27/2022,Ti West,A-24,USA,Splatter,126,NC-17,20000000,253893251,7.9,204577
1266,Cat People,1942/09/18,,RKO Radio Pictures,U.S.A.,Werewolf|Creature Feature,1h 14m,Not Rated,"$300,000",927054,,299956
2060,  Witchfinder General ,1968-03-26,Michael Reeves,Tigon,U.K.,Giallo,2h 33m,Unrated,"$10,000,000","136,636,027",8.5,55029
3396,The Sixth Sense,1999/02/12,M. Night Shyamalan,Buena Vista,U.S.A.,Comedy Horror,157 min,,"$300,000",3957945,5.3,460893
2269,Carrie,03/14/1976,Brian De Palma,United Artists,us,Body Horror,2h 15m,PG,"50,000",417751,8.5,200650
1687,Eyes Without a Face,5/3/1960,Georges Franju,Champs-Elysees,france,Giallo,120 min,Unrated,$20000000,158166156,8.5,96435
4445,Green Room,11/15/2015,Jeremy Saulnier,A24,USA,Body Horror,94 min,G,"$750,000","$9,129,839",9.0,141024
3982,REC,05-08-2007,Jaume Balaguero,Filmax,Spain,Zombie,144min,PG,"20,000,000",,7.4,81660
4510,Raw,08/01/2016,Julia Ducournau,Wild Bunch,FRANCE,Folk Horror|Cosmic Horror,156,R,"300,000","$2,396,256",8.5,418994
5164,  The Substance ,11/09/2024,Coralie Fargeat,Mubi,france,Psychological,75,NC-17,USD 50000,"101,442",8.3,240931
1609,House on Haunted Hill,12/8/1959,William Castle,Allied Artists,USA ,Cosmic Horror,132,PG-13,$300000,4138573,6.0,53591
3791,Saw,2004-11-20,James Wan,Lions Gate,us,Occult,75,Not Rated,10000000,,6.1,153446
1935,  Repulsion ,1965-03-21,Roman Polanski,Compton Films,England,Cosmic Horror|Supernatural,142 min,PG,,,7.3,268821
4917,Malignant,08/13/2021,James Wan,WARNER BROS.,U.S.A.,Zombie,2h 18m,PG-13,,USD 583939,7.5,37726
3473,Session 9,2001-04-13,Brad Anderson,USA Films,USA,Comedy Horror,71,Not Rated,"$3,000,000",,6.7,95662
1907,Kwaidan,3/27/1964,Masaki Kobayashi,TOHO,JAPAN,Comedy Horror|Gothic,152,PG-13,,403655,6.6,431778
1516,The Curse of Frankenstein,1957-09-26,Terence Fisher,HAMMER FILMS,UK,Werewolf|Vampire,129min,PG-13,"$10,000,000",139128163,6.5,137023
3455,battle royale,11/10/2000,Kinji Fukasaku,Toei,Nippon,Found Footage,1h 45m,PG-13,1500000,"$10,261,807",7.7,177333
4276,Oculus,2013/09/09,Mike Flanagan,Blumhouse,United States,Kaiju|Haunted House,154min,NC-17,120000,"1,389,242",5.5,34232
3237,Candyman,1992/01/16,Bernard Rose,TriStar Pictures,U.S.A.,Comedy Horror|Zombie,78,PG-13,50000,197869,6.1,303783
4082,Let the Right One In,2008/06/28,,Sandrew Metronome,Sweden,Occult,162,Unrated,"$50,000","$249,436",5.9,348930
1064,Dracula,1931/10/28,Tod Browning,Universal,U.S.A.,Found Footage,84,R,"$300,000",471267,5.6,106691
3355,The Blair Witch Project,08/17/1999,Daniel Myrick,Artisan Entertainment,USA ,Splatter,1h 58m,Unrated,,"$2,812,847",9.0,419417
2467,Halloween,1978/03/01,John Carpenter,Compass International,USA,Supernatural,164,PG-13,"$10,000,000","$129,695,880",6.8,252353
5296,Audition,4/24/1999,,Omega Project,Nippon,Psychological|Occult,160min,,"6,000,000",,8.3,224507
4483,Train to Busan,1/13/2016,Yeon Sang-ho,Next Entertainment World,S. Korea,Giallo,2h 45m,Unrated,"$1,500,000","18,027,397",6.7,472910
2368,Eraserhead,1977-08-04,David Lynch,Libra Films,United States,Zombie,149 min,PG-13,"3,000,000","39,909,840",8.3,66146
3658,Dark Water,02/13/2002,Hideo Nakata,toho,JAPAN,Comedy Horror,157 min,R,"$750,000","8,030,796",5.4,176713
4283,Oculus,06/13/2013,Mike Flanagan,Blumhouse,USA,Kaiju|Haunted House,154,NC-17,"120,000","$1,389,242",5.5,63869
1236,The Wolf Man,1941-10-28,George Waggner,universal,us,Psychological,126 min,Not Rated,"35,000,000","$341,406,775",5.4,169361
3550,Pulse,5/28/2001,,Toho,Japan,Creature Feature|Body Horror,99,NC-17,300000,190306,5.2,91475
4506,Train to Busan,01-12-2016,Yeon Sang-ho,Next Entertainment World,S. Korea,Giallo,165,Unrated,USD 1500000,"$18,027,397",6.7,223994
1079,Dracula,10-09-1931,Tod Browning,Universal  ,U.S.A.,Found Footage,84,R,USD 300000,"$471,267",5.6,201508
2239,Deep Red,1975/11/21,Dario Argento,Rizzoli Film,italy,Supernatural,112min,Not Rated,"$10,000,000","14,234,893",8.9,458743
2610,THE SHINING,1980-05-01,Stanley Kubrick,Warner Bros,USA ,Psychological|Supernatural,2h 31m,Not Rated,"$750,000",2789629,6.8,95022
1316,I Walked with a Zombie,08/28/1943,Jacques Tourneur,RKO Radio Pictures,USA,Found Footage,,R,"300,000","2,896,340",8.9,33197
1870,Blood and Black Lace,4/6/1964,Mario Bava,Emmepi Cinematografica,ITALY,Gothic|Giallo,2h 23m,,USD 120000,215381,8.4,343004
3600,28 Days Later,2002-08-17,Danny Boyle,Fox Searchlight,England,Folk Horror,147,R,"$6,000,000",25855318,8.7,463120
3829,The Descent,2005/05/17,Neil Marshall,Pathe,U.K.,Splatter,73,,1500000,,6.5,284906
4908,Titane,06-06-2021,Julia Ducournau,NEON,France,Werewolf,98min,PG-13,"$20,000,000",$191227230,4.7,187037
3056,The Fly,07-11-1986,David Cronenberg,20th Century Fox,U.S.A.,Cosmic Horror,104,R,"35,000,000","$407,590,945",7.8,6969
3061,The Fly,1986/02/08,,20th Century Fox,us,Cosmic Horror,104,R,"35,000,000",USD 407590945,7.8,470073
4476,the wailing,14-05-2016,Na Hong-jin,20th Century Fox Korea,S. Korea,Found Footage,150min,Not Rated,"750,000",$6632236,7.6,131129
3629,  Ju-on The Grudge ,11/06/2002,Takashi Shimizu,Toei,Nippon,Slasher,113min,Unrated,"120,000",$547265,5.4,271689
4659,A Quiet Place,3/22/2018,John Krasinski,Paramount,United States,Supernatural,100 min,Not Rated,"$300,000",USD 3147005,8.7,36525
1685,Eyes Without a Face,21-05-1960,Georges Franju,Champs-Elysees,FRANCE,Giallo,2h 0m,Unrated,"$20,000,000",158166156,8.5,82196
3441,Battle Royale,2000/07/26,Kinji Fukasaku,Toei,JAPAN,Found Footage,105,PG-13,"$1,500,000",10261807,7.7,287098
5224,Nosferatu,6/11/2024,Robert Eggers,Focus Features,United States,Occult,135,Not Rated,10000000,"$23,048,052",7.7,175669
3340,Audition,12/24/1999,Takashi Miike,Omega Project,Nippon,Psychological|Occult,160,Unrated,"$6,000,000",,8.3,438353
5304,Wolf Creek,04/09/2005,Greg McLean,Roadshow,Australia,Vampire,1h 50m,,"$6,000,000",,7.5,59360
1291,Cat People,2/13/1942,Jacques Tourneur,RKO Radio Pictures,USA,Werewolf|Creature Feature,74,Not Rated,"$300,000",$927054,6.8,240978
4936,Malignant,10/08/2021,James Wan,Warner Bros.,USA ,Zombie,138,,"50,000",USD 583939,7.5,80688
3555,Pulse,2001/10/20,Kiyoshi Kurosawa,Toho,JAPAN,Creature Feature|Body Horror,99,NC-17,,"$190,306",5.2,270919
1857,Blood and Black Lace,26-10-1964,Mario Bava,Emmepi Cinematografica,Italy,Gothic|Giallo,,NC-17,120000,"$215,381",8.4,24023
3522,  The Others ,8/11/2001,Alejandro Amenabar,warner bros.,Spain,Splatter,160 min,G,,"$55,008,994",8.7,190235
1567,The Blob,1958/11/02,Irvin Yeaworth,paramount,U.S.A.,Supernatural,,NC-17,"1,500,000",$20452945,6.0,292400
1355,The Thing from Another World,1951/12/08,Christian Nyby,RKO Radio Pictures,U.S.A.,Giallo|Creature Feature,81 min,Unrated,$50000,,8.5,407080
2648,Cannibal Holocaust,4/23/1980,Ruggero Deodato,United Artists Europa,italy,Gothic,126 min,NC-17,,270483,,5373
3537,The Others,18-08-2001,Alejandro Amenabar,Warner Bros,Spain,Splatter,160 min,,10000000,"$55,008,994",8.7,90197
1327,I Walked with a Zombie,09/21/1943,Jacques Tourneur,RKO Radio Pictures,USA ,Found Footage,144,R,300000,2896340,8.9,113871
5225,nosferatu,05/20/2024,Robert Eggers,Focus Features,USA,Occult,135 min,Not Rated,"$10,000,000","23,048,052",7.7,354422
3737,High Tension,03/03/2003,Alexandre Aja,EuropaCorp,France,Zombie|Kaiju,2h 41m,G,"$1,500,000","$12,580,491",4.6,261080
5155,Late Night with the Devil,12-05-2023,Colin Cairnes,IFC Films,Australia,Psychological,70 min,NC-17,$6000000,"$44,680,381",8.2,149789
3573,PULSE,2001/09/25,Kiyoshi Kurosawa,Toho Co.,JAPAN,Creature Feature|Body Horror,99,NC-17,"$300,000",190306,5.2,74608
1111,Frankenstein,05/19/1931,James Whale,Universal  ,United States,Supernatural|Slasher,117 min,NC-17,"$750,000",$1599134,6.4,89305
1279,Cat People,1942/01/15,Jacques Tourneur,RKO Radio Pictures,United States,Werewolf|Creature Feature,74min,Not Rated,"$300,000","927,054",6.8,174906
2164,don't look now,11/16/1973,,Casey Productions,UK,Zombie|Found Footage,121,R,3000000,"$8,311,755",5.4,128464
1715,Peeping Tom,1960/11/18,Michael Powell,Anglo-Amalgamated,United Kingdom,Werewolf,96,PG,$1500000,USD 16521182,,412310
1138,Freaks,4/25/1932,Tod Browning,MGM,U.S.A.,Cosmic Horror,72,Unrated,6000000,"5,451,081",4.6,325893
3306,Ringu,1998/08/25,Hideo Nakata,toho,JAPAN,Psychological,,PG,"20,000,000",$8179313,4.9,473501
4966,X,2022-12-05,Ti West,A-24,U.S.A.,Splatter,126,NC-17,,,7.9,261797
1058,Dracula,1931-06-24,Tod Browning,Universal,us,Found Footage,84min,R,"$300,000",$471267,5.6,84694
1741,The Innocents,1961/05/07,Jack Clayton,20th Century Fox,UK,Splatter,122,NC-17,"$1,500,000","$19,063,753",7.0,316640
1066,Dracula,1931-12-07,Tod Browning,Universal Pictures,USA,Found Footage,84,R,300000,"$471,267",5.6,189094
4257,The Conjuring,2013-04-21,James Wan,warner bros.,United States,Werewolf,91,Unrated,"50,000","75,128",9.0,211652
1534,Horror of Dracula,1958-05-11,,Hammer,UK,Found Footage,117 min,,10000000,"$99,981,464",8.6,154637
4376,Goodnight Mommy,2014-11-24,Veronika Franz,Ulrich Seidl Film,Austria,Giallo,75,G,"300,000","165,609",6.1,157157
2514,Alien,1979-08-13,Ridley Scott,20th Century Fox,U.K.,Occult|Creature Feature,1h 56m,G,"10,000,000",15461470,6.4,440352
5328,An American Werewolf in London,1981/11/26,John Landis,Universal  ,UK,Cosmic Horror,89,Unrated,"$50,000",400014,8.8,343386
4747,Us,01-02-2019,Jordan Peele,Universal,us,Psychological,131,PG,,"$40,925,924",6.6,17134
3967,REC,2007/11/27,Jaume Balaguero,Filmax,Spain,Zombie,144,PG,20000000,"126,904,732",7.4,2955
1855,Blood and Black Lace,10/3/1964,Mario Bava,Emmepi Cinematografica,Italy,Gothic|Giallo,143,NC-17,,$215381,8.4,204844
1468,Godzilla,7/17/1954,Ishiro Honda,TOHO,Japan,Cosmic Horror,160,PG-13,$6000000,"$47,256,128",7.4,129628
4240,The Conjuring,2013/08/28,James Wan,Warner Bros.,us,Werewolf,91min,Unrated,50000,"75,128",9.0,397802
4871,Possessor,2020/10/07,Brandon Cronenberg,Neon,Canada,Occult,2h 18m,G,"300,000",USD 667524,8.1,62508
4596,Get Out,2/24/2017,Jordan Peele,BlumHouse,us,Comedy Horror,111,Unrated,"$120,000","$1,256,432",7.9,380698
2936,  Videodrome ,02/24/1983,David Cronenberg,UNIVERSAL,CANADA,Supernatural,70,NC-17,35000000,"$391,950,781",7.4,272293
4859,Saint Maud,05/15/2019,Rose Glass,A24,UK,Folk Horror|Supernatural,101,NC-17,"3,000,000",USD 9179482,8.4,79749
3868,Wolf Creek,2005/07/15,Greg McLean,Roadshow,Australia,Vampire,1h 50m,G,6000000,"$46,531,729",7.5,87594
2232,Deep Red,11/15/1975,Dario Argento,Rizzoli Film,ITALY,Supernatural,112min,Not Rated,,"$14,234,893",8.9,399868
3359,The Blair Witch Project,6/7/1999,Daniel Myrick,Artisan Entertainment,USA ,Splatter,118min,Unrated,"300,000","$2,812,847",9.0,19017
2912,City of the Living Dead,10/20/1980,Lucio Fulci,Dania Film,italy,Psychological,102,G,"$3,000,000","$6,159,368",8.8,89923
3069,The Fly,09/25/1986,David Cronenberg,20th Century Fox,us,Cosmic Horror,104 min,R,35000000,"$407,590,945",7.8,9224
3827,The Descent,05-10-2005,Neil Marshall,Pathe,United Kingdom,Splatter,1h 13m,PG,1500000,,6.5,287763
3865,Wolf Creek,25-06-2005,Greg McLean,Roadshow,Australia,Vampire,110min,G,6000000,"$46,531,729",7.5,460676
1789,Carnival of Souls,16-02-1962,Herk Harvey,Herts-Lion International,U.S.A.,Body Horror,1h 40m,PG,USD 20000000,,8.7,384323
1716,Peeping Tom,5/23/1960,Michael Powell,Anglo-Amalgamated,United Kingdom,Werewolf,96 min,PG,$1500000,"$16,521,182",8.0,108305
4122,Trick 'r Treat,4/16/2007,Michael Dougherty,Warner Bros,United States,Slasher,161,R,"$20,000,000","87,142,789",5.1,371878
1640,Psycho,13-12-1960,Alfred Hitchcock,Paramount Pictures,USA ,Supernatural,162min,PG-13,"120,000",USD 1526242,6.9,144649
1850,Blood and Black Lace,23-06-1964,Mario Bava,Emmepi Cinematografica,Italy,Gothic|Giallo,143,NC-17,"$120,000",,,187893
1957,Repulsion,1965/11/23,Roman Polanski,Compton Films,United Kingdom,Cosmic Horror|Supernatural,142,PG,"$300,000","$4,103,145",7.3,54399
3175,Jacob's Ladder,1990-04-11,Adrian Lyne,TriStar Pictures,USA ,Vampire,1h 47m,Not Rated,$120000,1088354,5.5,44238
3253,Cronos,10-11-1993,Guillermo del Toro,October Films,Mexico,Werewolf|Body Horror,71,R,"120,000","$200,544",5.0,245693
5169,The Substance,3/7/2024,Coralie Fargeat,Mubi,FRANCE,Psychological,75,NC-17,"$50,000","$101,442",8.3,312687
1196,The Invisible Man,04/14/1933,James Whale,Universal,USA,Vampire,157,Not Rated,20000000,"$208,181,238",5.8,144322
1941,Repulsion,04-03-1965,Roman Polanski,Compton Films,UK,Cosmic Horror|Supernatural,2h 22m,PG,,USD 4103145,7.3,457744
2129,The Exorcist,10/15/1973,William Friedkin,Warner Bros.,U.S.A.,Haunted House|Vampire,105,PG,1500000,"3,109,059",7.9,281598
1517,The Curse of Frankenstein,10/03/1957,Terence Fisher,hammer films,United Kingdom,Werewolf|Vampire,129,PG-13,$10000000,"$139,128,163",6.5,318419
2294,  The Omen ,1/2/1976,Richard Donner,20th Century Fox,U.S.A.,Vampire,144,PG,"$3,000,000",5923606,8.9,10466
3714,High Tension,7/9/2003,Alexandre Aja,EuropaCorp,FRANCE,Zombie|Kaiju,161,G,"1,500,000",12580491,4.6,253885
2702,The Evil Dead,13-05-1981,Sam Raimi,new line cinema,USA,Supernatural,114 min,NC-17,"50,000",$547550,8.1,472444
1496,Invasion of the Body Snatchers,06/11/1956,Don Siegel,Allied Artists,U.S.A.,Gothic,123,R,"1,500,000",13594388,6.5,298319
3183,JACOB'S LADDER,01/07/1990,Adrian Lyne,TriStar Pictures,United States,Vampire,1h 47m,Not Rated,"$120,000","1,088,354",5.5,357716
1308,I Walked with a Zombie,2/22/1943,Jacques Tourneur,RKO Radio Pictures,USA,Found Footage,144,R,"$300,000","$2,896,340",8.9,386036
1457,Godzilla,14-04-1954,Ishiro Honda,TOHO,Japan,Cosmic Horror,160,PG-13,"$6,000,000",USD 47256128,7.4,274271
2722,AN AMERICAN WEREWOLF IN LONDON,01-07-1981,John Landis,Universal,UK,Cosmic Horror,1h 29m,Unrated,"$50,000",USD 400014,8.8,243577
3194,Jacob's Ladder,1990-12-28,Adrian Lyne,TriStar Pictures,U.S.A.,Vampire,107,Not Rated,,1088354,5.5,271263
2483,Dawn of the Dead,1978-11-25,George Romero,United Film Distribution,U.S.A.,Werewolf,135 min,Unrated,$10000000,"$44,664,160",8.1,448298
2344,Suspiria,25-05-1977,Dario Argento,Seda Spettacoli,ITALY,Occult,145,Unrated,"$35,000,000",113427337,,136691
1171,The Invisible Man,23-04-1933,James Whale,UNIVERSAL,United States,Vampire,2h 37m,Not Rated,"$20,000,000",$208181238,5.8,280757
2644,  The Fog ,1980/01/09,John Carpenter,Avco Embassy,United States,Vampire,102 min,NC-17,USD 1500000,"$3,085,118",4.7,439297
2040,Night of the Living Dead,3/26/1968,George Romero,Image Ten,USA ,Zombie,108,G,"$1,500,000",$19103735,8.1,462332
1644,Psycho,1960/03/25,Alfred Hitchcock,Paramount,USA,Supernatural,2h 42m,PG-13,"$120,000",1526242,6.9,40294
3897,Pan's Labyrinth,2006/02/24,Guillermo del Toro,Warner Bros. Pictures,Spain,Folk Horror,91min,Unrated,"300,000","806,854",4.6,461737
1959,REPULSION,11/6/1965,Roman Polanski,Compton Films,UK,Cosmic Horror|Supernatural,2h 22m,PG,"$300,000","4,103,145",7.3,137584
3035,re-animator,08/05/1985,Stuart Gordon,Empire Pictures,USA,Body Horror,140,Unrated,120000,"$1,181,119",9.0,128530
2249,Shivers,1975-07-03,David Cronenberg,Cinepix,CANADA,Cosmic Horror,2h 5m,,"$1,500,000","$18,485,513",8.0,306309
2820,The Thing,1982-09-19,John Carpenter,Universal,United States,Folk Horror|Psychological,1h 19m,R,,21098115,8.6,273025
2185,Don't Look Now,01/25/1973,Nicolas Roeg,Casey Productions,UK,Zombie|Found Footage,121,R,"$3,000,000",,5.4,456789
3789,Saw,01/06/2004,James Wan,Lions Gate,us,Occult,75,Not Rated,USD 10000000,"$126,782,523",6.1,429044
1402,House of Wax,12/7/1953,Andre de Toth,warner bros.,us,Kaiju|Gothic,72,G,"$10,000,000",,8.2,118708
4727,Suspiria,07-02-2018,Luca Guadagnino,Amazon Studios,italy,Folk Horror|Splatter,154min,,"$300,000","3,561,660",8.6,381967
2422,HOUSE,1977/12/20,Nobuhiko Obayashi,TOHO,Japan,Creature Feature,,Not Rated,"$120,000",USD 385505,8.3,255951
3951,Inside,2007-09-06,Alexandre Bustillo,La Fabrique de Films,FRANCE,Gothic,100,Unrated,"$35,000,000",$435166860,8.3,437195
1313,I Walked with a Zombie,1943/08/10,Jacques Tourneur,RKO Radio Pictures,us,Found Footage,144min,R,"$300,000",,8.9,157723
3130,Tetsuo the Iron Man,7/22/1989,Shinya Tsukamoto,Kaijyu Theater,Nippon,Vampire,165 min,PG-13,"$20,000,000","$255,667,125",6.4,448358
4551,The Autopsy of Jane Doe,10/24/2016,Andre Ovredal,IFC Midnight,United Kingdom,Psychological|Giallo,102min,R,120000,USD 757476,8.7,309925
3889,Pan's Labyrinth,2006/06/26,Guillermo del Toro,Warner Bros. Pictures,Spain,Folk Horror,91,Unrated,$300000,"$806,854",4.6,139037
3336,Audition,12/10/1999,Takashi Miike,Omega Project,JAPAN,Psychological|Occult,160min,Unrated,6000000,"$33,618,699",8.3,169890
3966,REC,2007-10-11,Jaume Balaguero,Filmax,Spain,Zombie,144,PG,20000000,"$126,904,732",7.4,46547
1472,INVASION OF THE BODY SNATCHERS,25-06-1956,,Allied Artists,United States,Gothic,123 min,R,"$1,500,000",$13594388,6.5,305459
1145,The Mummy,1932-12-01,Karl Freund,Universal  ,United States,Vampire,2h 20m,Unrated,"$10,000,000","46,257,698",5.7,456814
1501,Invasion of the Body Snatchers,08/20/1956,Don Siegel,Allied Artists,United States,Gothic,123 min,R,$1500000,USD 13594388,6.5,237817
4320,The Babadook,22-12-2014,Jennifer Kent,Causeway Films,Australia,Found Footage|Zombie,86 min,Unrated,6000000,49894496,7.0,412522
3728,High Tension,08-07-2003,Alexandre Aja,EuropaCorp,FRANCE,Zombie|Kaiju,161,G,,$12580491,4.6,434273
1523,The Curse of Frankenstein,27-07-1957,Terence Fisher,Hammer Films,U.K.,Werewolf|Vampire,129min,PG-13,$10000000,139128163,6.5,228104
1202,Bride of Frankenstein,12/22/1935,James Whale,Universal,USA,Giallo,1h 23m,PG-13,6000000,"$69,360,250",8.0,405313
2552,Zombie Flesh Eaters,1979/08/06,Lucio Fulci,Variety Film,Italy,Vampire,142,PG,USD 20000000,,8.7,457775
1420,Creature from the Black Lagoon,22-09-1954,Jack Arnold,Universal  ,us,Psychological|Cosmic Horror,80min,PG,$10000000,"$131,198,528",4.7,251365
5251,The Autopsy of Jane Doe,2016-02-16,Andre Ovredal,IFC Midnight,England,Psychological|Giallo,102min,,"120,000",USD 757476,8.7,193082
3815,The Descent,2005/05/15,Neil Marshall,Pathe,England,Splatter,1h 13m,PG,USD 1500000,,6.5,186890
4668,A Quiet Place,11-01-2018,John Krasinski,paramount,USA,Supernatural,100,Not Rated,USD 300000,3147005,8.7,153094
1028,Nosferatu,1/16/1922,F.W. Murnau,Prana Film,Germany,Kaiju,96,Unrated,,USD 186704614,5.9,378559
1205,Bride of Frankenstein,1935-05-08,James Whale,Universal  ,USA ,Giallo,83min,,"6,000,000","$69,360,250",8.0,399175
5132,Late Night with the Devil,9/28/2023,Colin Cairnes,IFC Films,Australia,Psychological,70,NC-17,6000000,,8.2,180683
2576,The Brood,01/07/1979,David Cronenberg,New World Pictures,CANADA,Body Horror|Gothic,87 min,,10000000,"$30,655,121",6.1,51697
3275,Cronos,1993/10/01,Guillermo del Toro,October Films,Mexico,Werewolf|Body Horror,71 min,R,120000,200544,5.0,459650
1168,The Mummy,27-09-1932,Karl Freund,Universal  ,United States,Vampire,140,,$10000000,"46,257,698",5.7,399530
1665,Black Sunday,12/25/1960,Mario Bava,Galatea Film,italy,Supernatural|Psychological,113min,NC-17,"50,000","426,793",6.5,285830
4666,A Quiet Place,2018-10-01,John Krasinski,paramount,us,Supernatural,100 min,Not Rated,300000,3147005,8.7,78708
2286,Carrie,6/6/1976,Brian De Palma,United Artists,USA,Body Horror,,PG,"50,000","417,751",8.5,253427
1179,The Invisible Man,1/2/1933,James Whale,Universal Pictures,us,Vampire,,Not Rated,"$20,000,000","$208,181,238",5.8,293241
4204,The Cabin in the Woods,2011/05/27,Drew Goddard,Lionsgate,USA,Body Horror,107 min,Not Rated,"$35,000,000","$16,820,487",7.4,45485
1331,The Uninvited,09/05/1944,Lewis Allen,paramount,U.S.A.,Found Footage,125 min,Unrated,$50000,USD 55760,,126905
2351,Suspiria,1977/12/22,Dario Argento,Seda Spettacoli,ITALY,Occult,145min,Unrated,$35000000,,,205842
1480,Invasion of the Body Snatchers,6/27/1956,Don Siegel,Allied Artists,USA,Gothic,,R,USD 1500000,,6.5,460317
4837,Parasite,08/09/2019,Bong Joon-ho,CJ Entertainment,S. Korea,Folk Horror,81,G,"1,500,000",USD 469037,6.5,13184
1974,Kill Baby Kill,12-08-1966,Mario Bava,FUL Films,italy,Vampire,72min,Unrated,"$6,000,000",49406007,6.1,7946
1406,House of Wax,11/20/1953,Andre de Toth,warner bros.,USA,Kaiju|Gothic,72,G,10000000,USD 90384239,8.2,292495
2971,A Nightmare on Elm Street,1984/07/09,Wes Craven,new line cinema,USA ,Werewolf,117min,Not Rated,"$1,500,000",$10311433,,403035
5358,Poltergeist,26-04-1982,Tobe Hooper,MGM,us,Cosmic Horror|Gothic,151,PG,10000000,,9.0,49023
1771,CARNIVAL OF SOULS,1962/03/26,Herk Harvey,Herts-Lion International,us,Body Horror,100 min,PG,"$20,000,000","22,553,699",8.7,90229
1078,Dracula,1931-01-11,Tod Browning,Universal Pictures,USA,Found Footage,84,R,"$300,000",,5.6,432737
1139,Freaks,10/26/1932,Tod Browning,MGM,United States,Cosmic Horror,72,,"$6,000,000","$5,451,081",4.6,42030
2196,The Texas Chain Saw Massacre,19-01-1974,Tobe Hooper,Bryanston Pictures,U.S.A.,Supernatural,,PG-13,,USD 13374047,7.9,242193
1537,horror of dracula,12-02-1958,Terence Fisher,Hammer,UK,Found Footage,117,R,"10,000,000",$99981464,8.6,303399
3398,THE SIXTH SENSE,22-12-1999,M. Night Shyamalan,Buena Vista,us,Comedy Horror,157,G,"300,000","3,957,945",5.3,107840
3342,Audition,08/17/1999,Takashi Miike,Omega Project,Japan,Psychological|Occult,160 min,Unrated,$6000000,33618699,8.3,237553
5104,When Evil Lurks,10/1/2023,Demian Rugna,Shudder,Argentina,Body Horror,146,PG-13,"$750,000","$9,856,995",8.7,74125
2025,Rosemary's Baby,1968-01-07,Roman Polanski,Paramount Pictures,U.S.A.,Giallo,137min,PG,"20,000,000","$7,001,250",6.7,350895
4832,Parasite,2019/06/24,Bong Joon-ho,CJ Entertainment,S. Korea,Folk Horror,81,G,"$1,500,000",,6.5,158847
4685,Hereditary,4/2/2018,,A-24,USA ,Zombie,118 min,NC-17,300000,"$3,726,295",7.1,122872
4521,Raw,03-03-2016,Julia Ducournau,Wild Bunch,FRANCE,Folk Horror|Cosmic Horror,156 min,R,"300,000","$2,396,256",8.5,223315
2815,The Thing,11/25/1982,John Carpenter,Universal Pictures,USA ,Folk Horror|Psychological,79min,,,21098115,8.6,370069
3388,The Blair Witch Project,12/06/1999,Daniel Myrick,Artisan Entertainment,USA ,Splatter,118 min,Unrated,,2812847,9.0,23135
2310,  The Omen ,01/18/1976,Richard Donner,20th Century Fox,USA,Vampire,144min,PG,"3,000,000",5923606,8.9,311043
3772,Shaun of the Dead,6/21/2004,Edgar Wright,Universal Pictures,U.K.,Cosmic Horror,74min,PG-13,"$10,000,000",,8.6,142596
3046,Re-Animator,1985/07/04,Stuart Gordon,Empire Pictures,United States,Body Horror,140,Unrated,120000,"$1,181,119",9.0,448279
1866,Blood and Black Lace,1964-03-19,Mario Bava,Emmepi Cinematografica,italy,Gothic|Giallo,143,NC-17,120000,"215,381",8.4,316722
1566,The Blob,15-11-1958,Irvin Yeaworth,Paramount Pictures,U.S.A.,Supernatural,1h 38m,NC-17,"1,500,000",$20452945,6.0,312786
3039,Re-Animator,09/10/1985,Stuart Gordon,Empire Pictures,USA ,Body Horror,140,Unrated,"120,000","$1,181,119",9.0,87840
2078,WITCHFINDER GENERAL,1968/07/17,Michael Reeves,Tigon,United Kingdom,Giallo,153,Unrated,10000000,"$136,636,027",8.5,107530
4159,Insidious,05/19/2010,James Wan,Blumhouse,us,Kaiju,2h 2m,Not Rated,300000,"$636,169",5.8,97401
4050,Paranormal Activity,12/13/2007,Oren Peli,BlumHouse,USA,Giallo,73,R,10000000,"$19,874,391",7.0,231458
3395,The Sixth Sense,11-06-1999,M. Night Shyamalan,Buena Vista,us,Comedy Horror,157,G,USD 300000,"$3,957,945",5.3,28243
3510,The Devil's Backbone,2001/06/24,Guillermo del Toro,Warner Sogefilms,Spain,Gothic,117min,PG-13,750000,555817,6.6,477350
3729,High Tension,03/17/2003,Alexandre Aja,EuropaCorp,FRANCE,Zombie|Kaiju,161,G,"$1,500,000",$12580491,4.6,379627
3302,Ringu,1998/04/06,Hideo Nakata,TOHO,Nippon,Psychological,71,PG,"$20,000,000","$8,179,313",4.9,220980
4170,insidious,2010/04/23,James Wan,Blumhouse Productions,us,Kaiju,122,Not Rated,300000,,5.8,356198
3139,tetsuo the iron man,11/17/1989,Shinya Tsukamoto,Kaijyu Theater,Japan,Vampire,165min,PG-13,,USD 255667125,6.4,300356
2924,Videodrome,1983-12-23,David Cronenberg,Universal Pictures,canada,Supernatural,70,NC-17,USD 35000000,"$391,950,781",7.4,313820
3619,Ju-on The Grudge,2002-01-27,Takashi Shimizu,Toei,Japan,Slasher,113 min,Unrated,"$120,000",USD 547265,5.4,369929
4670,A Quiet Place,2018/10/12,John Krasinski,Paramount Pictures,USA ,Supernatural,1h 40m,Not Rated,"$300,000",$3147005,8.7,55042
5246,Late Night with the Devil,2023/01/23,Colin Cairnes,IFC Films,Australia,Psychological,70 min,NC-17,,$44680381,8.2,207320
1101,Frankenstein,1931/06/17,James Whale,UNIVERSAL,USA,Supernatural|Slasher,117,NC-17,750000,1599134,6.4,76630
2465,halloween,03/14/1978,John Carpenter,Compass International,United States,Supernatural,164,PG-13,,$129695880,6.8,86606
1059,Dracula,2/22/1931,Tod Browning,universal,us,Found Footage,84,R,"$300,000","$471,267",5.6,395836
3075,The Fly,15-02-1986,David Cronenberg,20th Century Fox,USA,Cosmic Horror,104 min,R,,"$407,590,945",7.8,323357
1489,Invasion of the Body Snatchers,09/16/1956,Don Siegel,Allied Artists,USA,Gothic,123,R,"1,500,000",13594388,6.5,400039
3673,Dark Water,3/16/2002,Hideo Nakata,Toho Co.,Nippon,Comedy Horror,,R,"$750,000","8,030,796",5.4,304029
4144,Trick 'r Treat,2007/12/01,Michael Dougherty,warner bros.,United States,Slasher,2h 41m,R,"20,000,000","87,142,789",,11326
2656,Cannibal Holocaust,1980-08-13,Ruggero Deodato,United Artists Europa,ITALY,Gothic,126min,,"120,000",USD 270483,6.4,175446
3431,Battle Royale,2000/08/01,Kinji Fukasaku,Toei,Nippon,Found Footage,105,PG-13,"$1,500,000","10,261,807",7.7,147025
3231,candyman,1992/03/28,Bernard Rose,TriStar Pictures,us,Comedy Horror|Zombie,78,PG-13,"$50,000","$197,869",6.1,241668
4399,The Witch,07/11/2015,Robert Eggers,a24,USA,Haunted House|Body Horror,93 min,PG,"35,000,000",$242985712,8.2,439662
5086,Infinity Pool,2023/09/02,Brandon Cronenberg,neon,CANADA,Cosmic Horror,118min,PG-13,"$35,000,000",98151327,6.4,283508
1579,The Blob,11/05/1958,Irvin Yeaworth,Paramount Pictures,USA,Supernatural,98,NC-17,"$1,500,000",,6.0,357642
5297,Freaks,1932/06/18,Tod Browning,MGM,USA ,Cosmic Horror,72,Unrated,USD 6000000,USD 5451081,4.6,9811
3988,The Orphanage,08/08/2007,J.A. Bayona,Warner Bros. Pictures,Spain,Creature Feature|Haunted House,145min,R,"20,000,000","220,449,652",5.4,457596
2039,Night of the Living Dead,05/12/1968,George Romero,Image Ten,U.S.A.,Zombie,108,G,"$1,500,000",USD 19103735,8.1,103642
1603,House on Haunted Hill,3/17/1959,William Castle,Allied Artists,United States,Cosmic Horror,2h 12m,PG-13,,"4,138,573",6.0,374539
3513,The Devil's Backbone,12/15/2001,Guillermo del Toro,Warner Sogefilms,Spain,Gothic,117,PG-13,750000,,6.6,215148
2657,Cannibal Holocaust,12/4/1980,Ruggero Deodato,United Artists Europa,Italy,Gothic,2h 6m,NC-17,"120,000","270,483",6.4,83258
1532,Horror of Dracula,08/01/1958,Terence Fisher,hammer films,UK,Found Footage,117 min,R,10000000,"$99,981,464",8.6,94954
1053,The Phantom of the Opera,04/20/1925,Rupert Julian,UNIVERSAL,us,Splatter|Haunted House,154,NC-17,"$750,000",4135308,6.1,313156
2737,An American Werewolf in London,1981/10/04,John Landis,universal,United Kingdom,Cosmic Horror,89 min,Unrated,"$50,000",400014,,49800
3577,Pulse,2001/02/16,Kiyoshi Kurosawa,Toho Co.,JAPAN,Creature Feature|Body Horror,99,NC-17,"300,000",$190306,5.2,73509
2139,The Exorcist,1973/09/13,William Friedkin,WARNER BROS.,USA,Haunted House|Vampire,105,PG,1500000,"$3,109,059",7.9,422521
4614,It,11/02/2017,Andy Muschietti,WARNER BROS.,USA ,Zombie|Giallo,89 min,NC-17,$1500000,,5.8,90678
2963,A Nightmare on Elm Street,1984-01-07,Wes Craven,new line cinema,U.S.A.,Werewolf,117 min,Not Rated,"1,500,000",,,285096
3178,  Jacob's Ladder ,20-08-1990,Adrian Lyne,TriStar Pictures,United States,Vampire,1h 47m,Not Rated,"$120,000",1088354,5.5,223981
5047,Talk to Me,2022-12-03,Danny Philippou,a24,Australia,Psychological,,NC-17,USD 35000000,"$386,552,466",7.5,266657
2769,SCANNERS,1981/05/15,David Cronenberg,Avco Embassy,canada,Found Footage,130 min,PG,"$35,000,000","$325,820,643",8.9,31754
1175,the invisible man,12-04-1933,James Whale,Universal,United States,Vampire,157 min,,"$20,000,000",$208181238,5.8,8278
2154,The Exorcist,1973-10-22,William Friedkin,Warner Bros,U.S.A.,Haunted House|Vampire,105,,"$1,500,000",3109059,7.9,262657
2262,Shivers,9/10/1975,David Cronenberg,Cinepix,canada,Cosmic Horror,125,PG,$1500000,18485513,8.0,27397
5041,Talk to Me,2022/06/13,Danny Philippou,A-24,Australia,Psychological,122,NC-17,"35,000,000",,7.5,77717
4057,Let the Right One In,07/22/2008,Tomas Alfredson,Sandrew Metronome,Sweden,Occult,162,Unrated,,"$249,436",5.9,439870
3007,Phenomena,1985/03/25,Dario Argento,DACFILM Rome,ITALY,Comedy Horror,130,PG-13,"6,000,000",USD 9032401,9.1,160387
4261,The Conjuring,12-12-2013,,WARNER BROS.,U.S.A.,Werewolf,91 min,Unrated,"$50,000","$75,128",9.0,191185
2774,Scanners,1981/09/04,David Cronenberg,Avco Embassy,CANADA,Found Footage,130 min,PG,$35000000,$325820643,,271703
1081,Dracula,4/22/1931,Tod Browning,Universal  ,U.S.A.,Found Footage,84min,R,"300,000",USD 471267,5.6,21356
3552,Pulse,03/13/2001,Kiyoshi Kurosawa,Toho Co.,Japan,Creature Feature|Body Horror,99,NC-17,$300000,"$190,306",5.2,236485
5282,The Devil's Backbone,2001-01-16,Guillermo del Toro,Warner Sogefilms,Spain,Gothic,117 min,PG-13,750000,,6.6,401734
2565,The Brood,1979/05/08,David Cronenberg,New World Pictures,CANADA,Body Horror|Gothic,87 min,,10000000,$30655121,6.1,470238
5120,When Evil Lurks,2023/05/17,Demian Rugna,Shudder,Argentina,Body Horror,146 min,PG-13,"$750,000",USD 9856995,8.7,264533
4734,Suspiria,2018/02/18,Luca Guadagnino,Amazon Studios,ITALY,Folk Horror|Splatter,154,PG,$300000,"3,561,660",8.6,437096
2845,Poltergeist,1982/10/27,Tobe Hooper,MGM,U.S.A.,Cosmic Horror|Gothic,151min,PG,"$10,000,000",77775922,9.0,224368
4819,parasite,10/26/2019,Bong Joon-ho,CJ Entertainment,Korea,Folk Horror,81min,G,"1,500,000","$469,037",6.5,265616
3408,The Sixth Sense,1999/03/12,M. Night Shyamalan,Buena Vista,us,Comedy Horror,157,,USD 300000,3957945,5.3,335516
4704,Suspiria,2018/08/17,,Amazon Studios,Italy,Folk Horror|Splatter,154 min,,USD 300000,"$3,561,660",8.6,5070
4349,It Follows,12-08-2014,David Robert Mitchell,Radius-TWC,United States,Found Footage,1h 33m,Unrated,$1500000,"$15,379,273",8.1,378913
1029,Nosferatu,1922/07/16,F.W. Murnau,Prana Film,Germany,Kaiju,1h 36m,Unrated,35000000,"$186,704,614",5.9,83717
5182,The Substance,2024/06/02,Coralie Fargeat,Mubi,france,Psychological,75min,NC-17,"50,000",$101442,8.3,152797
4573,Get Out,12/12/2017,Jordan Peele,Blumhouse,USA ,Comedy Horror,111,Unrated,"$120,000","1,256,432",7.9,116448
1038,The Phantom of the Opera,05/02/1925,Rupert Julian,universal,us,Splatter|Haunted House,2h 34m,NC-17,"750,000",USD 4135308,6.1,192493
3799,SAW,2004-07-07,James Wan,Lions Gate,U.S.A.,Occult,1h 15m,Not Rated,"10,000,000",$126782523,6.1,279987
2537,Zombie Flesh Eaters,01/09/1979,Lucio Fulci,Variety Film,italy,Vampire,2h 22m,PG,20000000,"$61,567,279",8.7,285641
2243,Shivers,24-03-1975,David Cronenberg,Cinepix,Canada,Cosmic Horror,125 min,PG,1500000,"$18,485,513",8.0,176014
3303,Ringu,13-01-1998,Hideo Nakata,Toho Co.,Japan,Psychological,71,,20000000,"$8,179,313",4.9,259184
4378,Goodnight Mommy,11/28/2014,Veronika Franz,Ulrich Seidl Film,Austria,Giallo,75,G,$300000,USD 165609,6.1,426626
1227,The Wolf Man,04/13/1941,George Waggner,Universal Pictures,United States,Psychological,126 min,Not Rated,"35,000,000","$341,406,775",5.4,121906
1994,Kill Baby Kill,2/27/1966,,FUL Films,italy,Vampire,1h 12m,Unrated,"6,000,000",49406007,6.1,432438
1302,I Walked with a Zombie,1943/06/12,Jacques Tourneur,RKO Radio Pictures,United States,Found Footage,144,R,$300000,USD 2896340,8.9,333798
1521,  The Curse of Frankenstein ,05/23/1957,Terence Fisher,hammer films,England,Werewolf|Vampire,129,PG-13,"10,000,000","139,128,163",6.5,108005
4559,The Autopsy of Jane Doe,11/20/2016,Andre Ovredal,IFC Midnight,England,Psychological|Giallo,102,R,$120000,USD 757476,8.7,121253
4233,The Conjuring,1/21/2013,James Wan,Warner Bros.,us,Werewolf,,Unrated,$50000,75128,9.0,72350
4479,The Wailing,04/28/2016,Na Hong-jin,20th Century Fox Korea,South Korea,Found Footage,2h 30m,Not Rated,"$750,000","$6,632,236",7.6,219190
2839,poltergeist,06-12-1982,Tobe Hooper,MGM,us,Cosmic Horror|Gothic,151,PG,USD 10000000,"77,775,922",9.0,319293
1193,The Invisible Man,1933-01-01,James Whale,universal,USA,Vampire,157min,Not Rated,20000000,"208,181,238",5.8,214731
2835,The Thing,05/28/1982,John Carpenter,Universal  ,USA ,Folk Horror|Psychological,79,R,"$3,000,000",$21098115,8.6,355933
1107,Frankenstein,2/23/1931,James Whale,Universal  ,USA,Supernatural|Slasher,117,,"$750,000","$1,599,134",,307965
5320,Ringu,13-01-1998,Hideo Nakata,Toho Co.,Japan,Psychological,71,,20000000,"$8,179,313",4.9,259184
1260,The Wolf Man,1941-03-24,,universal,U.S.A.,Psychological,126,Not Rated,"$35,000,000","$341,406,775",5.4,117038
3458,Session 9,27-04-2001,Brad Anderson,USA Films,USA ,Comedy Horror,71,Not Rated,"3,000,000",41390468,6.7,12849
2734,An American Werewolf in London,8/25/1981,John Landis,Universal Pictures,U.K.,Cosmic Horror,89,Unrated,50000,"$400,014",8.8,444328
4566,  The Autopsy of Jane Doe ,2016/06/17,Andre Ovredal,IFC Midnight,United Kingdom,Psychological|Giallo,1h 42m,R,"$120,000",,8.7,235100
2852,Poltergeist,9/25/1982,Tobe Hooper,MGM,USA,Cosmic Horror|Gothic,2h 31m,PG,"10,000,000",,9.0,108048
1851,Blood and Black Lace,1964-01-14,Mario Bava,Emmepi Cinematografica,italy,Gothic|Giallo,143,,"120,000",,8.4,410265
4436,GREEN ROOM,24-05-2015,Jeremy Saulnier,A-24,us,Body Horror,,,"750,000","9,129,839",9.0,22087
3842,Wolf Creek,04/09/2005,Greg McLean,Roadshow,Australia,Vampire,1h 50m,,"$6,000,000",,7.5,59360
2570,The Brood,11/06/1979,David Cronenberg,New World Pictures,Canada,Body Horror|Gothic,87min,G,10000000,"30,655,121",6.1,378152
2034,Night of the Living Dead,1968/05/21,George Romero,Image Ten,USA ,Zombie,108,G,1500000,,8.1,65185
3557,Pulse,07/25/2001,Kiyoshi Kurosawa,Toho Co.,JAPAN,Creature Feature|Body Horror,1h 39m,NC-17,"$300,000",,5.2,380153
5115,When Evil Lurks,12-02-2023,Demian Rugna,Shudder,Argentina,Body Horror,146min,PG-13,,,8.7,479032
1170,The Mummy,4/27/1932,Karl Freund,Universal  ,us,Vampire,140min,Unrated,10000000,"$46,257,698",5.7,329024
5195,Longlegs,12/09/2024,Osgood Perkins,neon,United States,Gothic,160,NC-17,USD 10000000,$54792293,6.0,439698
3968,REC,2007/02/28,Jaume Balaguero,Filmax,Spain,Zombie,2h 24m,PG,$20000000,126904732,7.4,406667
4839,Parasite,09/19/2019,Bong Joon-ho,CJ Entertainment,South Korea,Folk Horror,81 min,G,$1500000,"469,037",6.5,288043
4882,Possessor,07-04-2020,Brandon Cronenberg,NEON,CANADA,Occult,138,G,"$300,000","$667,524",8.1,25376
3947,inside,2007/05/17,Alexandre Bustillo,La Fabrique de Films,France,Gothic,100 min,Unrated,"35,000,000",,8.3,316182
1703,Eyes Without a Face,9/26/1960,Georges Franju,Champs-Elysees,france,Giallo,120,Unrated,"20,000,000",158166156,8.5,178569
4756,Us,2019/11/07,Jordan Peele,Universal Pictures,USA,Psychological,131min,PG,USD 10000000,"$40,925,924",6.6,261860
4525,Raw,2016-12-16,Julia Ducournau,Wild Bunch,france,Folk Horror|Cosmic Horror,156min,R,"300,000","2,396,256",,324379
2109,The Wicker Man,8/16/1973,Robin Hardy,British Lion Films,U.K.,Zombie,77 min,Unrated,$6000000,4977047,5.9,435272
1297,I Walked with a Zombie,19-10-1943,Jacques Tourneur,RKO Radio Pictures,United States,Found Footage,144,R,"300,000","$2,896,340",8.9,42447
1354,The Thing from Another World,04-07-1951,Christian Nyby,RKO Radio Pictures,United States,Giallo|Creature Feature,81,Unrated,USD 50000,USD 36116,8.5,439966
2592,The Shining,07/02/1980,Stanley Kubrick,warner bros.,U.S.A.,Psychological|Supernatural,2h 31m,Not Rated,"750,000",2789629,6.8,442713
3712,A Tale of Two Sisters,18-08-2003,Kim Jee-woon,Cineclick Asia,Korea,Folk Horror,97,PG,"3,000,000",$26985529,9.2,252316
4914,Titane,21-07-2021,Julia Ducournau,Neon,france,Werewolf,98,PG-13,"$20,000,000","$191,227,230",4.7,215048
4758,Us,2019-06-25,Jordan Peele,UNIVERSAL,U.S.A.,Psychological,131,PG,"10,000,000","$40,925,924",6.6,396750
1454,Godzilla,1954-10-20,Ishiro Honda,Toho,Japan,Cosmic Horror,160 min,PG-13,"6,000,000","47,256,128",7.4,171578
2833,The Thing,1982-02-19,John Carpenter,UNIVERSAL,us,Folk Horror|Psychological,79 min,R,USD 3000000,21098115,8.6,308213
1072,Dracula,07/09/1931,Tod Browning,Universal,U.S.A.,Found Footage,84,R,300000,"$471,267",5.6,469948
4339,It Follows,25-02-2014,David Robert Mitchell,Radius-TWC,United States,Found Footage,93,Unrated,"$1,500,000","$15,379,273",8.1,164840
5003,Pearl,2022-12-02,Ti West,A-24,U.S.A.,Cosmic Horror,144min,G,$3000000,"36,671,785",7.5,410160
1990,Kill Baby Kill,1966/11/18,Mario Bava,FUL Films,ITALY,Vampire,72 min,Unrated,"$6,000,000",,6.1,384315
3235,Candyman,1992/11/08,Bernard Rose,TriStar Pictures,us,Comedy Horror|Zombie,78 min,PG-13,"$50,000",197869,6.1,157933
2137,The Exorcist,9/16/1973,William Friedkin,Warner Bros,USA ,Haunted House|Vampire,105,PG,"1,500,000",,7.9,160039
2695,  The Evil Dead ,12/1/1981,Sam Raimi,New Line,United States,Supernatural,114,NC-17,$50000,"547,550",,419723
4471,The Wailing,21-02-2016,Na Hong-jin,20th Century Fox Korea,South Korea,Found Footage,150,Not Rated,USD 750000,"$6,632,236",7.6,221671
1436,Creature from the Black Lagoon,11/12/1954,Jack Arnold,universal,U.S.A.,Psychological|Cosmic Horror,80,PG,"10,000,000","$131,198,528",,345315
1090,Frankenstein,1931/09/22,,Universal Pictures,U.S.A.,Supernatural|Slasher,117,NC-17,$750000,USD 1599134,6.4,255577
1903,Kwaidan,05/21/1964,Masaki Kobayashi,Toho,Nippon,Comedy Horror|Gothic,2h 32m,PG-13,50000,"$403,655",6.6,202403
4713,Suspiria,2018-08-11,,Amazon Studios,italy,Folk Horror|Splatter,2h 34m,PG,$300000,$3561660,8.6,70277
5046,Talk to Me,2022/08/22,Danny Philippou,a24,Australia,Psychological,122 min,,35000000,386552466,7.5,421833
1541,Horror of Dracula,1958/07/06,Terence Fisher,HAMMER FILMS,U.K.,Found Footage,117 min,,"$10,000,000","99,981,464",8.6,140648
4174,Insidious,08/21/2010,James Wan,BlumHouse,USA ,Kaiju,,Not Rated,,"$636,169",5.8,103765
2856,Poltergeist,09-12-1982,Tobe Hooper,MGM,us,Cosmic Horror|Gothic,151 min,PG,"$10,000,000","$77,775,922",9.0,414863
3798,SAW,2004/12/14,James Wan,Lions Gate,us,Occult,1h 15m,Not Rated,"$10,000,000","$126,782,523",6.1,256602
5217,Nosferatu,2024-05-12,Robert Eggers,Focus Features,USA,Occult,135min,Not Rated,"10,000,000",USD 23048052,7.7,277061
2783,Possession,07/17/1981,Andrzej Zulawski,Gaumont,FRANCE,Vampire,162,R,"$35,000,000",,7.3,263521
2786,Possession,1981-05-12,Andrzej Zulawski,Gaumont,france,Vampire,162 min,R,"35,000,000",252848869,7.3,265336
4553,The Autopsy of Jane Doe,2016/03/02,,IFC Midnight,U.K.,Psychological|Giallo,102,R,"$120,000",,,468106
1531,  Horror of Dracula ,1958/11/07,Terence Fisher,HAMMER FILMS,England,Found Footage,117min,R,USD 10000000,"99,981,464",8.6,82986
3810,Saw,7/5/2004,James Wan,Lions Gate,us,Occult,75,Not Rated,"10,000,000","126,782,523",6.1,375167
1883,Onibaba,1964/08/17,Kaneto Shindo,Toho,JAPAN,Supernatural|Found Footage,90 min,PG,35000000,"254,458,145",,295265
2300,The Omen,1976-01-23,Richard Donner,20th Century Fox,United States,Vampire,144min,PG,"$3,000,000","5,923,606",8.9,3871
4840,Parasite,25-11-2019,Bong Joon-ho,CJ Entertainment,Korea,Folk Horror,81,G,"$1,500,000",USD 469037,6.5,398970
2911,City of the Living Dead,1980/04/09,Lucio Fulci,Dania Film,Italy,Psychological,102min,G,"3,000,000","$6,159,368",8.8,186080
4230,the conjuring,09/20/2013,James Wan,Warner Bros,us,Werewolf,,Unrated,USD 50000,"$75,128",,404118
1295,I Walked with a Zombie,1943/06/13,Jacques Tourneur,RKO Radio Pictures,USA ,Found Footage,144,R,,2896340,8.9,372652
3456,Battle Royale,2000/12/22,Kinji Fukasaku,Toei,Japan,Found Footage,105,PG-13,,$10261807,7.7,414862
4642,A Quiet Place,2018/08/22,John Krasinski,paramount,USA,Supernatural,100,Not Rated,300000,"$3,147,005",8.7,153881
1005,NOSFERATU,02-09-1922,F.W. Murnau,Prana Film,Germany,Kaiju,96min,Unrated,35000000,"$186,704,614",5.9,396277
1854,Blood and Black Lace,1964/10/02,Mario Bava,Emmepi Cinematografica,ITALY,Gothic|Giallo,143,NC-17,"$120,000","$215,381",8.4,89332
3670,Dark Water,03/09/2002,Hideo Nakata,Toho,Nippon,Comedy Horror,157 min,R,$750000,"$8,030,796",5.4,345426
3895,Pan's Labyrinth,15-12-2006,Guillermo del Toro,Warner Bros. Pictures,Spain,Folk Horror,91min,Unrated,300000,806854,4.6,117134
3363,The Blair Witch Project,1999-09-13,Daniel Myrick,Artisan Entertainment,USA,Splatter,118,Unrated,"$300,000",$2812847,9.0,216822
1650,black sunday,2/1/1960,Mario Bava,Galatea Film,ITALY,Supernatural|Psychological,113,NC-17,"$50,000",,6.5,168828
2618,The Shining,09/24/1980,Stanley Kubrick,WARNER BROS.,us,Psychological|Supernatural,151,Not Rated,"750,000",2789629,6.8,409677
4631,It,9/18/2017,Andy Muschietti,WARNER BROS.,U.S.A.,Zombie|Giallo,89,NC-17,"$1,500,000",USD 1773625,5.8,6632
2707,The Evil Dead,1981-11-10,Sam Raimi,New Line,USA,Supernatural,114min,NC-17,"$50,000",,8.1,275322
3276,Cronos,1993-02-09,Guillermo del Toro,October Films,Mexico,Werewolf|Body Horror,71,R,"$120,000","$200,544",5.0,300825
1973,Kill Baby Kill,1966/11/03,Mario Bava,FUL Films,italy,Vampire,1h 12m,Unrated,"6,000,000","49,406,007",6.1,447199
2792,Possession,1981-11-16,Andrzej Zulawski,Gaumont,france,Vampire,162,R,"$35,000,000",252848869,7.3,21800
3242,Candyman,07/25/1992,Bernard Rose,TriStar Pictures,us,Comedy Horror|Zombie,78,PG-13,"50,000","$197,869",6.1,433032
3353,Audition,11/22/1999,Takashi Miike,Omega Project,Nippon,Psychological|Occult,2h 40m,Unrated,,$33618699,,426384
3703,A Tale of Two Sisters,06/08/2003,Kim Jee-woon,Cineclick Asia,South Korea,Folk Horror,97 min,PG,"$3,000,000","26,985,529",9.2,54420
2495,dawn of the dead,1978/04/01,George Romero,United Film Distribution,us,Werewolf,135,Unrated,"10,000,000","$44,664,160",8.1,276295
4111,Martyrs,08/14/2008,Pascal Laugier,Wild Bunch,France,Psychological,116 min,G,"$20,000,000",87265784,5.1,443502
1578,The Blob,23-07-1958,Irvin Yeaworth,Paramount Pictures,USA ,Supernatural,98min,NC-17,1500000,"20,452,945",6.0,183969
1211,Bride of Frankenstein,12/17/1935,James Whale,Universal,U.S.A.,Giallo,83,PG-13,"$6,000,000","69,360,250",8.0,371066
3241,Candyman,02/17/1992,Bernard Rose,TriStar Pictures,us,Comedy Horror|Zombie,78 min,PG-13,"$50,000","$197,869",6.1,419026
2715,An American Werewolf in London,12/21/1981,John Landis,Universal,U.K.,Cosmic Horror,89 min,Unrated,,"$400,014",8.8,255129
2561,the brood,1979-05-13,,New World Pictures,CANADA,Body Horror|Gothic,87,G,10000000,30655121,6.1,327015
1702,Eyes Without a Face,2/25/1960,Georges Franju,Champs-Elysees,FRANCE,Giallo,2h 0m,Unrated,"20,000,000","$158,166,156",8.5,340071
1394,House of Wax,1953-04-07,Andre de Toth,warner bros.,USA,Kaiju|Gothic,72 min,G,,"$90,384,239",,274233
1966,Kill Baby Kill,11/14/1966,,FUL Films,ITALY,Vampire,72,Unrated,6000000,49406007,6.1,269927
4191,The Cabin in the Woods,16-11-2011,Drew Goddard,Lionsgate,USA,Body Horror,107 min,Not Rated,35000000,"$16,820,487",7.4,296630
1549,HORROR OF DRACULA,1958-03-09,Terence Fisher,Hammer Films,U.K.,Found Footage,117,R,10000000,"$99,981,464",8.6,433861
2836,The Thing,1982-11-03,John Carpenter,UNIVERSAL,U.S.A.,Folk Horror|Psychological,79min,R,"3,000,000",$21098115,8.6,25287
4100,Martyrs,4/4/2008,Pascal Laugier,Wild Bunch,France,Psychological,116,G,"$20,000,000","$87,265,784",5.1,366909
4200,The Cabin in the Woods,2011-05-20,Drew Goddard,Lionsgate,U.S.A.,Body Horror,107min,Not Rated,35000000,USD 16820487,7.4,432140
1679,black sunday,1960-05-01,Mario Bava,Galatea Film,ITALY,Supernatural|Psychological,113,NC-17,"$50,000","$426,793",6.5,238065
2825,The Thing,20-04-1982,John Carpenter,Universal  ,us,Folk Horror|Psychological,79min,R,"$3,000,000","$21,098,115",8.6,55613
3082,Hellraiser,1987-03-17,Clive Barker,New World Pictures,England,Slasher,1h 38m,G,"$50,000",USD 269251,6.8,376247
1953,Repulsion,1965-10-07,Roman Polanski,Compton Films,U.K.,Cosmic Horror|Supernatural,2h 22m,,"$300,000",4103145,7.3,405329
2373,Eraserhead,11-01-1977,David Lynch,Libra Films,USA ,Zombie,2h 29m,PG-13,$3000000,"$39,909,840",8.3,472872
4937,Malignant,2021-09-05,James Wan,WARNER BROS.,USA ,Zombie,,PG-13,$50000,"583,939",,207763
1735,Peeping Tom,6/4/1960,Michael Powell,Anglo-Amalgamated,United Kingdom,Werewolf,96 min,PG,$1500000,,8.0,6690
3177,Jacob's Ladder,1990/01/02,Adrian Lyne,TriStar Pictures,United States,Vampire,107,Not Rated,120000,$1088354,5.5,211159
2804,Possession,06/18/1981,Andrzej Zulawski,Gaumont,france,Vampire,162,R,"$35,000,000",$252848869,7.3,395190
2320,Suspiria,20-02-1977,Dario Argento,Seda Spettacoli,ITALY,Occult,145 min,Unrated,"35,000,000","$113,427,337",8.9,404562
4172,Insidious,08-08-2010,James Wan,Blumhouse,us,Kaiju,122,Not Rated,300000,USD 636169,5.8,270686
2914,City of the Living Dead,09/15/1980,Lucio Fulci,Dania Film,Italy,Psychological,102,G,3000000,6159368,8.8,115646
2296,The Omen,2/14/1976,Richard Donner,20th Century Fox,us,Vampire,144min,,"$3,000,000","5,923,606",8.9,418561
2399,Rabid,1977/05/07,David Cronenberg,Cinepix,CANADA,Splatter,1h 21m,,USD 1500000,693556,7.4,47075
2731,An American Werewolf in London,1981-03-25,John Landis,Universal Pictures,United Kingdom,Cosmic Horror,89,Unrated,50000,"$400,014",8.8,157000
1184,The Invisible Man,1933-01-26,James Whale,Universal  ,U.S.A.,Vampire,157,Not Rated,USD 20000000,"$208,181,238",5.8,452478
2431,House,1977/09/27,Nobuhiko Obayashi,toho,Japan,Creature Feature,157,Not Rated,120000,"$385,505",8.3,116460
5024,Pearl,11/25/2022,Ti West,A-24,us,Cosmic Horror,144,G,3000000,$36671785,7.5,338849
4462,The Wailing,12-08-2016,Na Hong-jin,20th Century Fox Korea,South Korea,Found Footage,150min,Not Rated,,,7.6,6272
1641,psycho,1960-05-27,Alfred Hitchcock,Paramount Pictures,United States,Supernatural,162,PG-13,,USD 1526242,6.9,101590
4856,Saint Maud,2019-04-27,Rose Glass,a24,UK,Folk Horror|Supernatural,101,NC-17,"3,000,000","9,179,482",8.4,86829
5266,Frankenstein,12/24/1931,James Whale,Universal Pictures,U.S.A.,Supernatural|Slasher,117 min,NC-17,750000,"1,599,134",6.4,229147
1240,The Wolf Man,01/28/1941,George Waggner,universal,United States,Psychological,126,Not Rated,USD 35000000,$341406775,5.4,346344
4561,The Autopsy of Jane Doe,07/18/2016,Andre Ovredal,IFC Midnight,England,Psychological|Giallo,102 min,R,"$120,000",757476,8.7,57854
3260,Cronos,1993/07/21,Guillermo del Toro,October Films,Mexico,Werewolf|Body Horror,71,R,USD 120000,"200,544",5.0,98693
3888,Pan's Labyrinth,04-12-2006,Guillermo del Toro,Warner Bros. Pictures,Spain,Folk Horror,91,Unrated,"300,000","$806,854",4.6,99392
1947,Repulsion,11/08/1965,Roman Polanski,Compton Films,United Kingdom,Cosmic Horror|Supernatural,2h 22m,,"300,000","$4,103,145",,233264
5148,Late Night with the Devil,2023/06/04,Colin Cairnes,IFC Films,Australia,Psychological,70 min,NC-17,"6,000,000","$44,680,381",8.2,281625
2819,The Thing,5/25/1982,John Carpenter,universal,us,Folk Horror|Psychological,79 min,R,USD 3000000,21098115,8.6,245561
3289,Ringu,06-10-1998,Hideo Nakata,TOHO,Nippon,Psychological,71min,PG,,$8179313,4.9,102388
3330,Audition,3/1/1999,Takashi Miike,Omega Project,Japan,Psychological|Occult,160 min,Unrated,$6000000,,8.3,392350
4809,The Lighthouse,1/23/2019,Robert Eggers,a24,USA,Haunted House,126,Unrated,"$300,000",$2231378,8.3,86737
1509,The Curse of Frankenstein,1957/10/20,Terence Fisher,Hammer Films,UK,Werewolf|Vampire,129,PG-13,10000000,"139,128,163",6.5,282217
1132,freaks,1932/03/11,Tod Browning,MGM,USA ,Cosmic Horror,72,Unrated,"$6,000,000","$5,451,081",4.6,313724
3806,SAW,23-01-2004,James Wan,Lions Gate,U.S.A.,Occult,75,Not Rated,"$10,000,000","$126,782,523",,353266
3828,The Descent,2005/06/08,Neil Marshall,Pathe,England,Splatter,73 min,,"1,500,000",18020687,,274542
1484,  Invasion of the Body Snatchers ,1956/04/18,Don Siegel,Allied Artists,USA ,Gothic,123,R,"$1,500,000","$13,594,388",6.5,176018
1752,The Innocents,03/08/1961,Jack Clayton,20th Century Fox,U.K.,Splatter,122 min,NC-17,$1500000,"19,063,753",7.0,97468
4918,Malignant,2021-11-13,James Wan,warner bros.,U.S.A.,Zombie,138min,PG-13,50000,583939,7.5,94437
2534,Zombie Flesh Eaters,1979/07/17,Lucio Fulci,Variety Film,Italy,Vampire,142min,,USD 20000000,"$61,567,279",8.7,297740
4402,The Witch,04/23/2015,Robert Eggers,A-24,United States,Haunted House|Body Horror,93min,PG,USD 35000000,"242,985,712",8.2,308978
4684,Hereditary,2018-01-10,Ari Aster,a24,us,Zombie,118 min,NC-17,"300,000",3726295,7.1,233090
3375,The Blair Witch Project,10/15/1999,Daniel Myrick,Artisan Entertainment,USA,Splatter,118 min,Unrated,300000,2812847,9.0,410850
4767,Midsommar,03/07/2019,Ari Aster,A-24,us,Comedy Horror,93,G,$6000000,USD 31450041,6.8,111258
4617,It,5/18/2017,Andy Muschietti,Warner Bros.,U.S.A.,Zombie|Giallo,89,NC-17,"1,500,000","1,773,625",5.8,192318
1034,Nosferatu,1922/10/06,F.W. Murnau,Prana Film,Germany,Kaiju,96,,"$35,000,000",186704614,5.9,417230
4906,Titane,2021/11/02,Julia Ducournau,neon,FRANCE,Werewolf,98,PG-13,USD 20000000,191227230,4.7,158361
1065,Dracula,1931-10-13,,universal,United States,Found Footage,,R,"$300,000","471,267",5.6,470778
3767,Shaun of the Dead,2004/09/08,Edgar Wright,Universal Pictures,England,Cosmic Horror,74,PG-13,"$10,000,000","73,150,220",,372940
4281,Oculus,05-07-2013,Mike Flanagan,BlumHouse,USA,Kaiju|Haunted House,154,NC-17,"120,000",$1389242,5.5,134678
2944,Videodrome,1983-11-06,David Cronenberg,Universal Pictures,canada,Supernatural,70min,NC-17,"$35,000,000",391950781,7.4,251225
4044,PARANORMAL ACTIVITY,25-09-2007,Oren Peli,Blumhouse,USA,Giallo,73 min,,10000000,19874391,7.0,45773
1129,Freaks,22-04-1932,Tod Browning,MGM,United States,Cosmic Horror,72,Unrated,"$6,000,000","5,451,081",4.6,245148
2391,RABID,1977-11-01,David Cronenberg,Cinepix,Canada,Splatter,81 min,G,"1,500,000",693556,7.4,222258
3998,The Orphanage,17-06-2007,,Warner Bros. Pictures,Spain,Creature Feature|Haunted House,145,R,"$20,000,000","$220,449,652",5.4,326706
2168,DON'T LOOK NOW,23-08-1973,Nicolas Roeg,Casey Productions,UK,Zombie|Found Footage,121min,R,USD 3000000,$8311755,5.4,75249
2072,Witchfinder General,1968-12-14,Michael Reeves,Tigon,England,Giallo,153 min,Unrated,$10000000,136636027,8.5,65787
4299,Oculus,2013-05-26,Mike Flanagan,BlumHouse,us,Kaiju|Haunted House,154,NC-17,USD 120000,1389242,,88001
2251,Shivers,21-09-1975,David Cronenberg,Cinepix,Canada,Cosmic Horror,2h 5m,PG,1500000,,8.0,139421
2241,Deep Red,1975/02/16,Dario Argento,Rizzoli Film,italy,Supernatural,112,Not Rated,"$10,000,000",14234893,8.9,307691
3985,THE ORPHANAGE,26-06-2007,J.A. Bayona,Warner Bros. Pictures,Spain,Creature Feature|Haunted House,2h 25m,R,,220449652,5.4,46151
1288,Cat People,21-05-1942,Jacques Tourneur,RKO Radio Pictures,U.S.A.,Werewolf|Creature Feature,74,Not Rated,"$300,000","$927,054",6.8,368673
1015,Nosferatu,1/1/1922,F.W. Murnau,Prana Film,Germany,Kaiju,1h 36m,Unrated,$35000000,186704614,5.9,436224
2615,The Shining,1980-07-05,Stanley Kubrick,Warner Bros.,us,Psychological|Supernatural,151,Not Rated,"750,000",2789629,6.8,459175
3122,EVIL DEAD II,1987/02/22,Sam Raimi,De Laurentiis,USA,Comedy Horror,2h 19m,R,USD 35000000,$148908651,5.8,354084
2317,The Omen,13-05-1976,Richard Donner,20th Century Fox,us,Vampire,144min,PG,$3000000,"$5,923,606",8.9,123111
2555,Zombie Flesh Eaters,11/21/1979,Lucio Fulci,Variety Film,Italy,Vampire,2h 22m,PG,"$20,000,000",61567279,8.7,28483
3259,CRONOS,1993-05-16,Guillermo del Toro,October Films,Mexico,Werewolf|Body Horror,1h 11m,R,"$120,000","$200,544",5.0,109447
2000,Rosemary's Baby,1968-05-24,Roman Polanski,Paramount,us,Giallo,137min,PG,"$20,000,000",7001250,6.7,142251
3539,THE OTHERS,02/11/2001,Alejandro Amenabar,Warner Bros.,Spain,Splatter,2h 40m,G,"10,000,000","$55,008,994",8.7,281570
4192,The Cabin in the Woods,2011/12/23,Drew Goddard,Lionsgate,us,Body Horror,1h 47m,Not Rated,"$35,000,000",$16820487,7.4,248482
2273,Carrie,10/23/1976,Brian De Palma,United Artists,USA ,Body Horror,2h 15m,PG,$50000,$417751,8.5,229223
5365,28 Days Later,12/01/2002,Danny Boyle,Fox Searchlight,United Kingdom,Folk Horror,147,R,"$6,000,000","$25,855,318",8.7,431972
2530,ALIEN,1979/11/10,Ridley Scott,20th Century Fox,England,Occult|Creature Feature,116,G,"$10,000,000",$15461470,6.4,185927
4987,Barbarian,3/21/2022,Zach Cregger,20th Century Studios,us,Cosmic Horror|Giallo,,R,"$3,000,000","$12,536,957",7.6,11571
3961,REC,2007-07-01,Jaume Balaguero,Filmax,Spain,Zombie,2h 24m,PG,$20000000,USD 126904732,7.4,72068
5255,Shaun of the Dead,06-06-2004,Edgar Wright,Universal,U.K.,Cosmic Horror,74,PG-13,10000000,73150220,8.6,382500
4176,Insidious,2010/01/22,James Wan,BlumHouse,USA,Kaiju,122 min,Not Rated,USD 300000,"$636,169",,131501
4485,Train to Busan,11/25/2016,Yeon Sang-ho,Next Entertainment World,South Korea,Giallo,2h 45m,Unrated,$1500000,18027397,6.7,110160
1807,the birds,20-10-1963,Alfred Hitchcock,Universal  ,United States,Slasher|Psychological,1h 46m,PG-13,"$3,000,000","$34,881,029",5.2,342264
3574,Pulse,2001/01/13,Kiyoshi Kurosawa,toho,Japan,Creature Feature|Body Horror,,NC-17,300000,190306,5.2,302417
2885,The Beyond,10/16/1981,Lucio Fulci,Fulvia Film,Italy,Gothic,160min,,USD 3000000,32305279,7.1,271349
1339,THE UNINVITED,12/26/1944,Lewis Allen,Paramount,U.S.A.,Found Footage,125 min,Unrated,"$50,000",,,341793
5269,Insidious,20-05-2010,James Wan,Blumhouse,USA ,Kaiju,122 min,Not Rated,"$300,000","636,169",5.8,416487
3273,Cronos,1993-01-02,Guillermo del Toro,October Films,Mexico,Werewolf|Body Horror,1h 11m,R,"$120,000",200544,5.0,455176
2569,The Brood,03-11-1979,David Cronenberg,New World Pictures,CANADA,Body Horror|Gothic,87,G,$10000000,USD 30655121,6.1,186583
3750,Shaun of the Dead,2004-04-12,Edgar Wright,UNIVERSAL,England,Cosmic Horror,74min,PG-13,,"$73,150,220",,220145
2796,Possession,12-10-1981,Andrzej Zulawski,Gaumont,france,Vampire,162min,R,35000000,,7.3,454814
2544,Zombie Flesh Eaters,10/09/1979,Lucio Fulci,Variety Film,ITALY,Vampire,142,PG,"$20,000,000",,8.7,163449
3802,Saw,23-10-2004,James Wan,Lions Gate,USA ,Occult,75 min,Not Rated,"$10,000,000",USD 126782523,6.1,260787
4847,Parasite,2019-12-21,Bong Joon-ho,CJ Entertainment,S. Korea,Folk Horror,81min,,"$1,500,000","469,037",6.5,325907
5275,Freaks,22-04-1932,Tod Browning,MGM,United States,Cosmic Horror,72,Unrated,"$6,000,000","5,451,081",4.6,245148
1564,THE BLOB,09/10/1958,Irvin Yeaworth,Paramount Pictures,USA,Supernatural,98,NC-17,USD 1500000,"20,452,945",6.0,112567
4645,A Quiet Place,01/25/2018,John Krasinski,Paramount Pictures,us,Supernatural,100,Not Rated,$300000,,8.7,357582
4078,LET THE RIGHT ONE IN,2008-02-10,Tomas Alfredson,Sandrew Metronome,Sweden,Occult,2h 42m,Unrated,"$50,000",$249436,5.9,369846
2491,  Dawn of the Dead ,1978-01-22,George Romero,United Film Distribution,U.S.A.,Werewolf,135,Unrated,"$10,000,000","$44,664,160",8.1,377622
4848,Saint Maud,08/16/2019,Rose Glass,A-24,UK,Folk Horror|Supernatural,101min,NC-17,,9179482,8.4,104085
3724,High Tension,2003/08/13,Alexandre Aja,EuropaCorp,france,Zombie|Kaiju,161 min,G,1500000,12580491,4.6,319985
3676,DARK WATER,2002-10-24,Hideo Nakata,Toho Co.,Nippon,Comedy Horror,157 min,R,"$750,000",$8030796,5.4,124830
2223,Deep Red,1975-11-06,Dario Argento,Rizzoli Film,ITALY,Supernatural,112min,Not Rated,"$10,000,000","$14,234,893",8.9,528
3092,Hellraiser,11/13/1987,Clive Barker,New World Pictures,U.K.,Slasher,98,G,"$50,000",$269251,6.8,352872
1032,nosferatu,12-07-1922,F.W. Murnau,Prana Film,Germany,Kaiju,96,Unrated,$35000000,186704614,5.9,143297
3374,The Blair Witch Project,15-03-1999,Daniel Myrick,Artisan Entertainment,United States,Splatter,1h 58m,Unrated,$300000,2812847,9.0,245398
2797,Possession,22-09-1981,Andrzej Zulawski,Gaumont,FRANCE,Vampire,162,R,$35000000,"$252,848,869",,430720
2126,The Exorcist,1973-03-21,William Friedkin,warner bros.,USA,Haunted House|Vampire,105min,PG,"$1,500,000","$3,109,059",7.9,447300
2573,The Brood,6/20/1979,David Cronenberg,New World Pictures,CANADA,Body Horror|Gothic,87,G,$10000000,30655121,6.1,309002
3787,Saw,2004-06-14,James Wan,Lions Gate,U.S.A.,Occult,75 min,Not Rated,"10,000,000",126782523,6.1,393516
2560,the brood,1979-01-18,David Cronenberg,New World Pictures,canada,Body Horror|Gothic,87min,G,"$10,000,000","$30,655,121",6.1,189725
3444,Battle Royale,2000/04/03,Kinji Fukasaku,Toei,Nippon,Found Footage,105,,"$1,500,000",$10261807,7.7,117548
2787,Possession,1981/04/21,Andrzej Zulawski,Gaumont,france,Vampire,162,R,USD 35000000,"$252,848,869",7.3,458034
4317,The Babadook,2014-06-25,Jennifer Kent,Causeway Films,Australia,Found Footage|Zombie,86 min,Unrated,,49894496,7.0,343154
4830,Parasite,10/18/2019,Bong Joon-ho,CJ Entertainment,S. Korea,Folk Horror,81 min,G,"1,500,000",469037,6.5,158169
2509,Alien,05-05-1979,Ridley Scott,20th Century Fox,England,Occult|Creature Feature,116min,G,USD 10000000,"$15,461,470",6.4,335338
5220,Nosferatu,27-06-2024,Robert Eggers,Focus Features,USA,Occult,2h 15m,Not Rated,USD 10000000,USD 23048052,7.7,21961
3617,Ju-on The Grudge,12-12-2002,Takashi Shimizu,Toei,Japan,Slasher,113min,Unrated,$120000,547265,5.4,384537
3621,Ju-on The Grudge,2002/02/25,Takashi Shimizu,Toei,JAPAN,Slasher,113 min,Unrated,$120000,547265,5.4,336527
2347,suspiria,12-11-1977,Dario Argento,Seda Spettacoli,italy,Occult,145min,Unrated,"$35,000,000",,8.9,30975
2309,The Omen,1976-03-22,Richard Donner,20th Century Fox,USA,Vampire,144,PG,,"5,923,606",8.9,343895
4544,The Autopsy of Jane Doe,2016-03-14,Andre Ovredal,IFC Midnight,United Kingdom,Psychological|Giallo,102,,"120,000","757,476",8.7,141296
4691,Hereditary,2018/01/12,Ari Aster,A-24,United States,Zombie,118 min,NC-17,300000,"$3,726,295",7.1,363888
1892,Onibaba,03/11/1964,Kaneto Shindo,Toho,JAPAN,Supernatural|Found Footage,90 min,PG,"$35,000,000",,6.4,19036
2844,Poltergeist,14-12-1982,Tobe Hooper,MGM,USA,Cosmic Horror|Gothic,151,PG,$10000000,"$77,775,922",9.0,210502
5276,The Descent,06/19/2005,Neil Marshall,Pathe,England,Splatter,73min,,"1,500,000","$18,020,687",6.5,380335
5010,Pearl,2022-03-17,Ti West,A24,USA ,Cosmic Horror,144,G,"3,000,000","36,671,785",7.5,29113
4377,goodnight mommy,02/09/2014,Veronika Franz,Ulrich Seidl Film,Austria,Giallo,75min,G,"$300,000",$165609,6.1,215300
1978,Kill Baby Kill,4/23/1966,,FUL Films,ITALY,Vampire,1h 12m,Unrated,$6000000,49406007,6.1,195970
3478,Session 9,16-09-2001,Brad Anderson,USA Films,USA,Comedy Horror,71 min,Not Rated,3000000,USD 41390468,6.7,476184
4667,A QUIET PLACE,05-03-2018,John Krasinski,paramount,us,Supernatural,100,Not Rated,"$300,000",3147005,8.7,368535
4862,Saint Maud,2019/06/28,Rose Glass,a24,England,Folk Horror|Supernatural,1h 41m,NC-17,"3,000,000","9,179,482",8.4,10045
3591,28 Days Later,11/14/2002,,Fox Searchlight,UK,Folk Horror,147,R,"6,000,000","$25,855,318",,350867
3764,Shaun of the Dead,12/03/2004,Edgar Wright,Universal  ,England,Cosmic Horror,74,PG-13,,"$73,150,220",8.6,109655
2016,Rosemary's Baby,1968-10-10,Roman Polanski,paramount,USA,Giallo,137 min,PG,USD 20000000,"$7,001,250",6.7,299011
5116,When Evil Lurks,2023-11-24,Demian Rugna,Shudder,Argentina,Body Horror,146min,PG-13,USD 750000,"$9,856,995",8.7,185388
3050,Re-Animator,01-11-1985,Stuart Gordon,Empire Pictures,USA,Body Horror,140,Unrated,"120,000","$1,181,119",9.0,411028
4142,TRICK 'R TREAT,04-10-2007,Michael Dougherty,Warner Bros.,USA,Slasher,2h 41m,R,$20000000,87142789,5.1,35635
1955,Repulsion,1965/10/18,Roman Polanski,Compton Films,England,Cosmic Horror|Supernatural,142min,PG,"$300,000",4103145,,110989
3984,REC,16-06-2007,,Filmax,Spain,Zombie,144 min,PG,"20,000,000","$126,904,732",7.4,135784
2120,The Wicker Man,1973-01-07,Robin Hardy,British Lion Films,UK,Zombie,77,Unrated,"$6,000,000","$4,977,047",5.9,152317
2794,Possession,1981-01-20,Andrzej Zulawski,Gaumont,FRANCE,Vampire,162 min,,"35,000,000",252848869,7.3,450518
1415,Creature from the Black Lagoon,6/12/1954,Jack Arnold,Universal  ,USA,Psychological|Cosmic Horror,80min,PG,USD 10000000,"131,198,528",4.7,138256
2599,the shining,1980-03-18,Stanley Kubrick,Warner Bros,United States,Psychological|Supernatural,151min,Not Rated,"$750,000","$2,789,629",6.8,222714
5306,The Silence of the Lambs,1991-05-13,Jonathan Demme,Orion Pictures,us,Supernatural|Kaiju,2h 21m,NC-17,"$20,000,000","$197,214,540",8.3,267420
3766,Shaun of the Dead,06/26/2004,Edgar Wright,Universal,England,Cosmic Horror,1h 14m,PG-13,$10000000,USD 73150220,8.6,269055
1580,The Blob,1958/12/16,Irvin Yeaworth,paramount,USA ,Supernatural,98 min,NC-17,USD 1500000,$20452945,,89934
1972,Kill Baby Kill,1966/01/22,Mario Bava,FUL Films,italy,Vampire,72,Unrated,6000000,$49406007,6.1,401970
2498,Dawn of the Dead,7/26/1978,George Romero,United Film Distribution,USA ,Werewolf,135 min,Unrated,10000000,USD 44664160,8.1,35464
3817,The Descent,01-04-2005,Neil Marshall,Pathe,United Kingdom,Splatter,73,PG,"1,500,000",18020687,6.5,183972
3313,ringu,08/24/1998,Hideo Nakata,toho,Nippon,Psychological,71min,PG,,,4.9,292397
2461,Halloween,1978-04-13,John Carpenter,Compass International,U.S.A.,Supernatural,164,PG-13,$10000000,"$129,695,880",6.8,322207
1247,The Wolf Man,1941/01/15,George Waggner,Universal,United States,Psychological,126,Not Rated,$35000000,"$341,406,775",5.4,459461
4274,Oculus,10/09/2013,Mike Flanagan,BlumHouse,U.S.A.,Kaiju|Haunted House,154,NC-17,120000,$1389242,5.5,328272
1662,Black Sunday,04/23/1960,Mario Bava,Galatea Film,italy,Supernatural|Psychological,113min,NC-17,"$50,000",426793,,234133
4006,The Orphanage,10-11-2007,J.A. Bayona,Warner Bros. Pictures,Spain,Creature Feature|Haunted House,,R,"$20,000,000","$220,449,652",5.4,296952
2942,Videodrome,1983-09-11,David Cronenberg,Universal,CANADA,Supernatural,1h 10m,NC-17,"35,000,000",391950781,7.4,13746
1230,the wolf man,06/16/1941,George Waggner,universal,USA,Psychological,126,Not Rated,"$35,000,000",,5.4,174931
2128,THE EXORCIST,1973/11/13,William Friedkin,Warner Bros,us,Haunted House|Vampire,105 min,PG,1500000,USD 3109059,7.9,8024
5229,Nosferatu,2024-05-25,Robert Eggers,Focus Features,USA ,Occult,2h 15m,Not Rated,"$10,000,000","$23,048,052",7.7,259732
1674,Black Sunday,1/22/1960,Mario Bava,Galatea Film,ITALY,Supernatural|Psychological,113,NC-17,$50000,426793,6.5,301162
2913,City of the Living Dead,1980-10-02,Lucio Fulci,Dania Film,Italy,Psychological,102,G,,6159368,8.8,344318
5201,Longlegs,2024/09/08,Osgood Perkins,NEON,USA,Gothic,160,NC-17,"$10,000,000",54792293,6.0,226525
4723,Suspiria,9/16/2018,Luca Guadagnino,Amazon Studios,ITALY,Folk Horror|Splatter,154 min,PG,"$300,000","3,561,660",8.6,398888
2462,Halloween,11/13/1978,John Carpenter,Compass International,U.S.A.,Supernatural,,PG-13,$10000000,"$129,695,880",6.8,33099
1504,The Curse of Frankenstein,1957/09/23,Terence Fisher,hammer films,UK,Werewolf|Vampire,129,,10000000,139128163,6.5,222829
1787,Carnival of Souls,17-10-1962,Herk Harvey,Herts-Lion International,U.S.A.,Body Horror,100 min,PG,"$20,000,000",22553699,8.7,249415
4810,The Lighthouse,2019/03/25,Robert Eggers,A-24,USA ,Haunted House,126min,Unrated,"$300,000","$2,231,378",8.3,320651
1764,The Innocents,11-01-1961,Jack Clayton,20th Century Fox,UK,Splatter,2h 2m,NC-17,"$1,500,000","$19,063,753",7.0,126990
3505,The Devil's Backbone,2001/08/15,Guillermo del Toro,Warner Sogefilms,Spain,Gothic,117,PG-13,"$750,000",$555817,6.6,112977
4458,The Wailing,2016/07/11,,20th Century Fox Korea,S. Korea,Found Footage,150 min,Not Rated,$750000,USD 6632236,7.6,149548
2358,Eraserhead,01/06/1977,David Lynch,Libra Films,USA ,Zombie,149,,3000000,,8.3,471798
3285,RINGU,08/26/1998,Hideo Nakata,Toho,Japan,Psychological,1h 11m,PG,"$20,000,000","8,179,313",4.9,130109
3752,Shaun of the Dead,3/3/2004,Edgar Wright,UNIVERSAL,England,Cosmic Horror,74 min,PG-13,"$10,000,000",73150220,8.6,328293
3843,Wolf Creek,2005/11/08,Greg McLean,Roadshow,Australia,Vampire,110,G,6000000,46531729,7.5,30073
3875,Wolf Creek,06/04/2005,Greg McLean,Roadshow,Australia,Vampire,110,G,6000000,$46531729,7.5,374796
2421,house,5/13/1977,Nobuhiko Obayashi,Toho Co.,Japan,Creature Feature,157,Not Rated,"$120,000","$385,505",8.3,237602
1485,  Invasion of the Body Snatchers ,1956-01-15,Don Siegel,Allied Artists,USA,Gothic,123,R,,,6.5,408166
1131,Freaks,4/13/1932,Tod Browning,MGM,USA,Cosmic Horror,72,Unrated,6000000,$5451081,4.6,86175
2403,  Rabid ,07/06/1977,David Cronenberg,Cinepix,CANADA,Splatter,81,G,"$1,500,000","693,556",7.4,188631
1306,I Walked with a Zombie,10/27/1943,Jacques Tourneur,RKO Radio Pictures,United States,Found Footage,144min,R,"300,000",$2896340,8.9,215220
1820,The Haunting,1963/11/11,Robert Wise,MGM,United Kingdom,Splatter,90 min,Unrated,1500000,,7.7,417252
2167,don't look now,1973/02/05,Nicolas Roeg,Casey Productions,U.K.,Zombie|Found Footage,121 min,R,"3,000,000",USD 8311755,5.4,403308
1469,Invasion of the Body Snatchers,1956-05-26,,Allied Artists,U.S.A.,Gothic,123min,R,USD 1500000,"$13,594,388",6.5,414767
2832,The Thing,12/22/1982,John Carpenter,Universal,us,Folk Horror|Psychological,1h 19m,R,$3000000,,,46795
3404,The Sixth Sense,10-02-1999,M. Night Shyamalan,Buena Vista,U.S.A.,Comedy Horror,157 min,G,,USD 3957945,5.3,397076
2349,Suspiria,09-09-1977,Dario Argento,Seda Spettacoli,Italy,Occult,145 min,Unrated,"35,000,000","113,427,337",8.9,68501
1645,Black Sunday,1960/09/20,Mario Bava,Galatea Film,ITALY,Supernatural|Psychological,113 min,NC-17,"$50,000","426,793",6.5,198949
4034,Paranormal Activity,2007/06/16,,Blumhouse Productions,USA ,Giallo,73 min,R,,$19874391,7.0,210608
4432,Green Room,11/24/2015,Jeremy Saulnier,a24,USA,Body Horror,1h 34m,G,,"9,129,839",9.0,205134
2348,Suspiria,10-06-1977,Dario Argento,Seda Spettacoli,Italy,Occult,,Unrated,35000000,,8.9,296080
4029,Paranormal Activity,28-11-2007,Oren Peli,Blumhouse,U.S.A.,Giallo,73 min,R,10000000,19874391,7.0,210518
3590,28 Days Later,02/05/2002,Danny Boyle,Fox Searchlight,United Kingdom,Folk Horror,147min,R,"$6,000,000","$25,855,318",8.7,66930
2898,City of the Living Dead,1/13/1980,Lucio Fulci,Dania Film,italy,Psychological,102,G,"$3,000,000","$6,159,368",8.8,276033
3111,Evil Dead II,4/14/1987,Sam Raimi,De Laurentiis,USA ,Comedy Horror,139 min,R,,USD 148908651,5.8,365194
2352,Suspiria,1977-06-01,Dario Argento,Seda Spettacoli,ITALY,Occult,145 min,Unrated,35000000,"$113,427,337",8.9,371544
3475,session 9,2001-06-20,Brad Anderson,USA Films,USA,Comedy Horror,71,Not Rated,USD 3000000,,6.7,121762
3721,High Tension,11/11/2003,Alexandre Aja,EuropaCorp,France,Zombie|Kaiju,161 min,G,"$1,500,000",12580491,4.6,282093
5351,The Curse of Frankenstein,15-05-1957,Terence Fisher,Hammer,England,Werewolf|Vampire,,PG-13,"$10,000,000",$139128163,6.5,126447
3651,Dark Water,03/08/2002,Hideo Nakata,toho,JAPAN,Comedy Horror,157,R,,"$8,030,796",,45640
2259,Shivers,1975-12-12,,Cinepix,CANADA,Cosmic Horror,125,PG,"$1,500,000","18,485,513",8.0,136723
2333,Suspiria,12/15/1977,Dario Argento,Seda Spettacoli,italy,Occult,145,Unrated,"$35,000,000","113,427,337",8.9,148007
3943,Inside,23-09-2007,Alexandre Bustillo,La Fabrique de Films,FRANCE,Gothic,100min,Unrated,$35000000,"435,166,860",8.3,335004
3814,the descent,2005-10-07,Neil Marshall,Pathe,England,Splatter,73,PG,USD 1500000,"18,020,687",6.5,310385
4532,Raw,9/24/2016,Julia Ducournau,Wild Bunch,France,Folk Horror|Cosmic Horror,156min,R,USD 300000,$2396256,8.5,160787
5023,Pearl,05/02/2022,Ti West,A24,USA ,Cosmic Horror,144,G,USD 3000000,"$36,671,785",7.5,336745
3394,The Sixth Sense,1999/12/28,M. Night Shyamalan,Buena Vista,U.S.A.,Comedy Horror,157,G,300000,"$3,957,945",5.3,122853
4263,The Conjuring,07/10/2013,James Wan,Warner Bros.,U.S.A.,Werewolf,91,Unrated,"50,000",$75128,9.0,253345
2216,The Texas Chain Saw Massacre,1974/10/13,Tobe Hooper,Bryanston Pictures,U.S.A.,Supernatural,101,PG-13,3000000,$13374047,7.9,437566
1407,House of Wax,7/21/1953,Andre de Toth,WARNER BROS.,USA,Kaiju|Gothic,72,G,10000000,"90,384,239",8.2,389246
4688,Hereditary,7/23/2018,Ari Aster,A-24,USA ,Zombie,118,NC-17,"300,000",,7.1,94826
2723,An American Werewolf in London,1981/07/09,John Landis,Universal  ,England,Cosmic Horror,89,Unrated,"$50,000","$400,014",8.8,438014
4931,Malignant,01/12/2021,James Wan,WARNER BROS.,USA ,Zombie,138 min,PG-13,50000,583939,7.5,235646
2749,Scanners,1981-03-26,David Cronenberg,Avco Embassy,CANADA,Found Footage,130,PG,,"325,820,643",8.9,390500
4411,The Witch,2015-08-25,Robert Eggers,A-24,United States,Haunted House|Body Horror,93,PG,"$35,000,000",$242985712,8.2,372262
1195,The Invisible Man,1933-09-23,James Whale,Universal  ,us,Vampire,157,Not Rated,"$20,000,000",USD 208181238,5.8,434559
2198,The Texas Chain Saw Massacre,11/01/1974,Tobe Hooper,Bryanston Pictures,United States,Supernatural,101,PG-13,"$3,000,000",13374047,7.9,376054
4472,The Wailing,12/12/2016,Na Hong-jin,20th Century Fox Korea,S. Korea,Found Footage,150min,,$750000,"$6,632,236",7.6,372513
2968,A Nightmare on Elm Street,08/16/1984,Wes Craven,New Line Cinema,United States,Werewolf,,Not Rated,"$1,500,000",$10311433,5.9,401827
4139,Trick 'r Treat,02/13/2007,Michael Dougherty,WARNER BROS.,U.S.A.,Slasher,161,R,,"87,142,789",5.1,106581
4193,The Cabin in the Woods,9/7/2011,Drew Goddard,Lionsgate,us,Body Horror,1h 47m,Not Rated,35000000,"$16,820,487",7.4,396226
1373,  The Thing from Another World ,09-07-1951,Christian Nyby,RKO Radio Pictures,United States,Giallo|Creature Feature,81 min,Unrated,50000,36116,8.5,297385
3506,The Devil's Backbone,2001/12/05,Guillermo del Toro,Warner Sogefilms,Spain,Gothic,117,PG-13,USD 750000,USD 555817,6.6,412213
4502,Train to Busan,26-04-2016,Yeon Sang-ho,Next Entertainment World,Korea,Giallo,2h 45m,Unrated,$1500000,"$18,027,397",6.7,463492
1452,Godzilla,1954/05/18,Ishiro Honda,Toho Co.,Nippon,Cosmic Horror,160 min,PG-13,"$6,000,000","47,256,128",7.4,296342
3198,  Jacob's Ladder ,09/22/1990,Adrian Lyne,TriStar Pictures,USA ,Vampire,1h 47m,Not Rated,"$120,000","1,088,354",5.5,257308
2250,Shivers,1975/10/24,David Cronenberg,Cinepix,canada,Cosmic Horror,125,PG,"$1,500,000",18485513,8.0,28173
4210,Sinister,12/20/2012,Scott Derrickson,Blumhouse,USA,Found Footage|Zombie,1h 18m,PG-13,"$6,000,000","$66,545,124",5.4,407208
3201,The Silence of the Lambs,1991/11/04,Jonathan Demme,Orion Pictures,U.S.A.,Supernatural|Kaiju,141,NC-17,"20,000,000","197,214,540",8.3,49670
5265,Shivers,24-03-1975,David Cronenberg,Cinepix,Canada,Cosmic Horror,125 min,PG,1500000,"$18,485,513",8.0,176014
1404,House of Wax,1953-07-24,Andre de Toth,WARNER BROS.,us,Kaiju|Gothic,72,G,,,8.2,81275
5197,  Longlegs ,26-08-2024,Osgood Perkins,neon,U.S.A.,Gothic,160,NC-17,"$10,000,000",54792293,6.0,2819
4790,The Lighthouse,27-09-2019,Robert Eggers,a24,us,Haunted House,126min,Unrated,"300,000",2231378,8.3,275517
5015,PEARL,06-01-2022,Ti West,a24,U.S.A.,Cosmic Horror,2h 24m,G,3000000,36671785,,97313
2151,The Exorcist,12/22/1973,William Friedkin,Warner Bros.,U.S.A.,Haunted House|Vampire,105min,PG,"1,500,000",$3109059,7.9,349737
3486,Session 9,08/12/2001,Brad Anderson,USA Films,United States,Comedy Horror,71,Not Rated,"$3,000,000",,6.7,3343
2923,Videodrome,1/17/1983,David Cronenberg,universal,CANADA,Supernatural,70,NC-17,35000000,$391950781,7.4,343391
4528,Raw,2016-10-16,Julia Ducournau,Wild Bunch,FRANCE,Folk Horror|Cosmic Horror,156,R,"$300,000",2396256,8.5,404595
1556,Horror of Dracula,04-03-1958,Terence Fisher,Hammer Films,England,Found Footage,117,R,"$10,000,000",,8.6,254037
1330,The Uninvited,8/6/1944,Lewis Allen,paramount,USA,Found Footage,125,Unrated,USD 50000,,8.7,400976
1069,Dracula,10/04/1931,Tod Browning,universal,us,Found Footage,1h 24m,R,"300,000",$471267,5.6,231314
2440,Halloween,1978-04-21,John Carpenter,Compass International,USA,Supernatural,164,PG-13,"$10,000,000",129695880,6.8,317627
4297,oculus,2013-12-02,Mike Flanagan,Blumhouse,U.S.A.,Kaiju|Haunted House,154,NC-17,"$120,000","$1,389,242",5.5,87195
4464,THE WAILING,2016/07/22,Na Hong-jin,20th Century Fox Korea,Korea,Found Footage,150,Not Rated,"750,000",6632236,7.6,18224
2092,The Wicker Man,4/21/1973,Robin Hardy,British Lion Films,U.K.,Zombie,77min,Unrated,,$4977047,5.9,122780
2668,Cannibal Holocaust,05/10/1980,Ruggero Deodato,United Artists Europa,Italy,Gothic,126,NC-17,"120,000","$270,483",6.4,29627
4367,Goodnight Mommy,2014/02/23,Veronika Franz,Ulrich Seidl Film,Austria,Giallo,1h 15m,G,"$300,000",,6.1,299216
1563,The Blob,1958-10-15,Irvin Yeaworth,Paramount Pictures,United States,Supernatural,98,NC-17,"$1,500,000","20,452,945",6.0,186989
2593,The Shining,1980-09-22,Stanley Kubrick,warner bros.,USA ,Psychological|Supernatural,151,Not Rated,$750000,2789629,6.8,174747
2211,The Texas Chain Saw Massacre,1974/03/19,Tobe Hooper,Bryanston Pictures,U.S.A.,Supernatural,101min,PG-13,USD 3000000,13374047,7.9,322502
1361,The Thing from Another World,1951/02/04,Christian Nyby,RKO Radio Pictures,U.S.A.,Giallo|Creature Feature,81min,Unrated,50000,"$36,116",8.5,203654
2208,The Texas Chain Saw Massacre,04-08-1974,Tobe Hooper,Bryanston Pictures,U.S.A.,Supernatural,101,PG-13,"3,000,000","$13,374,047",7.9,279180
1736,Peeping Tom,11/05/1960,Michael Powell,Anglo-Amalgamated,United Kingdom,Werewolf,1h 36m,PG,,$16521182,,59182
4173,Insidious,9/18/2010,James Wan,BlumHouse,USA,Kaiju,122,Not Rated,$300000,"$636,169",5.8,351815
4491,Train to Busan,2016/07/01,Yeon Sang-ho,Next Entertainment World,S. Korea,Giallo,165,Unrated,,"$18,027,397",6.7,287142
4953,x,2022/03/04,Ti West,A-24,USA ,Splatter,126,NC-17,,"253,893,251",7.9,361583
2901,City of the Living Dead,12/22/1980,Lucio Fulci,Dania Film,italy,Psychological,102,G,,6159368,8.8,21350
1743,The Innocents,14-03-1961,Jack Clayton,20th Century Fox,UK,Splatter,122 min,NC-17,"1,500,000","19,063,753",7.0,428240
2518,Alien,15-06-1979,Ridley Scott,20th Century Fox,UK,Occult|Creature Feature,116 min,G,"$10,000,000",,6.4,25517
5112,When Evil Lurks,01/26/2023,Demian Rugna,Shudder,Argentina,Body Horror,146,PG-13,"$750,000","$9,856,995",8.7,246209
3921,The Host,2006/05/24,Bong Joon-ho,Showbox,South Korea,Slasher,83,NC-17,"$3,000,000",$33187930,,128775
5209,  Longlegs ,2024-06-11,Osgood Perkins,Neon,U.S.A.,Gothic,160,NC-17,"$10,000,000",USD 54792293,6.0,328810
4350,It Follows,2014/05/26,David Robert Mitchell,Radius-TWC,U.S.A.,Found Footage,93,Unrated,"1,500,000",15379273,8.1,345022
4069,Let the Right One In,2008/05/17,Tomas Alfredson,Sandrew Metronome,Sweden,Occult,162,Unrated,"$50,000",$249436,5.9,343941
4524,Raw,07-10-2016,Julia Ducournau,Wild Bunch,FRANCE,Folk Horror|Cosmic Horror,156min,R,"$300,000","$2,396,256",8.5,69969
4018,Paranormal Activity,7/1/2007,Oren Peli,Blumhouse Productions,United States,Giallo,73 min,R,USD 10000000,,7.0,296076
4435,Green Room,2015/02/21,,A24,us,Body Horror,1h 34m,G,USD 750000,"9,129,839",9.0,7599
2147,The Exorcist,03/14/1973,William Friedkin,Warner Bros.,USA,Haunted House|Vampire,105,PG,"$1,500,000","$3,109,059",7.9,300156
3671,Dark Water,2/8/2002,Hideo Nakata,Toho Co.,Japan,Comedy Horror,157 min,R,"750,000",,5.4,381174
2750,Scanners,1981/07/03,David Cronenberg,Avco Embassy,canada,Found Footage,130,PG,"35,000,000","325,820,643",8.9,369997
2270,Carrie,1976/03/12,Brian De Palma,United Artists,USA,Body Horror,135,PG,,417751,8.5,348349
3320,Audition,1999/05/01,Takashi Miike,Omega Project,Nippon,Psychological|Occult,160 min,Unrated,"6,000,000",$33618699,8.3,316648
4042,Paranormal Activity,10/17/2007,Oren Peli,Blumhouse,U.S.A.,Giallo,73,R,,"19,874,391",7.0,286758
3854,  Wolf Creek ,2005-05-07,Greg McLean,Roadshow,Australia,Vampire,110,,"$6,000,000",46531729,7.5,31758
4455,The Wailing,15-08-2016,Na Hong-jin,20th Century Fox Korea,S. Korea,Found Footage,2h 30m,Not Rated,"750,000",USD 6632236,7.6,227659
2559,The Brood,1979-08-07,David Cronenberg,New World Pictures,Canada,Body Horror|Gothic,87 min,G,10000000,30655121,6.1,45684
4061,Let the Right One In,2008-02-01,Tomas Alfredson,Sandrew Metronome,Sweden,Occult,162,Unrated,"$50,000",249436,,296151
3788,Saw,03/26/2004,James Wan,Lions Gate,USA ,Occult,1h 15m,Not Rated,10000000,,6.1,435641
3923,The Host,03/24/2006,Bong Joon-ho,Showbox,South Korea,Slasher,1h 23m,NC-17,$3000000,$33187930,9.0,361737
1573,the blob,1958/05/02,Irvin Yeaworth,paramount,U.S.A.,Supernatural,,NC-17,"$1,500,000","$20,452,945",6.0,255626
5241,The Blair Witch Project,12/05/1999,Daniel Myrick,Artisan Entertainment,U.S.A.,Splatter,118,Unrated,"300,000","$2,812,847",9.0,321831
4468,The Wailing,2016-10-21,Na Hong-jin,20th Century Fox Korea,S. Korea,Found Footage,2h 30m,Not Rated,"750,000",USD 6632236,7.6,445216
4739,Us,2019/12/26,Jordan Peele,Universal,us,Psychological,131 min,PG,$10000000,"40,925,924",,369160
4565,The Autopsy of Jane Doe,03/15/2016,Andre Ovredal,IFC Midnight,England,Psychological|Giallo,1h 42m,R,$120000,"$757,476",8.7,174668
2718,An American Werewolf in London,1981-05-11,John Landis,Universal Pictures,United Kingdom,Cosmic Horror,89 min,Unrated,"50,000",,8.8,260909
4988,Barbarian,2022-01-28,Zach Cregger,20th Century Studios,USA ,Cosmic Horror|Giallo,118min,R,USD 3000000,"12,536,957",7.6,65810
3274,Cronos,9/6/1993,Guillermo del Toro,October Films,Mexico,Werewolf|Body Horror,71,R,,$200544,5.0,173858
3378,The Blair Witch Project,1999/08/26,Daniel Myrick,Artisan Entertainment,U.S.A.,Splatter,118 min,Unrated,USD 300000,"$2,812,847",9.0,90844
2547,Zombie Flesh Eaters,1979-06-08,Lucio Fulci,Variety Film,ITALY,Vampire,142,PG,"20,000,000","$61,567,279",8.7,148283
4465,THE WAILING,2016/11/07,Na Hong-jin,20th Century Fox Korea,S. Korea,Found Footage,150,Not Rated,750000,USD 6632236,,424146
3020,Re-Animator,1985/08/07,Stuart Gordon,Empire Pictures,U.S.A.,Body Horror,2h 20m,Unrated,"120,000","1,181,119",9.0,81610
3164,Tetsuo the Iron Man,8/1/1989,Shinya Tsukamoto,Kaijyu Theater,Japan,Vampire,165min,PG-13,$20000000,"255,667,125",6.4,301326
4410,The Witch,3/26/2015,Robert Eggers,A-24,USA,Haunted House|Body Horror,1h 33m,PG,"35,000,000",,8.2,441579
4149,Trick 'r Treat,05/02/2007,Michael Dougherty,WARNER BROS.,USA,Slasher,2h 41m,R,$20000000,,5.1,30305
1368,The Thing from Another World,1951-03-28,Christian Nyby,RKO Radio Pictures,United States,Giallo|Creature Feature,81,Unrated,"$50,000",,8.5,418516
1060,Dracula,02/14/1931,Tod Browning,Universal,USA,Found Footage,84,R,"$300,000",USD 471267,5.6,181232
1493,Invasion of the Body Snatchers,12-10-1956,Don Siegel,Allied Artists,USA,Gothic,123,R,"$1,500,000","$13,594,388",6.5,20505
1010,Nosferatu,1922-05-20,F.W. Murnau,Prana Film,Germany,Kaiju,96,Unrated,,,5.9,472000
2520,Alien,08-07-1979,Ridley Scott,20th Century Fox,United Kingdom,Occult|Creature Feature,116,G,10000000,"15,461,470",6.4,228397
2943,VIDEODROME,1983/02/12,David Cronenberg,Universal Pictures,Canada,Supernatural,70,NC-17,$35000000,,7.4,382124
3416,The Sixth Sense,1999-01-15,M. Night Shyamalan,Buena Vista,U.S.A.,Comedy Horror,157,G,"$300,000",USD 3957945,5.3,37299
3466,Session 9,3/9/2001,Brad Anderson,USA Films,U.S.A.,Comedy Horror,1h 11m,Not Rated,"3,000,000","$41,390,468",,146177
4443,Green Room,2015-05-02,Jeremy Saulnier,A24,USA,Body Horror,94 min,G,"750,000",USD 9129839,9.0,45042
3652,Dark Water,03/24/2002,Hideo Nakata,toho,Nippon,Comedy Horror,157,R,750000,8030796,5.4,408818
1824,the haunting,1963/08/23,Robert Wise,MGM,UK,Splatter,,Unrated,$1500000,,7.7,51348
1141,FREAKS,06/08/1932,Tod Browning,MGM,USA ,Cosmic Horror,1h 12m,Unrated,"$6,000,000","5,451,081",4.6,278416
3316,Ringu,06-11-1998,Hideo Nakata,Toho,Japan,Psychological,71min,PG,"20,000,000",$8179313,4.9,390657
3672,Dark Water,05/05/2002,Hideo Nakata,Toho,JAPAN,Comedy Horror,157 min,R,$750000,"8,030,796",5.4,184844
4907,Titane,2021-02-23,Julia Ducournau,neon,France,Werewolf,98,,"20,000,000",$191227230,4.7,328855
1813,The Birds,05-04-1963,Alfred Hitchcock,Universal  ,USA,Slasher|Psychological,,PG-13,"$3,000,000",USD 34881029,5.2,52640
3331,Audition,08/19/1999,Takashi Miike,Omega Project,Nippon,Psychological|Occult,160,Unrated,"$6,000,000",USD 33618699,8.3,135483
2143,The Exorcist,25-02-1973,William Friedkin,Warner Bros.,United States,Haunted House|Vampire,105,,"1,500,000","3,109,059",7.9,109853
5344,Zombie Flesh Eaters,1979/07/17,Lucio Fulci,Variety Film,Italy,Vampire,142min,,USD 20000000,"$61,567,279",8.7,297740
3995,The Orphanage,2007-02-18,J.A. Bayona,Warner Bros. Pictures,Spain,Creature Feature|Haunted House,145 min,R,USD 20000000,"220,449,652",5.4,414233
1821,The Haunting,1963-02-01,Robert Wise,MGM,United Kingdom,Splatter,90,Unrated,"1,500,000",10197106,7.7,465214
1770,Carnival of Souls,1962-03-10,Herk Harvey,Herts-Lion International,United States,Body Horror,100,PG,,"$22,553,699",,2998
1550,Horror of Dracula,4/18/1958,Terence Fisher,HAMMER FILMS,U.K.,Found Footage,117min,R,"$10,000,000","$99,981,464",8.6,358947
2808,The Thing,1982-05-18,John Carpenter,Universal Pictures,United States,Folk Horror|Psychological,1h 19m,R,"$3,000,000",21098115,8.6,290178
4148,Trick 'r Treat,09/04/2007,Michael Dougherty,warner bros.,U.S.A.,Slasher,161,R,20000000,87142789,5.1,210362
4429,Green Room,2015-04-22,Jeremy Saulnier,A-24,U.S.A.,Body Horror,94,G,"$750,000",,9.0,8925
2700,The Evil Dead,25-12-1981,Sam Raimi,New Line Cinema,United States,Supernatural,114,,"$50,000",,8.1,63805
2061,Witchfinder General,21-10-1968,Michael Reeves,Tigon,England,Giallo,153,,$10000000,136636027,8.5,253436
1309,I Walked with a Zombie,10/16/1943,Jacques Tourneur,RKO Radio Pictures,United States,Found Footage,2h 24m,R,"300,000",2896340,8.9,445053
4346,It Follows,2014/03/15,David Robert Mitchell,Radius-TWC,United States,Found Footage,93,Unrated,"1,500,000",$15379273,8.1,82100
3530,THE OTHERS,2001-09-10,Alejandro Amenabar,warner bros.,Spain,Splatter,,,"10,000,000",USD 55008994,8.7,374611
1519,The Curse of Frankenstein,3/11/1957,Terence Fisher,HAMMER FILMS,United Kingdom,Werewolf|Vampire,129 min,,"$10,000,000",,6.5,388317
2169,Don't Look Now,01/21/1973,Nicolas Roeg,Casey Productions,UK,Zombie|Found Footage,121,R,"3,000,000",USD 8311755,5.4,236967
3710,A Tale of Two Sisters,2003-03-14,Kim Jee-woon,Cineclick Asia,Korea,Folk Horror,97,PG,3000000,26985529,9.2,18034
5186,Longlegs,2024/03/28,Osgood Perkins,neon,United States,Gothic,160 min,NC-17,"10,000,000",USD 54792293,6.0,196634
2278,Carrie,19-06-1976,Brian De Palma,United Artists,USA ,Body Horror,135,PG,"$50,000",$417751,8.5,82463
2969,A Nightmare on Elm Street,21-03-1984,Wes Craven,New Line,United States,Werewolf,117,Not Rated,1500000,USD 10311433,5.9,148638
2922,Videodrome,1983-12-23,David Cronenberg,universal,Canada,Supernatural,70,NC-17,"$35,000,000",$391950781,7.4,149336
4741,Us,09/14/2019,Jordan Peele,Universal Pictures,USA,Psychological,131,PG,"$10,000,000",USD 40925924,6.6,448328
3153,Tetsuo the Iron Man,12/17/1989,Shinya Tsukamoto,Kaijyu Theater,Japan,Vampire,2h 45m,PG-13,USD 20000000,USD 255667125,,43520
5124,WHEN EVIL LURKS,2023/05/23,Demian Rugna,Shudder,Argentina,Body Horror,2h 26m,PG-13,"$750,000",$9856995,8.7,22121
5177,The Substance,12/28/2024,,Mubi,France,Psychological,75,NC-17,"$50,000","101,442",8.3,211632
3372,The Blair Witch Project,26-11-1999,,Artisan Entertainment,United States,Splatter,118 min,Unrated,"300,000","2,812,847",9.0,182542
3626,Ju-on The Grudge,15-01-2002,Takashi Shimizu,Toei,Nippon,Slasher,113min,Unrated,"$120,000",$547265,5.4,50193
3800,Saw,2004/12/17,James Wan,Lions Gate,U.S.A.,Occult,75,Not Rated,"$10,000,000",126782523,6.1,379704
2424,House,1977-10-22,Nobuhiko Obayashi,TOHO,Japan,Creature Feature,157,Not Rated,120000,"$385,505",8.3,287818
3337,Audition,1999/08/05,Takashi Miike,Omega Project,Japan,Psychological|Occult,160min,,6000000,33618699,8.3,282636
1352,The Thing from Another World,21-04-1951,Christian Nyby,RKO Radio Pictures,USA ,Giallo|Creature Feature,81min,Unrated,"50,000","36,116",8.5,271758
1037,The Phantom of the Opera,02/18/1925,Rupert Julian,universal,U.S.A.,Splatter|Haunted House,2h 34m,,"750,000",USD 4135308,6.1,277865
1093,Frankenstein,1931/06/12,James Whale,UNIVERSAL,USA ,Supernatural|Slasher,117,NC-17,"750,000",,6.4,82072
5013,PEARL,09/19/2022,Ti West,a24,U.S.A.,Cosmic Horror,144,G,,"$36,671,785",7.5,334222
2921,Videodrome,12/4/1983,David Cronenberg,Universal Pictures,CANADA,Supernatural,70,NC-17,,"$391,950,781",7.4,211976
2011,Rosemary's Baby,1968/05/10,Roman Polanski,Paramount,U.S.A.,Giallo,137 min,PG,"$20,000,000",7001250,6.7,281285
2177,Don't Look Now,1973/08/19,Nicolas Roeg,Casey Productions,UK,Zombie|Found Footage,121min,R,"$3,000,000",8311755,5.4,401218
3666,Dark Water,8/4/2002,Hideo Nakata,toho,JAPAN,Comedy Horror,157,R,750000,,5.4,295835
1267,Cat People,1942-04-10,Jacques Tourneur,RKO Radio Pictures,U.S.A.,Werewolf|Creature Feature,74,Not Rated,"$300,000",927054,6.8,320414
1620,House on Haunted Hill,08-01-1959,William Castle,Allied Artists,U.S.A.,Cosmic Horror,132,PG-13,"300,000","4,138,573",6.0,225279
4927,Malignant,06-02-2021,James Wan,WARNER BROS.,us,Zombie,138,PG-13,"$50,000","$583,939",7.5,368142
4912,Titane,22-09-2021,Julia Ducournau,Neon,FRANCE,Werewolf,98,PG-13,20000000,USD 191227230,4.7,470680
4130,Trick 'r Treat,05/26/2007,Michael Dougherty,Warner Bros.,us,Slasher,161 min,R,"20,000,000",USD 87142789,5.1,54089
4580,Get Out,1/18/2017,Jordan Peele,Blumhouse,U.S.A.,Comedy Horror,111 min,Unrated,120000,"1,256,432",7.9,46932
4990,barbarian,12-05-2022,Zach Cregger,20th Century Studios,us,Cosmic Horror|Giallo,1h 58m,R,3000000,"$12,536,957",7.6,235769
3509,The Devil's Backbone,2001-09-23,Guillermo del Toro,Warner Sogefilms,Spain,Gothic,117 min,PG-13,"750,000",,6.6,339440
5216,Nosferatu,9/5/2024,,Focus Features,United States,Occult,135 min,,,,7.7,303488
1608,House on Haunted Hill,10/14/1959,William Castle,Allied Artists,USA ,Cosmic Horror,132 min,PG-13,"$300,000","4,138,573",6.0,128366
1474,Invasion of the Body Snatchers,02-08-1956,Don Siegel,Allied Artists,USA ,Gothic,123,R,"$1,500,000","$13,594,388",6.5,76398
3508,The Devil's Backbone,2001-01-16,Guillermo del Toro,Warner Sogefilms,Spain,Gothic,117 min,PG-13,750000,,6.6,401734
4331,The Babadook,2014/07/16,Jennifer Kent,Causeway Films,Australia,Found Footage|Zombie,,Unrated,"6,000,000","$49,894,496",7.0,161763
2099,  The Wicker Man ,12/21/1973,Robin Hardy,British Lion Films,UK,Zombie,77 min,Unrated,USD 6000000,$4977047,5.9,367230
2383,Rabid,11-11-1977,David Cronenberg,Cinepix,Canada,Splatter,81 min,G,"$1,500,000","693,556",7.4,472441
2354,  Eraserhead ,1977/06/18,David Lynch,Libra Films,USA,Zombie,149,PG-13,"$3,000,000","39,909,840",8.3,332878
3386,The Blair Witch Project,1999-10-06,Daniel Myrick,Artisan Entertainment,U.S.A.,Splatter,118min,Unrated,"$300,000","2,812,847",9.0,446762
1653,Black Sunday,25-09-1960,Mario Bava,Galatea Film,Italy,Supernatural|Psychological,113,NC-17,"50,000","$426,793",6.5,22716
1624,Psycho,8/4/1960,Alfred Hitchcock,paramount,U.S.A.,Supernatural,162 min,PG-13,"$120,000","$1,526,242",6.9,325722
2420,House,1977-06-09,Nobuhiko Obayashi,Toho,Japan,Creature Feature,2h 37m,Not Rated,"120,000",,8.3,350414
5123,When Evil Lurks,2023-10-18,Demian Rugna,Shudder,Argentina,Body Horror,146,PG-13,"750,000","$9,856,995",8.7,441943
5240,Nosferatu,5/6/2024,Robert Eggers,Focus Features,USA ,Occult,135,,"$10,000,000",USD 23048052,7.7,85741
1334,The Uninvited,08/17/1944,Lewis Allen,Paramount,United States,Found Footage,125,Unrated,"50,000","55,760",8.7,228373
1322,I Walked with a Zombie,11-09-1943,,RKO Radio Pictures,us,Found Footage,2h 24m,R,300000,"2,896,340",8.9,157111
5300,The Fly,09-10-1986,David Cronenberg,20th Century Fox,us,Cosmic Horror,104 min,R,"$35,000,000","$407,590,945",7.8,141069
4542,Raw,8/23/2016,Julia Ducournau,Wild Bunch,France,Folk Horror|Cosmic Horror,156min,R,300000,"2,396,256",8.5,148532
2799,Possession,1981/08/08,Andrzej Zulawski,Gaumont,france,Vampire,162min,R,"35,000,000","$252,848,869",7.3,206757
1909,Kwaidan,1964/07/20,Masaki Kobayashi,Toho,JAPAN,Comedy Horror|Gothic,152 min,PG-13,$50000,"403,655",6.6,138600
2757,Scanners,6/16/1981,David Cronenberg,Avco Embassy,Canada,Found Footage,130,PG,"$35,000,000","325,820,643",8.9,322320
3559,Pulse,01-01-2001,Kiyoshi Kurosawa,TOHO,JAPAN,Creature Feature|Body Horror,99,NC-17,$300000,"190,306",5.2,42470
1602,House on Haunted Hill,1959/06/06,William Castle,Allied Artists,USA,Cosmic Horror,132 min,PG-13,"300,000","4,138,573",6.0,270875
3318,Audition,20-03-1999,Takashi Miike,Omega Project,Japan,Psychological|Occult,160min,Unrated,"$6,000,000","33,618,699",8.3,36776
4641,A Quiet Place,2018/05/07,John Krasinski,paramount,us,Supernatural,100,Not Rated,,3147005,8.7,295016
1884,Onibaba,1964/09/03,Kaneto Shindo,toho,Japan,Supernatural|Found Footage,90,PG,,,6.4,267078
1154,The Mummy,1932-11-08,Karl Freund,UNIVERSAL,USA,Vampire,140min,Unrated,,$46257698,5.7,159128
2475,Halloween,1978/10/09,John Carpenter,Compass International,USA ,Supernatural,164,PG-13,10000000,"129,695,880",6.8,203728
5165,The Substance,2024-12-20,Coralie Fargeat,Mubi,FRANCE,Psychological,75,NC-17,"$50,000","$101,442",8.3,218163
5321,The Sixth Sense,04/09/1999,M. Night Shyamalan,Buena Vista,United States,Comedy Horror,157,G,$300000,USD 3957945,5.3,154570
4814,Parasite,04/23/2019,Bong Joon-ho,CJ Entertainment,Korea,Folk Horror,,G,"$1,500,000",469037,6.5,293269
4442,Green Room,1/28/2015,Jeremy Saulnier,a24,USA ,Body Horror,1h 34m,G,USD 750000,"$9,129,839",9.0,215979
1163,The Mummy,04-11-1932,Karl Freund,Universal Pictures,USA,Vampire,140 min,Unrated,,46257698,5.7,431086
1525,THE CURSE OF FRANKENSTEIN,1957/03/10,Terence Fisher,Hammer,U.K.,Werewolf|Vampire,129,PG-13,$10000000,139128163,6.5,440202
4416,  The Witch ,06/23/2015,Robert Eggers,A24,United States,Haunted House|Body Horror,93 min,PG,"35,000,000",USD 242985712,8.2,151522
3536,The Others,2001/07/23,Alejandro Amenabar,Warner Bros,Spain,Splatter,160,G,"$10,000,000","$55,008,994",8.7,159265
2539,Zombie Flesh Eaters,09/15/1979,Lucio Fulci,Variety Film,italy,Vampire,142,PG,20000000,"$61,567,279",8.7,326058
1942,Repulsion,09/08/1965,Roman Polanski,Compton Films,U.K.,Cosmic Horror|Supernatural,142min,PG,"300,000",4103145,7.3,10056
2459,Halloween,27-09-1978,John Carpenter,Compass International,U.S.A.,Supernatural,164 min,,,129695880,6.8,432888
5337,The Orphanage,2007/06/19,J.A. Bayona,Warner Bros. Pictures,Spain,Creature Feature|Haunted House,145min,R,,USD 220449652,5.4,181464
4879,Possessor,20-07-2020,Brandon Cronenberg,Neon,Canada,Occult,138,G,300000,"$667,524",8.1,366756
5274,  Session 9 ,2001/06/08,Brad Anderson,USA Films,USA ,Comedy Horror,71,Not Rated,"$3,000,000",$41390468,6.7,368151
1086,FRANKENSTEIN,1931/03/14,James Whale,Universal,USA ,Supernatural|Slasher,117 min,NC-17,"750,000","$1,599,134",6.4,245771
1818,the haunting,12/23/1963,Robert Wise,MGM,England,Splatter,90min,Unrated,$1500000,"$10,197,106",7.7,448841
1753,The Innocents,1961/11/09,Jack Clayton,20th Century Fox,U.K.,Splatter,122min,NC-17,"1,500,000",19063753,7.0,462901
3928,The Host,2006/11/20,Bong Joon-ho,Showbox,Korea,Slasher,83,NC-17,"$3,000,000",,9.0,320107
1187,The Invisible Man,10/09/1933,James Whale,UNIVERSAL,U.S.A.,Vampire,157 min,Not Rated,"$20,000,000","$208,181,238",5.8,5084
3906,The Host,2/2/2006,Bong Joon-ho,Showbox,Korea,Slasher,83,NC-17,"$3,000,000",$33187930,9.0,8976
1345,The Uninvited,11/07/1944,Lewis Allen,Paramount Pictures,us,Found Footage,125,Unrated,,"$55,760",8.7,31554
2423,House,1977/09/23,Nobuhiko Obayashi,Toho,JAPAN,Creature Feature,2h 37m,Not Rated,"$120,000",,8.3,194693
2308,The Omen,11/06/1976,Richard Donner,20th Century Fox,USA ,Vampire,144,PG,3000000,"$5,923,606",,477022
1305,I Walked with a Zombie,01-09-1943,Jacques Tourneur,RKO Radio Pictures,U.S.A.,Found Footage,144,R,"$300,000",USD 2896340,8.9,260752
4925,Malignant,12/25/2021,James Wan,WARNER BROS.,us,Zombie,138,PG-13,$50000,"$583,939",7.5,312638
4270,Oculus,2013-09-04,Mike Flanagan,BlumHouse,U.S.A.,Kaiju|Haunted House,154,NC-17,"120,000",$1389242,5.5,365631
1376,The Thing from Another World,06/27/1951,Christian Nyby,RKO Radio Pictures,U.S.A.,Giallo|Creature Feature,81,Unrated,"$50,000","36,116",8.5,279554
1075,Dracula,1931-04-28,Tod Browning,Universal Pictures,USA,Found Footage,1h 24m,R,,,5.6,29429
4071,Let the Right One In,09/17/2008,Tomas Alfredson,Sandrew Metronome,Sweden,Occult,162min,Unrated,USD 50000,"$249,436",5.9,10920
1264,Cat People,1942/11/15,Jacques Tourneur,RKO Radio Pictures,U.S.A.,Werewolf|Creature Feature,1h 14m,Not Rated,300000,"$927,054",6.8,188054
4355,  It Follows ,6/11/2014,David Robert Mitchell,Radius-TWC,U.S.A.,Found Footage,93,Unrated,,$15379273,8.1,460451
1802,the birds,11/18/1963,Alfred Hitchcock,Universal Pictures,USA ,Slasher|Psychological,106,PG-13,3000000,USD 34881029,5.2,3253
3579,28 Days Later,01/27/2002,Danny Boyle,Fox Searchlight,U.K.,Folk Horror,147min,R,6000000,"25,855,318",8.7,280701
2926,videodrome,09/05/1983,David Cronenberg,UNIVERSAL,CANADA,Supernatural,70,NC-17,"$35,000,000",$391950781,7.4,451685
2353,Suspiria,05/18/1977,Dario Argento,Seda Spettacoli,italy,Occult,145,Unrated,35000000,"$113,427,337",8.9,22583
3083,HELLRAISER,1987/07/28,Clive Barker,New World Pictures,England,Slasher,98,G,$50000,"$269,251",6.8,185773
1614,House on Haunted Hill,1959/02/07,William Castle,Allied Artists,United States,Cosmic Horror,132min,PG-13,$300000,USD 4138573,6.0,166902
4296,Oculus,10/21/2013,Mike Flanagan,Blumhouse Productions,U.S.A.,Kaiju|Haunted House,154,NC-17,"120,000","$1,389,242",5.5,21894
3162,Tetsuo the Iron Man,1989-07-11,Shinya Tsukamoto,Kaijyu Theater,Japan,Vampire,2h 45m,PG-13,$20000000,,6.4,1906
4633,It,10-09-2017,Andy Muschietti,WARNER BROS.,USA ,Zombie|Giallo,89,NC-17,1500000,$1773625,5.8,267277
5048,Talk to Me,04-09-2022,Danny Philippou,a24,Australia,Psychological,122min,NC-17,$35000000,USD 386552466,7.5,49298
3281,Ringu,1998/09/06,Hideo Nakata,Toho,Nippon,Psychological,71,PG,$20000000,8179313,4.9,200929
5032,Talk to Me,05/23/2022,Danny Philippou,A-24,Australia,Psychological,2h 2m,NC-17,"$35,000,000",386552466,7.5,169511
2764,Scanners,7/16/1981,David Cronenberg,Avco Embassy,canada,Found Footage,130,PG,"$35,000,000",325820643,8.9,253072
5192,Longlegs,7/28/2024,Osgood Perkins,NEON,U.S.A.,Gothic,2h 40m,NC-17,USD 10000000,"54,792,293",6.0,265011
3472,Session 9,2001/01/16,Brad Anderson,USA Films,USA ,Comedy Horror,1h 11m,Not Rated,"3,000,000","41,390,468",6.7,145128
2746,Scanners,11/05/1981,David Cronenberg,Avco Embassy,Canada,Found Footage,130min,PG,"$35,000,000","$325,820,643",8.9,366965
3941,  Inside ,2007-09-03,Alexandre Bustillo,La Fabrique de Films,FRANCE,Gothic,100,Unrated,"35,000,000","$435,166,860",8.3,151824
5059,Skinamarink,06-06-2022,Kyle Edward Ball,IFC Midnight,canada,Splatter,161min,G,1500000,11408908,5.1,422409
4208,Sinister,04/24/2012,Scott Derrickson,BlumHouse,USA,Found Footage|Zombie,78min,PG-13,"$6,000,000",USD 66545124,5.4,395636
2321,Suspiria,1977/06/23,Dario Argento,Seda Spettacoli,Italy,Occult,145,Unrated,"$35,000,000",,8.9,368594
1162,The Mummy,1/5/1932,Karl Freund,UNIVERSAL,USA ,Vampire,140,Unrated,"$10,000,000",$46257698,5.7,284265
1722,Peeping Tom,1960/08/27,Michael Powell,Anglo-Amalgamated,UK,Werewolf,96 min,PG,1500000,"16,521,182",8.0,396624
3208,The Silence of the Lambs,1991/03/10,,Orion Pictures,U.S.A.,Supernatural|Kaiju,141,,"$20,000,000",USD 197214540,8.3,178575
2496,Dawn of the Dead,06-10-1978,George Romero,United Film Distribution,U.S.A.,Werewolf,135 min,Unrated,,44664160,8.1,333152
4957,X,2022-01-02,Ti West,a24,us,Splatter,126min,NC-17,20000000,"253,893,251",7.9,472996
5118,When Evil Lurks,12-07-2023,Demian Rugna,Shudder,Argentina,Body Horror,,PG-13,,9856995,8.7,146060
3011,Phenomena,1985-07-20,Dario Argento,DACFILM Rome,italy,Comedy Horror,130,PG-13,"$6,000,000",,9.1,189166
3001,Phenomena,1985/10/22,,DACFILM Rome,ITALY,Comedy Horror,2h 10m,PG-13,USD 6000000,"$9,032,401",9.1,99995
3240,Candyman,1992/02/02,Bernard Rose,TriStar Pictures,USA ,Comedy Horror|Zombie,78,PG-13,"50,000","$197,869",6.1,424959
1995,Kill Baby Kill,10/26/1966,Mario Bava,FUL Films,italy,Vampire,72,Unrated,6000000,$49406007,6.1,146611
4245,The Conjuring,2013/07/14,James Wan,Warner Bros,U.S.A.,Werewolf,1h 31m,Unrated,"$50,000","$75,128",9.0,152944
5173,The Substance,28-02-2024,Coralie Fargeat,Mubi,France,Psychological,75 min,NC-17,"$50,000",,8.3,390394
3771,Shaun of the Dead,12/04/2004,Edgar Wright,universal,UK,Cosmic Horror,74 min,PG-13,$10000000,"$73,150,220",8.6,46056
2314,The Omen,1976-10-08,Richard Donner,20th Century Fox,USA ,Vampire,2h 24m,PG,"$3,000,000",5923606,8.9,291849
2633,The Fog,1980/11/24,John Carpenter,Avco Embassy,us,Vampire,102,NC-17,$1500000,$3085118,4.7,250632
3329,Audition,1999-05-18,Takashi Miike,Omega Project,Nippon,Psychological|Occult,160 min,Unrated,"6,000,000","$33,618,699",8.3,50884
4161,Insidious,1/22/2010,James Wan,BlumHouse,USA ,Kaiju,122 min,Not Rated,"$300,000",$636169,5.8,362268
4095,Martyrs,2008/03/14,Pascal Laugier,Wild Bunch,FRANCE,Psychological,116,G,"$20,000,000","$87,265,784",,316815
3108,Evil Dead II,02/17/1987,Sam Raimi,De Laurentiis,USA ,Comedy Horror,139,R,$35000000,"$148,908,651",5.8,455303
1776,  Carnival of Souls ,07/07/1962,Herk Harvey,Herts-Lion International,us,Body Horror,,PG,USD 20000000,"$22,553,699",8.7,268582
3392,The Blair Witch Project,02-12-1999,Daniel Myrick,Artisan Entertainment,us,Splatter,118,Unrated,"$300,000","2,812,847",9.0,402182
4307,The Babadook,08-04-2014,Jennifer Kent,Causeway Films,Australia,Found Footage|Zombie,86,Unrated,"6,000,000","$49,894,496",7.0,388230
5248,The Omen,09-05-1976,Richard Donner,20th Century Fox,U.S.A.,Vampire,2h 24m,PG,$3000000,5923606,8.9,405276
3499,The Devil's Backbone,21-02-2001,Guillermo del Toro,Warner Sogefilms,Spain,Gothic,117min,PG-13,"$750,000",555817,6.6,397737
3709,A Tale of Two Sisters,2003-11-08,Kim Jee-woon,Cineclick Asia,Korea,Folk Horror,97min,PG,"3,000,000",USD 26985529,9.2,264959
2579,The Brood,1979/03/20,David Cronenberg,New World Pictures,CANADA,Body Horror|Gothic,,G,"$10,000,000","30,655,121",6.1,258201
2043,Night of the Living Dead,5/15/1968,George Romero,Image Ten,USA,Zombie,108,G,"$1,500,000",USD 19103735,8.1,226146
1852,Blood and Black Lace,14-11-1964,,Emmepi Cinematografica,ITALY,Gothic|Giallo,143,NC-17,"$120,000",,8.4,215479
5150,Late Night with the Devil,2023/01/23,Colin Cairnes,IFC Films,Australia,Psychological,70 min,NC-17,,$44680381,8.2,207320
4963,x,1/9/2022,Ti West,A-24,USA,Splatter,126 min,NC-17,,USD 253893251,7.9,333403
1314,I Walked with a Zombie,12/13/1943,Jacques Tourneur,RKO Radio Pictures,U.S.A.,Found Footage,144 min,,$300000,USD 2896340,8.9,464864
5308,Rosemary's Baby,9/20/1968,Roman Polanski,Paramount Pictures,us,Giallo,137,PG,20000000,7001250,6.7,213735
5109,When Evil Lurks,2023-03-01,Demian Rugna,Shudder,Argentina,Body Horror,146,PG-13,"$750,000","9,856,995",8.7,80742
4321,The Babadook,26-03-2014,Jennifer Kent,Causeway Films,Australia,Found Footage|Zombie,1h 26m,Unrated,"$6,000,000","$49,894,496",7.0,61571
2051,Night of the Living Dead,1968/06/27,George Romero,Image Ten,us,Zombie,108 min,G,"$1,500,000",$19103735,8.1,438439
4539,Raw,06-05-2016,Julia Ducournau,Wild Bunch,france,Folk Horror|Cosmic Horror,156,R,"$300,000",USD 2396256,8.5,297087
1490,Invasion of the Body Snatchers,1956/12/25,Don Siegel,Allied Artists,United States,Gothic,123,R,$1500000,,6.5,310831
1944,Repulsion,1965-09-01,Roman Polanski,Compton Films,U.K.,Cosmic Horror|Supernatural,142min,PG,,"$4,103,145",7.3,222821
1219,Bride of Frankenstein,1935/01/25,James Whale,Universal Pictures,USA ,Giallo,83min,PG-13,6000000,"69,360,250",8.0,204271
2390,RABID,10/27/1977,David Cronenberg,Cinepix,Canada,Splatter,81min,G,"$1,500,000","$693,556",7.4,462339
3521,The Others,26-10-2001,Alejandro Amenabar,warner bros.,Spain,Splatter,160,G,"$10,000,000","55,008,994",8.7,374993
3029,Re-Animator,25-10-1985,Stuart Gordon,Empire Pictures,USA,Body Horror,140 min,,"120,000","$1,181,119",9.0,240272
1429,Creature from the Black Lagoon,1954/10/04,Jack Arnold,Universal  ,USA ,Psychological|Cosmic Horror,80 min,PG,$10000000,"131,198,528",4.7,436096
2677,The Evil Dead,4/15/1981,Sam Raimi,New Line,United States,Supernatural,114,NC-17,"$50,000",USD 547550,8.1,474315
1701,Eyes Without a Face,1960/07/22,Georges Franju,Champs-Elysees,FRANCE,Giallo,120,Unrated,$20000000,$158166156,8.5,190029
3110,Evil Dead II,22-03-1987,Sam Raimi,De Laurentiis,U.S.A.,Comedy Horror,139min,,"35,000,000",,5.8,335987
2370,Eraserhead,04/13/1977,David Lynch,Libra Films,us,Zombie,149 min,PG-13,"$3,000,000","$39,909,840",8.3,65866
3361,the blair witch project,11/20/1999,Daniel Myrick,Artisan Entertainment,U.S.A.,Splatter,118 min,Unrated,,"$2,812,847",9.0,156101
3200,THE SILENCE OF THE LAMBS,9/11/1991,Jonathan Demme,Orion Pictures,USA,Supernatural|Kaiju,141,NC-17,"20,000,000",$197214540,8.3,196499
1848,Blood and Black Lace,1964-12-18,Mario Bava,Emmepi Cinematografica,ITALY,Gothic|Giallo,2h 23m,,"$120,000","$215,381",8.4,276710
4091,Martyrs,2008-01-15,Pascal Laugier,Wild Bunch,FRANCE,Psychological,116,G,"$20,000,000",USD 87265784,5.1,271411
4022,Paranormal Activity,11/1/2007,Oren Peli,Blumhouse,United States,Giallo,73min,R,"10,000,000","$19,874,391",7.0,306678
4096,Martyrs,11/10/2008,Pascal Laugier,Wild Bunch,france,Psychological,1h 56m,G,USD 20000000,,5.1,34179
1446,Godzilla,8/26/1954,Ishiro Honda,TOHO,JAPAN,Cosmic Horror,160,PG-13,$6000000,47256128,7.4,416804
3959,REC,2007-11-24,Jaume Balaguero,Filmax,Spain,Zombie,144,PG,"$20,000,000",126904732,7.4,423122
2311,the omen,1/19/1976,Richard Donner,20th Century Fox,us,Vampire,144,PG,"$3,000,000","$5,923,606",8.9,280471
3864,wolf creek,2005/03/22,Greg McLean,Roadshow,Australia,Vampire,110,,$6000000,"$46,531,729",7.5,389902
4094,  Martyrs ,4/9/2008,Pascal Laugier,Wild Bunch,FRANCE,Psychological,116,,$20000000,"$87,265,784",5.1,153775
1403,HOUSE OF WAX,5/2/1953,Andre de Toth,WARNER BROS.,United States,Kaiju|Gothic,1h 12m,G,"$10,000,000",90384239,8.2,234589
1289,Cat People,4/2/1942,Jacques Tourneur,RKO Radio Pictures,United States,Werewolf|Creature Feature,74,Not Rated,"300,000",927054,6.8,251618
1691,Eyes Without a Face,07/01/1960,Georges Franju,Champs-Elysees,France,Giallo,120min,Unrated,20000000,,8.5,81477
4718,suspiria,2018/03/28,Luca Guadagnino,Amazon Studios,ITALY,Folk Horror|Splatter,154,PG,"$300,000","3,561,660",8.6,33010
3958,REC,10/6/2007,Jaume Balaguero,Filmax,Spain,Zombie,144 min,PG,"$20,000,000","$126,904,732",7.4,266238
2997,Phenomena,1985/05/17,Dario Argento,DACFILM Rome,italy,Comedy Horror,130,PG-13,6000000,"9,032,401",9.1,206524
1588,House on Haunted Hill,08/11/1959,William Castle,Allied Artists,USA,Cosmic Horror,132,PG-13,$300000,"$4,138,573",6.0,171494
5215,Nosferatu,2024-04-14,Robert Eggers,Focus Features,USA ,Occult,135 min,Not Rated,$10000000,23048052,7.7,254509
4487,train to busan,11/17/2016,Yeon Sang-ho,Next Entertainment World,South Korea,Giallo,2h 45m,Unrated,$1500000,18027397,6.7,80654
5198,Longlegs,1/2/2024,Osgood Perkins,NEON,USA,Gothic,2h 40m,,USD 10000000,"$54,792,293",6.0,27395
1269,Cat People,1942/10/19,Jacques Tourneur,RKO Radio Pictures,U.S.A.,Werewolf|Creature Feature,74,Not Rated,"300,000","$927,054",6.8,11527
4934,Malignant,17-08-2021,James Wan,Warner Bros,USA ,Zombie,138 min,PG-13,"$50,000","583,939",7.5,312856
4075,Let the Right One In,10/23/2008,Tomas Alfredson,Sandrew Metronome,Sweden,Occult,2h 42m,Unrated,"$50,000","249,436",5.9,35076
2964,A Nightmare on Elm Street,1984-03-13,Wes Craven,New Line,USA ,Werewolf,117 min,Not Rated,"1,500,000",10311433,5.9,456394
3979,REC,27-04-2007,Jaume Balaguero,Filmax,Spain,Zombie,2h 24m,,"$20,000,000","$126,904,732",7.4,397926
1049,The Phantom of the Opera,1925/12/09,Rupert Julian,universal,USA ,Splatter|Haunted House,2h 34m,NC-17,USD 750000,"$4,135,308",6.1,133818
4994,Barbarian,05/04/2022,,20th Century Studios,USA ,Cosmic Horror|Giallo,118min,R,,"$12,536,957",7.6,156471
2156,The Exorcist,7/23/1973,William Friedkin,Warner Bros.,USA ,Haunted House|Vampire,105,PG,"$1,500,000",,7.9,81092
2038,Night of the Living Dead,03/06/1968,George Romero,Image Ten,USA ,Zombie,108,G,1500000,,8.1,479920
3403,The Sixth Sense,1999-02-24,M. Night Shyamalan,Buena Vista,USA,Comedy Horror,157,G,"$300,000",$3957945,,3379
4578,Get Out,2017-06-10,Jordan Peele,Blumhouse Productions,United States,Comedy Horror,111min,Unrated,"$120,000",1256432,7.9,212148
2265,shivers,1975-05-28,David Cronenberg,Cinepix,Canada,Cosmic Horror,125,PG,,USD 18485513,8.0,28933
3855,Wolf Creek,2/4/2005,Greg McLean,Roadshow,Australia,Vampire,110,G,6000000,"46,531,729",7.5,110180
3834,The Descent,24-08-2005,Neil Marshall,Pathe,UK,Splatter,73 min,PG,,$18020687,6.5,247038
3990,The Orphanage,2007-04-14,J.A. Bayona,Warner Bros. Pictures,Spain,Creature Feature|Haunted House,2h 25m,R,$20000000,$220449652,5.4,15970
4189,the cabin in the woods,04/22/2011,Drew Goddard,Lionsgate,USA ,Body Horror,107 min,Not Rated,35000000,"$16,820,487",7.4,342545
2807,The Thing,7/22/1982,John Carpenter,Universal Pictures,USA,Folk Horror|Psychological,79,R,"$3,000,000",21098115,8.6,403330
2861,Poltergeist,5/10/1982,Tobe Hooper,MGM,USA,Cosmic Horror|Gothic,151,PG,$10000000,$77775922,9.0,305776
5341,The Wicker Man,11/19/1973,Robin Hardy,British Lion Films,UK,Zombie,77,Unrated,"$6,000,000",USD 4977047,5.9,274671
1606,House on Haunted Hill,08/02/1959,William Castle,Allied Artists,us,Cosmic Horror,132min,PG-13,"$300,000",USD 4138573,6.0,222264
2379,Rabid,1977/05/07,David Cronenberg,Cinepix,Canada,Splatter,,G,"$1,500,000","693,556",7.4,194945
2002,Rosemary's Baby,1968/12/27,Roman Polanski,paramount,U.S.A.,Giallo,2h 17m,PG,20000000,USD 7001250,6.7,196565
2432,House,27-08-1977,Nobuhiko Obayashi,TOHO,Japan,Creature Feature,157,Not Rated,"$120,000",385505,8.3,454501
5233,Nosferatu,23-08-2024,Robert Eggers,Focus Features,United States,Occult,135,Not Rated,USD 10000000,$23048052,7.7,426445
5212,nosferatu,16-11-2024,Robert Eggers,Focus Features,USA,Occult,135,Not Rated,"10,000,000",23048052,7.7,358772
5007,Pearl,2022-06-17,Ti West,A-24,us,Cosmic Horror,144 min,G,"$3,000,000",$36671785,7.5,462653
1421,Creature from the Black Lagoon,08/03/1954,Jack Arnold,Universal Pictures,United States,Psychological|Cosmic Horror,80,,"$10,000,000","131,198,528",4.7,7458
3598,28 Days Later,23-08-2002,Danny Boyle,Fox Searchlight,U.K.,Folk Horror,2h 27m,R,6000000,"$25,855,318",8.7,381234
3778,Saw,2004-01-18,James Wan,Lions Gate,USA ,Occult,75 min,Not Rated,"$10,000,000",$126782523,6.1,265214
3830,The Descent,10/6/2005,Neil Marshall,Pathe,United Kingdom,Splatter,73,PG,,"$18,020,687",6.5,54421
3189,Jacob's Ladder,11/18/1990,Adrian Lyne,TriStar Pictures,U.S.A.,Vampire,107,Not Rated,"$120,000","$1,088,354",5.5,339960
2430,House,1977/05/12,Nobuhiko Obayashi,toho,Nippon,Creature Feature,157min,Not Rated,120000,385505,8.3,218105
3777,saw,12/5/2004,James Wan,Lions Gate,us,Occult,75 min,Not Rated,"$10,000,000","$126,782,523",,164583
2187,Don't Look Now,02-06-1973,Nicolas Roeg,Casey Productions,U.K.,Zombie|Found Footage,121,R,"$3,000,000","8,311,755",5.4,21667
3902,The Host,2006/04/26,Bong Joon-ho,Showbox,Korea,Slasher,83,NC-17,"$3,000,000",,9.0,289254
1447,Godzilla,1954/04/28,Ishiro Honda,Toho,Nippon,Cosmic Horror,160,PG-13,"$6,000,000","47,256,128",7.4,466232
4612,It,2017/03/21,Andy Muschietti,WARNER BROS.,us,Zombie|Giallo,89min,NC-17,$1500000,1773625,5.8,368241
4678,Hereditary,2018-10-09,Ari Aster,a24,USA ,Zombie,118min,NC-17,"$300,000","$3,726,295",7.1,451615
3269,Cronos,1993/07/01,Guillermo del Toro,October Films,Mexico,Werewolf|Body Horror,1h 11m,R,120000,"$200,544",5.0,400074
1380,The Thing from Another World,03/27/1951,Christian Nyby,RKO Radio Pictures,U.S.A.,Giallo|Creature Feature,81,Unrated,"50,000",USD 36116,8.5,468271
3368,The Blair Witch Project,28-05-1999,Daniel Myrick,Artisan Entertainment,USA ,Splatter,118,Unrated,"300,000",USD 2812847,9.0,380972
1993,Kill Baby Kill,23-05-1966,Mario Bava,FUL Films,italy,Vampire,72 min,Unrated,,$49406007,6.1,436396
2410,House,1977/11/20,Nobuhiko Obayashi,Toho Co.,JAPAN,Creature Feature,157 min,Not Rated,"$120,000",385505,8.3,235059
5211,Longlegs,2024/09/15,Osgood Perkins,neon,U.S.A.,Gothic,160,NC-17,"$10,000,000",54792293,6.0,201604
5122,When Evil Lurks,2023-11-13,Demian Rugna,Shudder,Argentina,Body Horror,,PG-13,$750000,"$9,856,995",8.7,239037
1036,The Phantom of the Opera,14-11-1925,Rupert Julian,Universal  ,United States,Splatter|Haunted House,154,NC-17,"750,000",4135308,6.1,397480
1667,Black Sunday,1960/08/15,Mario Bava,Galatea Film,Italy,Supernatural|Psychological,113,NC-17,"$50,000","$426,793",6.5,67434
4878,Possessor,6/21/2020,Brandon Cronenberg,Neon,CANADA,Occult,2h 18m,G,300000,"667,524",8.1,11507
4537,Raw,2016/09/20,Julia Ducournau,Wild Bunch,France,Folk Horror|Cosmic Horror,156,R,"300,000",$2396256,8.5,235272
3952,Inside,2007/10/07,Alexandre Bustillo,La Fabrique de Films,france,Gothic,,Unrated,"$35,000,000","435,166,860",8.3,275102
4763,midsommar,12/22/2019,Ari Aster,A-24,United States,Comedy Horror,93,G,"$6,000,000","$31,450,041",6.8,30394
4793,The Lighthouse,10-11-2019,Robert Eggers,A-24,U.S.A.,Haunted House,2h 6m,Unrated,$300000,USD 2231378,8.3,72675
3367,The Blair Witch Project,03/24/1999,Daniel Myrick,Artisan Entertainment,USA ,Splatter,118min,Unrated,300000,"2,812,847",9.0,415030
2995,Phenomena,09/16/1985,Dario Argento,DACFILM Rome,Italy,Comedy Horror,130 min,PG-13,"$6,000,000","9,032,401",9.1,193743
5267,The Substance,06-06-2024,Coralie Fargeat,Mubi,france,Psychological,75,NC-17,,101442,8.3,247895
1809,The Birds,1963-02-26,Alfred Hitchcock,universal,USA,Slasher|Psychological,106 min,PG-13,USD 3000000,"34,881,029",5.2,397154
4900,Titane,8/21/2021,Julia Ducournau,NEON,FRANCE,Werewolf,98min,PG-13,"$20,000,000","$191,227,230",4.7,143983
2660,Cannibal Holocaust,09/05/1980,Ruggero Deodato,United Artists Europa,Italy,Gothic,126,NC-17,120000,$270483,6.4,281220
5095,infinity pool,8/16/2023,Brandon Cronenberg,NEON,CANADA,Cosmic Horror,1h 58m,PG-13,"$35,000,000",USD 98151327,6.4,392660
4978,Barbarian,19-05-2022,Zach Cregger,20th Century Studios,us,Cosmic Horror|Giallo,118,R,,12536957,7.6,59884
3969,REC,7/12/2007,Jaume Balaguero,Filmax,Spain,Zombie,144,PG,20000000,"126,904,732",,371311
1692,Eyes Without a Face,10/04/1960,Georges Franju,Champs-Elysees,france,Giallo,,Unrated,20000000,"$158,166,156",8.5,105979
2867,Poltergeist,1982/11/08,Tobe Hooper,MGM,U.S.A.,Cosmic Horror|Gothic,151,PG,"$10,000,000","$77,775,922",9.0,344409
4014,The Orphanage,19-06-2007,J.A. Bayona,Warner Bros. Pictures,Spain,Creature Feature|Haunted House,145 min,R,$20000000,$220449652,,384986
1495,Invasion of the Body Snatchers,22-12-1956,Don Siegel,Allied Artists,us,Gothic,123min,R,"1,500,000","13,594,388",6.5,386193
3956,REC,10/07/2007,Jaume Balaguero,Filmax,Spain,Zombie,144,,$20000000,USD 126904732,7.4,279240
2087,Witchfinder General,2/4/1968,Michael Reeves,Tigon,UK,Giallo,,Unrated,,USD 136636027,8.5,340852
4611,It,19-07-2017,Andy Muschietti,warner bros.,United States,Zombie|Giallo,1h 29m,NC-17,"1,500,000","$1,773,625",5.8,169445
2538,Zombie Flesh Eaters,24-09-1979,Lucio Fulci,Variety Film,Italy,Vampire,142min,PG,20000000,"61,567,279",8.7,303405
2871,Poltergeist,1982-08-22,Tobe Hooper,MGM,USA ,Cosmic Horror|Gothic,151,PG,"$10,000,000",USD 77775922,9.0,459740
5283,SAINT MAUD,3/3/2019,Rose Glass,a24,U.K.,Folk Horror|Supernatural,1h 41m,NC-17,"3,000,000","9,179,482",8.4,90272
2481,Dawn of the Dead,1978-10-13,George Romero,United Film Distribution,USA,Werewolf,,Unrated,"$10,000,000","44,664,160",8.1,89702
3158,Tetsuo the Iron Man,14-06-1989,Shinya Tsukamoto,Kaijyu Theater,JAPAN,Vampire,165,PG-13,$20000000,255667125,6.4,246976
1763,The Innocents,09/10/1961,Jack Clayton,20th Century Fox,United Kingdom,Splatter,122,NC-17,"$1,500,000","$19,063,753",7.0,288876
5078,Skinamarink,2022/05/25,Kyle Edward Ball,IFC Midnight,canada,Splatter,161,G,1500000,$11408908,5.1,249736
4781,Midsommar,2019-02-27,Ari Aster,a24,us,Comedy Horror,,G,6000000,"31,450,041",6.8,137406
3371,The Blair Witch Project,9/27/1999,Daniel Myrick,Artisan Entertainment,U.S.A.,Splatter,1h 58m,Unrated,"300,000",USD 2812847,9.0,103703
4831,Parasite,12-10-2019,Bong Joon-ho,CJ Entertainment,Korea,Folk Horror,81 min,G,"1,500,000","469,037",6.5,53835
4495,Train to Busan,2016/11/06,Yeon Sang-ho,Next Entertainment World,S. Korea,Giallo,165,Unrated,,,6.7,88977
4803,The Lighthouse,02/10/2019,Robert Eggers,A24,U.S.A.,Haunted House,126min,Unrated,"$300,000",$2231378,8.3,106643
3723,High Tension,6/19/2003,Alexandre Aja,EuropaCorp,france,Zombie|Kaiju,161min,G,"$1,500,000",$12580491,4.6,415595
4404,The Witch,2015-12-17,Robert Eggers,A24,U.S.A.,Haunted House|Body Horror,93min,PG,"35,000,000",,8.2,7593
2785,Possession,12/28/1981,Andrzej Zulawski,Gaumont,FRANCE,Vampire,162min,R,"35,000,000","$252,848,869",7.3,168119
3206,The Silence of the Lambs,1991-05-13,Jonathan Demme,Orion Pictures,us,Supernatural|Kaiju,2h 21m,NC-17,"$20,000,000","$197,214,540",8.3,267420
5107,When Evil Lurks,11/5/2023,Demian Rugna,Shudder,Argentina,Body Horror,146min,PG-13,"750,000","$9,856,995",8.7,470432
3735,High Tension,2003-01-09,Alexandre Aja,EuropaCorp,France,Zombie|Kaiju,161 min,G,"$1,500,000",12580491,4.6,418173
4801,  The Lighthouse ,2019/11/12,Robert Eggers,A24,U.S.A.,Haunted House,2h 6m,Unrated,"$300,000",2231378,8.3,225130
4081,Let the Right One In,8/20/2008,Tomas Alfredson,Sandrew Metronome,Sweden,Occult,162,,$50000,USD 249436,5.9,432910
1927,Repulsion,1965/04/07,Roman Polanski,Compton Films,UK,Cosmic Horror|Supernatural,142,,"$300,000","$4,103,145",7.3,152962
2927,Videodrome,05-07-1983,David Cronenberg,Universal,Canada,Supernatural,70,,$35000000,$391950781,7.4,105173
4786,Midsommar,2019/04/14,Ari Aster,A24,United States,Comedy Horror,1h 33m,G,"$6,000,000",$31450041,6.8,150301
2860,Poltergeist,1982-04-26,Tobe Hooper,MGM,U.S.A.,Cosmic Horror|Gothic,151min,PG,"10,000,000",$77775922,9.0,107949
4444,Green Room,2015/06/05,Jeremy Saulnier,A24,USA ,Body Horror,,,"$750,000","$9,129,839",9.0,405626
1197,THE INVISIBLE MAN,1933/07/26,James Whale,Universal Pictures,United States,Vampire,2h 37m,,,,5.8,417622
3971,REC,2007/08/28,Jaume Balaguero,Filmax,Spain,Zombie,144,PG,$20000000,"$126,904,732",7.4,279447
4467,The Wailing,2/18/2016,Na Hong-jin,20th Century Fox Korea,S. Korea,Found Footage,,Not Rated,"$750,000",USD 6632236,7.6,452497
5183,  The Substance ,2024-10-16,Coralie Fargeat,Mubi,France,Psychological,1h 15m,NC-17,50000,"$101,442",8.3,416392
1281,Cat People,1942-06-01,Jacques Tourneur,RKO Radio Pictures,U.S.A.,Werewolf|Creature Feature,,Not Rated,300000,"$927,054",6.8,455957
2680,The Evil Dead,1981/05/14,Sam Raimi,new line cinema,USA ,Supernatural,1h 54m,NC-17,50000,"$547,550",8.1,305402
1775,Carnival of Souls,01-01-1962,Herk Harvey,Herts-Lion International,United States,Body Horror,100,PG,"$20,000,000",22553699,,469441
5034,TALK TO ME,2022/08/06,Danny Philippou,a24,Australia,Psychological,122,NC-17,,"386,552,466",7.5,408996
3556,Pulse,06/15/2001,Kiyoshi Kurosawa,Toho,Nippon,Creature Feature|Body Horror,99,NC-17,,"$190,306",5.2,23782
1418,Creature from the Black Lagoon,07-04-1954,Jack Arnold,UNIVERSAL,U.S.A.,Psychological|Cosmic Horror,,PG,"10,000,000","131,198,528",4.7,287614
5310,Carnival of Souls,23-09-1962,Herk Harvey,Herts-Lion International,U.S.A.,Body Horror,100,PG,$20000000,USD 22553699,8.7,329971
3154,Tetsuo the Iron Man,09/01/1989,Shinya Tsukamoto,Kaijyu Theater,JAPAN,Vampire,165,PG-13,"$20,000,000","255,667,125",6.4,98596
1416,Creature from the Black Lagoon,1954-05-19,Jack Arnold,universal,USA ,Psychological|Cosmic Horror,80 min,PG,"$10,000,000",131198528,4.7,87898
2230,Deep Red,08/13/1975,Dario Argento,Rizzoli Film,Italy,Supernatural,112 min,Not Rated,"$10,000,000",USD 14234893,,70613
2070,Witchfinder General,1968/11/25,Michael Reeves,Tigon,England,Giallo,153 min,Unrated,,USD 136636027,8.5,124811
5096,INFINITY POOL,2023/05/25,Brandon Cronenberg,neon,canada,Cosmic Horror,118,PG-13,"$35,000,000","$98,151,327",6.4,429805
2583,The Shining,1980/03/25,Stanley Kubrick,Warner Bros.,USA,Psychological|Supernatural,,,,2789629,6.8,312736
1342,The Uninvited,07/05/1944,Lewis Allen,Paramount Pictures,USA,Found Footage,2h 5m,Unrated,"$50,000",$55760,8.7,184024
4692,Hereditary,2018-06-04,Ari Aster,A24,United States,Zombie,118 min,NC-17,USD 300000,"$3,726,295",7.1,279651
1243,The Wolf Man,19-09-1941,George Waggner,Universal,USA ,Psychological,126,Not Rated,"$35,000,000","$341,406,775",5.4,476234
1478,Invasion of the Body Snatchers,1956-01-27,Don Siegel,Allied Artists,United States,Gothic,123,R,"1,500,000",$13594388,6.5,109276
3098,Hellraiser,26-07-1987,Clive Barker,New World Pictures,UK,Slasher,,G,"$50,000",,6.8,112525
3469,Session 9,02-07-2001,Brad Anderson,USA Films,USA ,Comedy Horror,71 min,Not Rated,,,,78064
4243,THE CONJURING,2013/10/15,James Wan,Warner Bros.,United States,Werewolf,91,Unrated,"50,000",$75128,9.0,87721
4166,Insidious,11/6/2010,James Wan,BlumHouse,USA ,Kaiju,122 min,Not Rated,300000,"$636,169",5.8,471661
2419,House,1977-10-17,Nobuhiko Obayashi,Toho Co.,Japan,Creature Feature,,,,385505,8.3,212458
2682,The Evil Dead,02/10/1981,Sam Raimi,new line cinema,us,Supernatural,114,NC-17,"50,000","547,550",8.1,364385
2246,Shivers,13-06-1975,David Cronenberg,Cinepix,CANADA,Cosmic Horror,125,PG,,"18,485,513",8.0,57908
3558,Pulse,01/11/2001,,Toho,Japan,Creature Feature|Body Horror,99,NC-17,"300,000",USD 190306,5.2,338169
2891,The Beyond,1981/10/12,Lucio Fulci,Fulvia Film,italy,Gothic,160,Not Rated,$3000000,"$32,305,279",7.1,258973
3838,The Descent,6/5/2005,Neil Marshall,Pathe,United Kingdom,Splatter,1h 13m,PG,1500000,"$18,020,687",6.5,378584
4509,Raw,12/19/2016,Julia Ducournau,Wild Bunch,FRANCE,Folk Horror|Cosmic Horror,,R,"$300,000",2396256,8.5,467737
4389,the witch,06/08/2015,Robert Eggers,A-24,United States,Haunted House|Body Horror,93,PG,"$35,000,000","$242,985,712",8.2,208403
3233,Candyman,1992-05-19,Bernard Rose,TriStar Pictures,USA,Comedy Horror|Zombie,1h 18m,PG-13,,"197,869",6.1,100471
2889,The Beyond,1981-01-08,Lucio Fulci,Fulvia Film,Italy,Gothic,160,Not Rated,,"$32,305,279",7.1,66990
4531,Raw,2016/11/06,Julia Ducournau,Wild Bunch,France,Folk Horror|Cosmic Horror,156,R,"$300,000","2,396,256",8.5,203981
3451,Battle Royale,2000/05/07,Kinji Fukasaku,Toei,Japan,Found Footage,105,PG-13,"$1,500,000","$10,261,807",7.7,144062
2456,Halloween,1978/01/28,John Carpenter,Compass International,USA ,Supernatural,164,PG-13,"$10,000,000","129,695,880",6.8,306975
2170,  Don't Look Now ,1973/06/12,Nicolas Roeg,Casey Productions,UK,Zombie|Found Footage,121min,R,"3,000,000",8311755,5.4,375059
2303,The Omen,11/9/1976,Richard Donner,20th Century Fox,United States,Vampire,2h 24m,PG,"$3,000,000","$5,923,606",8.9,9286
3419,The Sixth Sense,9/3/1999,M. Night Shyamalan,Buena Vista,USA,Comedy Horror,157,G,"$300,000",$3957945,,298445
2363,Eraserhead,1977/11/21,David Lynch,Libra Films,USA,Zombie,149,PG-13,"3,000,000",39909840,8.3,284414
3187,Jacob's Ladder,12/16/1990,,TriStar Pictures,USA ,Vampire,107,Not Rated,120000,1088354,5.5,87618
1553,Horror of Dracula,1958/04/14,Terence Fisher,Hammer,U.K.,Found Footage,117 min,R,USD 10000000,"99,981,464",8.6,66203
1148,The Mummy,01/11/1932,Karl Freund,Universal  ,U.S.A.,Vampire,140 min,Unrated,"10,000,000","$46,257,698",5.7,402652
4253,The Conjuring,02/23/2013,James Wan,Warner Bros,U.S.A.,Werewolf,91,Unrated,$50000,"$75,128",9.0,191726
4648,A Quiet Place,11/27/2018,John Krasinski,paramount,U.S.A.,Supernatural,100 min,Not Rated,300000,"$3,147,005",,143215
2890,The Beyond,1981-09-01,Lucio Fulci,Fulvia Film,ITALY,Gothic,2h 40m,Not Rated,"3,000,000",32305279,7.1,91637
3980,REC,2007-09-18,Jaume Balaguero,Filmax,Spain,Zombie,144 min,,"$20,000,000","126,904,732",7.4,185889
4007,The Orphanage,2007-11-09,J.A. Bayona,Warner Bros. Pictures,Spain,Creature Feature|Haunted House,145min,R,"$20,000,000","220,449,652",5.4,127695
4226,Sinister,2012/04/20,Scott Derrickson,Blumhouse Productions,U.S.A.,Found Footage|Zombie,1h 18m,PG-13,6000000,USD 66545124,5.4,477008
5026,Pearl,01-10-2022,Ti West,a24,U.S.A.,Cosmic Horror,2h 24m,G,USD 3000000,36671785,7.5,148965
4284,Oculus,2013/04/12,,Blumhouse,United States,Kaiju|Haunted House,154,NC-17,"$120,000","$1,389,242",5.5,289979
3358,The Blair Witch Project,1999/07/02,Daniel Myrick,Artisan Entertainment,U.S.A.,Splatter,1h 58m,Unrated,"300,000",$2812847,9.0,48921
1925,Kwaidan,1964/07/20,Masaki Kobayashi,toho,Nippon,Comedy Horror|Gothic,152,PG-13,"50,000","$403,655",6.6,236608
3821,The Descent,06/19/2005,Neil Marshall,Pathe,England,Splatter,73min,,"1,500,000","$18,020,687",6.5,380335
5254,Parasite,06/05/2019,Bong Joon-ho,CJ Entertainment,South Korea,Folk Horror,81,G,USD 1500000,469037,6.5,139523
2521,alien,26-07-1979,Ridley Scott,20th Century Fox,U.K.,Occult|Creature Feature,116 min,G,"10,000,000",$15461470,6.4,217319
5170,  The Substance ,12/24/2024,Coralie Fargeat,Mubi,france,Psychological,75,,50000,,8.3,411805
4165,INSIDIOUS,08/23/2010,James Wan,Blumhouse,us,Kaiju,122,Not Rated,300000,"$636,169",5.8,292340
2692,The Evil Dead,01-11-1981,Sam Raimi,New Line,us,Supernatural,114,NC-17,,"$547,550",8.1,375150
2675,cannibal holocaust,09/10/1980,Ruggero Deodato,United Artists Europa,ITALY,Gothic,126,NC-17,"120,000","270,483",6.4,418482
3525,The Others,2001-09-15,Alejandro Amenabar,warner bros.,Spain,Splatter,2h 40m,G,"10,000,000","$55,008,994",8.7,229847
4719,  Suspiria ,2018/03/13,Luca Guadagnino,Amazon Studios,italy,Folk Horror|Splatter,154 min,PG,"$300,000",3561660,8.6,36427
4589,Get Out,5/22/2017,Jordan Peele,Blumhouse Productions,U.S.A.,Comedy Horror,1h 51m,Unrated,"$120,000","$1,256,432",7.9,9421
1488,Invasion of the Body Snatchers,20-12-1956,Don Siegel,Allied Artists,USA ,Gothic,123,R,1500000,"$13,594,388",6.5,373724
5084,Infinity Pool,02/11/2023,Brandon Cronenberg,NEON,CANADA,Cosmic Horror,,PG-13,$35000000,USD 98151327,6.4,122824
2437,house,1/5/1977,Nobuhiko Obayashi,Toho,Japan,Creature Feature,157,Not Rated,"$120,000","385,505",8.3,447703
1152,The Mummy,1932/12/12,Karl Freund,universal,USA ,Vampire,140,Unrated,10000000,"$46,257,698",5.7,315063
5105,When Evil Lurks,2023/07/27,Demian Rugna,Shudder,Argentina,Body Horror,146,PG-13,"$750,000",USD 9856995,8.7,457610
3863,Wolf Creek,08/03/2005,Greg McLean,Roadshow,Australia,Vampire,110min,G,"6,000,000",46531729,7.5,48524
2781,  Scanners ,1/1/1981,David Cronenberg,Avco Embassy,CANADA,Found Footage,130min,PG,,"$325,820,643",8.9,329804
3137,Tetsuo the Iron Man,9/1/1989,Shinya Tsukamoto,Kaijyu Theater,Nippon,Vampire,165,PG-13,USD 20000000,"$255,667,125",6.4,298831
2706,The Evil Dead,7/5/1981,Sam Raimi,new line cinema,USA,Supernatural,114,NC-17,"50,000","$547,550",8.1,68468
4102,Martyrs,2008-07-06,Pascal Laugier,Wild Bunch,france,Psychological,116,G,$20000000,"$87,265,784",5.1,51478
2681,The Evil Dead,17-04-1981,Sam Raimi,New Line,U.S.A.,Supernatural,114 min,NC-17,"$50,000","547,550",8.1,255054
3008,Phenomena,6/2/1985,Dario Argento,DACFILM Rome,Italy,Comedy Horror,130 min,PG-13,6000000,,9.1,277529
3036,Re-Animator,7/23/1985,Stuart Gordon,Empire Pictures,USA ,Body Horror,140,Unrated,"120,000","$1,181,119",9.0,255657
3286,Ringu,11/14/1998,Hideo Nakata,TOHO,Nippon,Psychological,1h 11m,PG,$20000000,"$8,179,313",4.9,323924
3586,28 Days Later,27-07-2002,Danny Boyle,Fox Searchlight,England,Folk Horror,2h 27m,R,"$6,000,000","25,855,318",8.7,432928
3059,The Fly,12/9/1986,David Cronenberg,20th Century Fox,us,Cosmic Horror,104,R,USD 35000000,"407,590,945",7.8,370621
2446,Halloween,1978-07-03,John Carpenter,Compass International,USA,Supernatural,164,PG-13,"$10,000,000","129,695,880",6.8,157227
4583,Get Out,25-07-2017,Jordan Peele,Blumhouse,USA ,Comedy Horror,111,Unrated,120000,"1,256,432",7.9,391964
4311,the babadook,2014/08/12,Jennifer Kent,Causeway Films,Australia,Found Footage|Zombie,86,Unrated,"6,000,000",USD 49894496,7.0,395244
2548,Zombie Flesh Eaters,04/08/1979,Lucio Fulci,Variety Film,Italy,Vampire,2h 22m,PG,"20,000,000","61,567,279",8.7,436575
3669,Dark Water,2002-08-21,Hideo Nakata,TOHO,JAPAN,Comedy Horror,2h 37m,R,750000,"8,030,796",5.4,460315
3437,Battle Royale,2000/12/24,Kinji Fukasaku,Toei,JAPAN,Found Footage,105,PG-13,"1,500,000",10261807,7.7,230631
3770,Shaun of the Dead,11-02-2004,Edgar Wright,Universal,U.K.,Cosmic Horror,74,PG-13,10000000,"$73,150,220",8.6,365862
2550,Zombie Flesh Eaters,07/12/1979,,Variety Film,ITALY,Vampire,142,PG,$20000000,"$61,567,279",8.7,174276
1500,Invasion of the Body Snatchers,1956-07-24,Don Siegel,Allied Artists,USA,Gothic,123,R,$1500000,"13,594,388",6.5,274717
1988,Kill Baby Kill,1966/09/05,Mario Bava,FUL Films,ITALY,Vampire,72 min,Unrated,,"49,406,007",6.1,448607
2745,Scanners,07/19/1981,David Cronenberg,Avco Embassy,Canada,Found Footage,2h 10m,PG,,325820643,8.9,88802
1323,I Walked with a Zombie,10/02/1943,Jacques Tourneur,RKO Radio Pictures,United States,Found Footage,144,R,"$300,000",$2896340,8.9,408510
2637,The Fog,1980-12-07,John Carpenter,Avco Embassy,United States,Vampire,102,NC-17,"$1,500,000",,4.7,69064
4930,malignant,2021-02-24,James Wan,Warner Bros,U.S.A.,Zombie,138,PG-13,"$50,000",$583939,7.5,315079
3117,Evil Dead II,02/15/1987,Sam Raimi,De Laurentiis,United States,Comedy Horror,2h 19m,R,35000000,"$148,908,651",5.8,474946
1157,The Mummy,02-04-1932,Karl Freund,Universal Pictures,us,Vampire,140,Unrated,"$10,000,000","$46,257,698",5.7,295679
3502,The Devil's Backbone,2001/05/17,Guillermo del Toro,Warner Sogefilms,Spain,Gothic,117,PG-13,,555817,6.6,125638
2141,The Exorcist,1973/09/22,William Friedkin,warner bros.,United States,Haunted House|Vampire,105,PG,,"$3,109,059",7.9,350488
1024,Nosferatu,9/2/1922,F.W. Murnau,Prana Film,Germany,Kaiju,96,Unrated,,$186704614,5.9,7747
5057,Skinamarink,1/19/2022,Kyle Edward Ball,IFC Midnight,CANADA,Splatter,161,G,"$1,500,000","$11,408,908",5.1,252618
2636,The Fog,1980/04/09,John Carpenter,Avco Embassy,United States,Vampire,102 min,NC-17,,"$3,085,118",4.7,297617
4972,Barbarian,2022-12-27,,20th Century Studios,us,Cosmic Horror|Giallo,1h 58m,R,"$3,000,000","$12,536,957",7.6,476524
4822,parasite,2019/11/01,Bong Joon-ho,CJ Entertainment,S. Korea,Folk Horror,81min,G,"$1,500,000",,6.5,123530
1296,I Walked with a Zombie,16-07-1943,Jacques Tourneur,RKO Radio Pictures,USA,Found Footage,144min,,"300,000","2,896,340",8.9,5287
2012,Rosemary's Baby,17-09-1968,Roman Polanski,Paramount,U.S.A.,Giallo,137,PG,"20,000,000","$7,001,250",6.7,81170
4063,Let the Right One In,2008-09-03,Tomas Alfredson,Sandrew Metronome,Sweden,Occult,162,Unrated,"$50,000","$249,436",5.9,120747
2339,suspiria,1977-06-22,Dario Argento,Seda Spettacoli,Italy,Occult,145,Unrated,"$35,000,000",,8.9,420406
2283,Carrie,01/18/1976,Brian De Palma,United Artists,USA ,Body Horror,135,PG,50000,"417,751",8.5,292803
2405,Rabid,11/11/1977,David Cronenberg,Cinepix,canada,Splatter,81min,G,"$1,500,000","693,556",7.4,369066
4974,Barbarian,9/16/2022,Zach Cregger,20th Century Studios,USA,Cosmic Horror|Giallo,118,R,,,7.6,185654
4812,PARASITE,08/14/2019,Bong Joon-ho,CJ Entertainment,South Korea,Folk Horror,81min,G,"$1,500,000","$469,037",6.5,281376
2689,the evil dead,12/28/1981,Sam Raimi,New Line,USA,Supernatural,114,NC-17,50000,"$547,550",8.1,276332
2617,The Shining,1980/09/15,Stanley Kubrick,WARNER BROS.,us,Psychological|Supernatural,151 min,Not Rated,"$750,000",,6.8,207930
2280,Carrie,1976/02/13,Brian De Palma,United Artists,USA ,Body Horror,135min,PG,"$50,000","417,751",8.5,142428
3903,The Host,2/3/2006,Bong Joon-ho,Showbox,S. Korea,Slasher,83,NC-17,,33187930,9.0,110126
3487,  Session 9 ,2001/06/08,Brad Anderson,USA Films,USA ,Comedy Horror,71,Not Rated,"$3,000,000",$41390468,6.7,368151
1605,House on Haunted Hill,1959/03/10,William Castle,Allied Artists,us,Cosmic Horror,132,PG-13,USD 300000,"$4,138,573",6.0,79809
2372,Eraserhead,11/08/1977,David Lynch,Libra Films,USA ,Zombie,149,PG-13,3000000,"$39,909,840",8.3,282344
4255,The Conjuring,11/4/2013,James Wan,Warner Bros,U.S.A.,Werewolf,91 min,Unrated,USD 50000,"$75,128",9.0,404005
3608,28 Days Later,2/23/2002,Danny Boyle,Fox Searchlight,England,Folk Horror,147 min,R,"$6,000,000","$25,855,318",,33448
1906,Kwaidan,07/08/1964,Masaki Kobayashi,Toho,JAPAN,Comedy Horror|Gothic,152,PG-13,"50,000","403,655",6.6,250920
3467,SESSION 9,2001/08/24,Brad Anderson,USA Films,USA ,Comedy Horror,71,Not Rated,USD 3000000,,6.7,42164
1628,PSYCHO,14-02-1960,Alfred Hitchcock,Paramount Pictures,USA ,Supernatural,162,PG-13,"$120,000","$1,526,242",6.9,247542
2595,  The Shining ,6/3/1980,Stanley Kubrick,Warner Bros,U.S.A.,Psychological|Supernatural,,Not Rated,750000,,6.8,451425
1929,Repulsion,1965-04-10,Roman Polanski,Compton Films,United Kingdom,Cosmic Horror|Supernatural,142 min,PG,$300000,4103145,7.3,452739
4797,The Lighthouse,2019/12/05,Robert Eggers,A-24,us,Haunted House,126,Unrated,USD 300000,$2231378,,312043
4567,The Autopsy of Jane Doe,2016-02-16,Andre Ovredal,IFC Midnight,England,Psychological|Giallo,102min,,"120,000",USD 757476,8.7,193082
3641,JU-ON THE GRUDGE,12/20/2002,Takashi Shimizu,Toei,Nippon,Slasher,113,Unrated,"120,000","547,265",5.4,358295
4748,US,7/25/2019,Jordan Peele,UNIVERSAL,USA ,Psychological,2h 11m,PG,,$40925924,6.6,143818
4127,Trick 'r Treat,2007-10-26,Michael Dougherty,WARNER BROS.,USA ,Slasher,161,R,"20,000,000","$87,142,789",,404185
3653,Dark Water,07/13/2002,Hideo Nakata,Toho Co.,Japan,Comedy Horror,157,R,"750,000","8,030,796",5.4,156392
2655,Cannibal Holocaust,02/11/1980,Ruggero Deodato,United Artists Europa,italy,Gothic,126 min,NC-17,120000,USD 270483,6.4,286277
4110,Martyrs,4/15/2008,Pascal Laugier,Wild Bunch,France,Psychological,,G,"$20,000,000","$87,265,784",5.1,448305
1594,House on Haunted Hill,25-07-1959,William Castle,Allied Artists,U.S.A.,Cosmic Horror,132,PG-13,300000,USD 4138573,6.0,192724
1096,Frankenstein,1931/04/19,James Whale,Universal  ,U.S.A.,Supernatural|Slasher,117min,NC-17,USD 750000,"1,599,134",6.4,80664
5157,The Substance,2024/07/11,Coralie Fargeat,Mubi,FRANCE,Psychological,75 min,NC-17,,"$101,442",8.3,287245
3383,The Blair Witch Project,1999/07/05,Daniel Myrick,Artisan Entertainment,USA ,Splatter,118min,Unrated,"$300,000","$2,812,847",9.0,148285
2385,RABID,1977-03-23,David Cronenberg,Cinepix,Canada,Splatter,81min,,USD 1500000,693556,7.4,283573
2406,House,1977-10-07,Nobuhiko Obayashi,Toho,Japan,Creature Feature,2h 37m,Not Rated,"$120,000",,8.3,172021
4671,A Quiet Place,2018-03-08,John Krasinski,Paramount,United States,Supernatural,100min,Not Rated,$300000,"$3,147,005",8.7,181698
3088,Hellraiser,1987/08/06,Clive Barker,New World Pictures,England,Slasher,98,G,"50,000","269,251",6.8,419310
2088,Witchfinder General,1968/05/15,Michael Reeves,Tigon,United Kingdom,Giallo,153,Unrated,$10000000,"$136,636,027",8.5,381985
2697,The Evil Dead,1981-12-06,Sam Raimi,New Line Cinema,United States,Supernatural,,NC-17,USD 50000,"$547,550",8.1,467948
5340,the conjuring,09/20/2013,James Wan,Warner Bros,us,Werewolf,,Unrated,USD 50000,"$75,128",,404118
3085,Hellraiser,01/13/1987,Clive Barker,New World Pictures,England,Slasher,98,G,"50,000",269251,6.8,336871
5210,Longlegs,6/21/2024,Osgood Perkins,NEON,USA,Gothic,160,NC-17,"$10,000,000",$54792293,6.0,287294
1253,The Wolf Man,11/16/1941,George Waggner,UNIVERSAL,U.S.A.,Psychological,2h 6m,Not Rated,USD 35000000,,5.4,345745
5094,infinity pool,12-02-2023,Brandon Cronenberg,NEON,canada,Cosmic Horror,118,PG-13,"$35,000,000",$98151327,6.4,387591
2455,Halloween,03/12/1978,John Carpenter,Compass International,USA ,Supernatural,164,PG-13,"10,000,000","129,695,880",6.8,341094
4425,Green Room,03-03-2015,Jeremy Saulnier,A24,U.S.A.,Body Horror,,G,,$9129839,9.0,431283
2543,  Zombie Flesh Eaters ,19-04-1979,Lucio Fulci,Variety Film,Italy,Vampire,142,PG,20000000,"$61,567,279",8.7,49222
4895,Titane,2021/09/01,Julia Ducournau,NEON,france,Werewolf,98 min,PG-13,,191227230,4.7,163578
2111,The Wicker Man,01/10/1973,Robin Hardy,British Lion Films,England,Zombie,77 min,Unrated,USD 6000000,USD 4977047,5.9,470807
1936,Repulsion,24-07-1965,Roman Polanski,Compton Films,England,Cosmic Horror|Supernatural,2h 22m,PG,"300,000","4,103,145",7.3,325909
4214,sinister,3/22/2012,Scott Derrickson,Blumhouse,USA ,Found Footage|Zombie,78,PG-13,"6,000,000","66,545,124",5.4,468872
1214,Bride of Frankenstein,12/13/1935,James Whale,Universal,USA ,Giallo,83,PG-13,6000000,69360250,8.0,223505
3692,A Tale of Two Sisters,2003/08/25,Kim Jee-woon,Cineclick Asia,Korea,Folk Horror,97,PG,$3000000,,9.2,93147
2083,Witchfinder General,09/04/1968,Michael Reeves,Tigon,U.K.,Giallo,153,Unrated,"$10,000,000",USD 136636027,8.5,421855
4294,Oculus,2013/08/14,Mike Flanagan,Blumhouse,USA,Kaiju|Haunted House,,NC-17,"120,000","1,389,242",5.5,110240
1876,Onibaba,1964/04/22,Kaneto Shindo,Toho Co.,Japan,Supernatural|Found Footage,90,PG,"$35,000,000","254,458,145",6.4,96038
3401,The Sixth Sense,04/09/1999,M. Night Shyamalan,Buena Vista,United States,Comedy Horror,157,G,$300000,USD 3957945,5.3,154570
2008,Rosemary's Baby,13-11-1968,Roman Polanski,paramount,USA,Giallo,,PG,"20,000,000","7,001,250",6.7,467285
1538,Horror of Dracula,07/24/1958,Terence Fisher,Hammer,United Kingdom,Found Footage,,R,"$10,000,000","$99,981,464",8.6,267329
2205,The Texas Chain Saw Massacre,1974-08-27,Tobe Hooper,Bryanston Pictures,USA,Supernatural,101,PG-13,"$3,000,000","13,374,047",7.9,372928
3595,28 Days Later,2002/09/16,Danny Boyle,Fox Searchlight,England,Folk Horror,2h 27m,R,,"25,855,318",8.7,407911
2634,The Fog,1980-09-18,John Carpenter,Avco Embassy,U.S.A.,Vampire,102 min,NC-17,"1,500,000",,4.7,235692
3949,Inside,23-11-2007,Alexandre Bustillo,La Fabrique de Films,France,Gothic,100 min,Unrated,"$35,000,000",435166860,8.3,380735
2336,Suspiria,2/3/1977,Dario Argento,Seda Spettacoli,ITALY,Occult,145,Unrated,$35000000,113427337,8.9,475037
3144,TETSUO THE IRON MAN,06/25/1989,Shinya Tsukamoto,Kaijyu Theater,JAPAN,Vampire,165 min,PG-13,USD 20000000,,6.4,255062
1002,Nosferatu,21-06-1922,F.W. Murnau,Prana Film,Germany,Kaiju,96,Unrated,"$35,000,000","186,704,614",5.9,436426
2515,Alien,12/02/1979,Ridley Scott,20th Century Fox,U.K.,Occult|Creature Feature,116,G,$10000000,,6.4,331247
3460,Session 9,02-06-2001,Brad Anderson,USA Films,us,Comedy Horror,,Not Rated,3000000,41390468,6.7,188360
2457,Halloween,3/26/1978,John Carpenter,Compass International,U.S.A.,Supernatural,164,PG-13,"$10,000,000",129695880,6.8,183810
3004,Phenomena,11/12/1985,Dario Argento,DACFILM Rome,italy,Comedy Horror,2h 10m,PG-13,"$6,000,000",USD 9032401,9.1,37109
3759,shaun of the dead,1/17/2004,Edgar Wright,universal,U.K.,Cosmic Horror,74 min,PG-13,"$10,000,000",$73150220,8.6,232279
4385,The Witch,06/09/2015,Robert Eggers,A-24,United States,Haunted House|Body Horror,1h 33m,PG,35000000,$242985712,8.2,143507
3349,Audition,1999/02/05,Takashi Miike,Omega Project,JAPAN,Psychological|Occult,2h 40m,Unrated,6000000,"33,618,699",8.3,125716
4541,Raw,25-04-2016,Julia Ducournau,Wild Bunch,FRANCE,Folk Horror|Cosmic Horror,156,R,300000,,8.5,20984
3686,A Tale of Two Sisters,04/10/2003,Kim Jee-woon,Cineclick Asia,South Korea,Folk Horror,97,PG,3000000,26985529,9.2,237632
1989,Kill Baby Kill,1966/10/03,Mario Bava,FUL Films,Italy,Vampire,72 min,Unrated,"$6,000,000","$49,406,007",6.1,85857
2281,Carrie,05/17/1976,Brian De Palma,United Artists,USA,Body Horror,135 min,,50000,,,244313
4682,Hereditary,2018/05/14,Ari Aster,A24,USA,Zombie,118,NC-17,"300,000",USD 3726295,7.1,190886
1676,BLACK SUNDAY,1960/07/03,Mario Bava,Galatea Film,italy,Supernatural|Psychological,,NC-17,"$50,000",,6.5,106561
2585,The Shining,1980-12-05,Stanley Kubrick,warner bros.,USA,Psychological|Supernatural,151,Not Rated,750000,"$2,789,629",6.8,425659
3266,Cronos,1/27/1993,Guillermo del Toro,October Films,Mexico,Werewolf|Body Horror,71,R,"$120,000",200544,5.0,211065
2897,City of the Living Dead,1980/10/21,Lucio Fulci,Dania Film,Italy,Psychological,1h 42m,G,"$3,000,000",,8.8,354640
1731,Peeping Tom,7/11/1960,Michael Powell,Anglo-Amalgamated,UK,Werewolf,96,,"1,500,000",,8.0,46371
1282,Cat People,1942/01/23,Jacques Tourneur,RKO Radio Pictures,USA,Werewolf|Creature Feature,74min,Not Rated,"$300,000",,6.8,295991
5154,Late Night with the Devil,2/9/2023,Colin Cairnes,IFC Films,Australia,Psychological,70min,,"$6,000,000",44680381,8.2,248734
1221,Bride of Frankenstein,1935-09-08,James Whale,Universal  ,USA ,Giallo,1h 23m,,"$6,000,000",$69360250,8.0,470928
2130,The Exorcist,05-02-1973,William Friedkin,WARNER BROS.,us,Haunted House|Vampire,105 min,PG,$1500000,3109059,7.9,76176
4562,  The Autopsy of Jane Doe ,09-05-2016,Andre Ovredal,IFC Midnight,U.K.,Psychological|Giallo,102,R,120000,757476,8.7,413625
3705,  A Tale of Two Sisters ,6/28/2003,Kim Jee-woon,Cineclick Asia,Korea,Folk Horror,97,PG,"3,000,000",USD 26985529,9.2,325393
3602,28 Days Later,2002/03/09,Danny Boyle,Fox Searchlight,U.K.,Folk Horror,147,,$6000000,,8.7,476334
5128,Late Night with the Devil,2023-12-24,Colin Cairnes,IFC Films,Australia,Psychological,70 min,NC-17,"$6,000,000",USD 44680381,8.2,86774
3449,Battle Royale,28-03-2000,Kinji Fukasaku,Toei,Japan,Found Footage,105,PG-13,"$1,500,000",$10261807,7.7,427845
2643,The Fog,1980/02/12,John Carpenter,Avco Embassy,U.S.A.,Vampire,102min,NC-17,"$1,500,000",$3085118,4.7,69452
2704,The Evil Dead,1981/03/26,Sam Raimi,new line cinema,USA ,Supernatural,114 min,NC-17,50000,"$547,550",8.1,292188
2630,The Fog,1980/11/20,John Carpenter,Avco Embassy,U.S.A.,Vampire,102,NC-17,"$1,500,000",USD 3085118,4.7,465677
4693,Hereditary,5/11/2018,Ari Aster,A-24,us,Zombie,118min,NC-17,300000,"3,726,295",7.1,1357
5022,Pearl,2022/09/22,Ti West,A-24,us,Cosmic Horror,144,G,"$3,000,000","36,671,785",7.5,190245
1843,  Blood and Black Lace ,1964/03/13,Mario Bava,Emmepi Cinematografica,Italy,Gothic|Giallo,143 min,NC-17,"$120,000","$215,381",8.4,454964
2343,SUSPIRIA,12-07-1977,Dario Argento,Seda Spettacoli,italy,Occult,145,,USD 35000000,113427337,8.9,92277
3220,The Silence of the Lambs,07/19/1991,Jonathan Demme,Orion Pictures,USA ,Supernatural|Kaiju,141,NC-17,$20000000,$197214540,8.3,57500
2248,Shivers,24-05-1975,David Cronenberg,Cinepix,CANADA,Cosmic Horror,125min,PG,$1500000,18485513,8.0,172014
1370,  The Thing from Another World ,01/05/1951,Christian Nyby,RKO Radio Pictures,United States,Giallo|Creature Feature,1h 21m,Unrated,$50000,"36,116",8.5,298298
4086,Martyrs,03/21/2008,Pascal Laugier,Wild Bunch,france,Psychological,116,G,$20000000,"$87,265,784",5.1,262807
3624,Ju-on The Grudge,08/24/2002,Takashi Shimizu,Toei,Japan,Slasher,113,Unrated,"120,000",USD 547265,5.4,411710
3687,A Tale of Two Sisters,2003-11-08,Kim Jee-woon,Cineclick Asia,Korea,Folk Horror,97,PG,"$3,000,000","$26,985,529",9.2,323340
5191,Longlegs,2024/11/12,Osgood Perkins,Neon,USA,Gothic,160,NC-17,10000000,$54792293,6.0,75928
1089,Frankenstein,12/12/1931,James Whale,UNIVERSAL,United States,Supernatural|Slasher,1h 57m,NC-17,USD 750000,1599134,6.4,412482
3136,Tetsuo the Iron Man,17-11-1989,Shinya Tsukamoto,Kaijyu Theater,Nippon,Vampire,165min,PG-13,"$20,000,000",255667125,6.4,365914
1497,Invasion of the Body Snatchers,11-10-1956,Don Siegel,Allied Artists,us,Gothic,123,R,"$1,500,000","13,594,388",6.5,90022
4911,Titane,2021-12-26,Julia Ducournau,neon,FRANCE,Werewolf,98,PG-13,20000000,"191,227,230",,155891
4053,Let the Right One In,2008-01-02,,Sandrew Metronome,Sweden,Occult,162min,Unrated,50000,249436,5.9,403985
1930,Repulsion,1965-04-17,Roman Polanski,Compton Films,U.K.,Cosmic Horror|Supernatural,2h 22m,PG,"300,000",USD 4103145,7.3,203790
1122,Freaks,21-09-1932,Tod Browning,MGM,USA,Cosmic Horror,1h 12m,Unrated,"6,000,000","5,451,081",4.6,269392
4586,GET OUT,05/20/2017,Jordan Peele,Blumhouse,United States,Comedy Horror,,Unrated,USD 120000,"1,256,432",,305665
2747,Scanners,1981/07/15,David Cronenberg,Avco Embassy,CANADA,Found Footage,130,PG,$35000000,"325,820,643",8.9,128993
3476,Session 9,19-01-2001,Brad Anderson,USA Films,us,Comedy Horror,71,Not Rated,"$3,000,000",$41390468,6.7,408548
2057,Night of the Living Dead,22-10-1968,George Romero,Image Ten,USA ,Zombie,108,G,"$1,500,000",19103735,8.1,105960
2032,night of the living dead,1968/11/20,George Romero,Image Ten,us,Zombie,108min,G,USD 1500000,"$19,103,735",8.1,395353
2635,The Fog,1980-05-05,John Carpenter,Avco Embassy,us,Vampire,102,NC-17,"1,500,000",USD 3085118,4.7,242118
5301,Blood and Black Lace,08/05/1964,Mario Bava,Emmepi Cinematografica,italy,Gothic|Giallo,,NC-17,"120,000",,8.4,198875
4679,Hereditary,11/24/2018,Ari Aster,A-24,USA,Zombie,118 min,NC-17,300000,"$3,726,295",7.1,243699
3186,Jacob's Ladder,1990/08/08,Adrian Lyne,TriStar Pictures,United States,Vampire,107,Not Rated,,"$1,088,354",5.5,96550
4313,The Babadook,28-04-2014,Jennifer Kent,Causeway Films,Australia,Found Footage|Zombie,86,Unrated,6000000,"$49,894,496",7.0,87988
4863,Saint Maud,09-12-2019,Rose Glass,A-24,England,Folk Horror|Supernatural,101 min,NC-17,"$3,000,000","9,179,482",8.4,431314
2765,Scanners,1981/08/14,David Cronenberg,Avco Embassy,Canada,Found Footage,130,PG,"35,000,000",,8.9,157887
1293,Cat People,1942/12/15,Jacques Tourneur,RKO Radio Pictures,us,Werewolf|Creature Feature,1h 14m,Not Rated,"$300,000",927054,6.8,448471
1470,Invasion of the Body Snatchers,1956/02/27,Don Siegel,Allied Artists,USA,Gothic,2h 3m,R,1500000,13594388,6.5,292305
3549,Pulse,10-09-2001,Kiyoshi Kurosawa,Toho,Japan,Creature Feature|Body Horror,99,NC-17,,190306,5.2,94313
2950,Videodrome,1983/03/08,David Cronenberg,Universal  ,canada,Supernatural,70min,NC-17,"35,000,000",$391950781,7.4,189466
1686,Eyes Without a Face,03/19/1960,Georges Franju,Champs-Elysees,FRANCE,Giallo,120 min,Unrated,"20,000,000",$158166156,8.5,220531
4649,  A Quiet Place ,08/17/2018,John Krasinski,Paramount Pictures,U.S.A.,Supernatural,1h 40m,Not Rated,$300000,3147005,8.7,258670
3332,Audition,1999-06-14,Takashi Miike,Omega Project,Japan,Psychological|Occult,160,,"$6,000,000","$33,618,699",8.3,341308
5062,SKINAMARINK,05/11/2022,Kyle Edward Ball,IFC Midnight,canada,Splatter,161min,G,USD 1500000,"11,408,908",5.1,141120
2471,halloween,01/10/1978,John Carpenter,Compass International,U.S.A.,Supernatural,164min,,"$10,000,000","$129,695,880",6.8,141252
1491,Invasion of the Body Snatchers,1956/05/26,Don Siegel,Allied Artists,USA,Gothic,,R,"1,500,000",13594388,6.5,321234
1222,bride of frankenstein,22-03-1935,James Whale,Universal  ,USA ,Giallo,83,PG-13,"6,000,000",USD 69360250,8.0,459855
5085,Infinity Pool,6/20/2023,Brandon Cronenberg,NEON,canada,Cosmic Horror,1h 58m,PG-13,USD 35000000,"$98,151,327",6.4,29974
4984,Barbarian,2022/08/15,Zach Cregger,20th Century Studios,USA,Cosmic Horror|Giallo,118 min,R,"$3,000,000",12536957,7.6,199575
3848,Wolf Creek,2005-03-05,Greg McLean,Roadshow,Australia,Vampire,110 min,,6000000,"46,531,729",7.5,388687
5055,Skinamarink,2022/03/16,Kyle Edward Ball,IFC Midnight,canada,Splatter,161,G,$1500000,$11408908,5.1,270629
4209,Sinister,6/13/2012,Scott Derrickson,Blumhouse Productions,USA,Found Footage|Zombie,78,PG-13,"$6,000,000",$66545124,,8905
1048,The Phantom of the Opera,08/14/1925,Rupert Julian,Universal Pictures,U.S.A.,Splatter|Haunted House,154,NC-17,"$750,000",$4135308,6.1,57155
4743,Us,9/10/2019,Jordan Peele,UNIVERSAL,USA ,Psychological,131,,"10,000,000",USD 40925924,6.6,116251
2811,The Thing,07/01/1982,John Carpenter,Universal  ,us,Folk Horror|Psychological,1h 19m,,"$3,000,000","$21,098,115",8.6,244318
4052,Let the Right One In,04/10/2008,Tomas Alfredson,Sandrew Metronome,Sweden,Occult,162min,,"50,000",249436,5.9,182242
2035,Night of the Living Dead,12/06/1968,George Romero,Image Ten,United States,Zombie,108,G,USD 1500000,"$19,103,735",8.1,84856
3278,Cronos,28-08-1993,Guillermo del Toro,October Films,Mexico,Werewolf|Body Horror,71,R,120000,200544,5.0,29647
5146,Late Night with the Devil,8/20/2023,Colin Cairnes,IFC Films,Australia,Psychological,1h 10m,NC-17,$6000000,$44680381,8.2,319329
5056,Skinamarink,2022/05/08,Kyle Edward Ball,IFC Midnight,CANADA,Splatter,161,,$1500000,"11,408,908",5.1,62294
1268,Cat People,1942-10-25,Jacques Tourneur,RKO Radio Pictures,USA ,Werewolf|Creature Feature,1h 14m,Not Rated,"$300,000","$927,054",6.8,10763
2313,The Omen,1976-10-07,Richard Donner,20th Century Fox,United States,Vampire,144,PG,"3,000,000","5,923,606",8.9,336585
4360,Goodnight Mommy,23-08-2014,Veronika Franz,Ulrich Seidl Film,Austria,Giallo,75 min,G,"$300,000","165,609",6.1,402677
3566,Pulse,08/12/2001,Kiyoshi Kurosawa,toho,JAPAN,Creature Feature|Body Horror,99min,NC-17,"$300,000","190,306",5.2,152543
5194,Longlegs,8/18/2024,Osgood Perkins,Neon,United States,Gothic,2h 40m,NC-17,10000000,"$54,792,293",6.0,95374
4459,The Wailing,2016/12/02,Na Hong-jin,20th Century Fox Korea,S. Korea,Found Footage,150min,Not Rated,"750,000",$6632236,7.6,204791
1841,Blood and Black Lace,12/07/1964,Mario Bava,Emmepi Cinematografica,italy,Gothic|Giallo,143 min,NC-17,120000,$215381,8.4,407583
3107,  Evil Dead II ,08/14/1987,Sam Raimi,De Laurentiis,United States,Comedy Horror,139,R,35000000,$148908651,5.8,267494
5168,The Substance,2024/11/19,Coralie Fargeat,Mubi,France,Psychological,,NC-17,"$50,000","$101,442",8.3,341461
4725,Suspiria,08-06-2018,Luca Guadagnino,Amazon Studios,italy,Folk Horror|Splatter,154min,PG,"300,000",$3561660,8.6,453132
3974,REC,4/6/2007,Jaume Balaguero,Filmax,Spain,Zombie,144 min,PG,USD 20000000,$126904732,,391588
4103,Martyrs,21-02-2008,Pascal Laugier,Wild Bunch,FRANCE,Psychological,116,G,USD 20000000,87265784,5.1,278137
1414,Creature from the Black Lagoon,11/01/1954,Jack Arnold,universal,USA ,Psychological|Cosmic Horror,1h 20m,PG,10000000,USD 131198528,,383807
2293,The Omen,8/6/1976,Richard Donner,20th Century Fox,USA ,Vampire,2h 24m,PG,3000000,"$5,923,606",8.9,398432
3604,28 Days Later,6/23/2002,Danny Boyle,Fox Searchlight,England,Folk Horror,147,R,USD 6000000,"$25,855,318",8.7,147470
3849,Wolf Creek,11/05/2005,Greg McLean,Roadshow,Australia,Vampire,110 min,G,"6,000,000","$46,531,729",7.5,292679
5149,Late Night with the Devil,2023-11-19,Colin Cairnes,IFC Films,Australia,Psychological,70 min,NC-17,"6,000,000",$44680381,8.2,411680
4827,Parasite,07/25/2019,Bong Joon-ho,CJ Entertainment,South Korea,Folk Horror,81min,,"1,500,000",$469037,6.5,70253
2683,The Evil Dead,02-08-1981,Sam Raimi,new line cinema,USA,Supernatural,114 min,NC-17,,,8.1,233808
3074,The Fly,19-04-1986,David Cronenberg,20th Century Fox,United States,Cosmic Horror,104,R,35000000,,7.8,382082
3380,The Blair Witch Project,1999/07/27,Daniel Myrick,Artisan Entertainment,USA ,Splatter,1h 58m,Unrated,$300000,2812847,9.0,452432
2104,  The Wicker Man ,1973/01/22,Robin Hardy,British Lion Films,United Kingdom,Zombie,1h 17m,,"6,000,000",4977047,5.9,45686
1441,Creature from the Black Lagoon,18-07-1954,Jack Arnold,Universal,USA,Psychological|Cosmic Horror,80,PG,"$10,000,000",USD 131198528,4.7,411538
3265,Cronos,10/18/1993,Guillermo del Toro,October Films,Mexico,Werewolf|Body Horror,71,R,"$120,000",$200544,5.0,264524
5074,Skinamarink,2022/05/14,Kyle Edward Ball,IFC Midnight,Canada,Splatter,,G,"1,500,000",11408908,5.1,415160
5239,Nosferatu,2024-05-11,Robert Eggers,Focus Features,USA,Occult,135,Not Rated,10000000,"23,048,052",7.7,81094
4820,Parasite,2019/12/08,Bong Joon-ho,CJ Entertainment,South Korea,Folk Horror,,G,"1,500,000","$469,037",6.5,169429
4035,Paranormal Activity,2007/01/13,Oren Peli,Blumhouse,USA,Giallo,73,R,,"$19,874,391",7.0,476278
3462,Session 9,16-06-2001,Brad Anderson,USA Films,United States,Comedy Horror,71min,Not Rated,"$3,000,000","$41,390,468",6.7,92334
2654,Cannibal Holocaust,1980-04-28,Ruggero Deodato,United Artists Europa,Italy,Gothic,2h 6m,NC-17,"$120,000","270,483",6.4,326913
1505,The Curse of Frankenstein,1957-11-24,Terence Fisher,HAMMER FILMS,UK,Werewolf|Vampire,129 min,PG-13,"$10,000,000","139,128,163",6.5,417513
5208,Longlegs,4/14/2024,Osgood Perkins,Neon,United States,Gothic,2h 40m,NC-17,10000000,"$54,792,293",6.0,80620
2312,The Omen,11/6/1976,Richard Donner,20th Century Fox,U.S.A.,Vampire,144,PG,USD 3000000,,8.9,309594
3267,Cronos,1993/08/02,Guillermo del Toro,October Films,Mexico,Werewolf|Body Horror,71 min,R,,"$200,544",5.0,199630
1387,House of Wax,08/23/1953,Andre de Toth,warner bros.,U.S.A.,Kaiju|Gothic,72,G,"$10,000,000","$90,384,239",8.2,27876
4712,Suspiria,2018-06-27,Luca Guadagnino,Amazon Studios,italy,Folk Horror|Splatter,154 min,PG,,3561660,8.6,287109
4959,  X ,8/13/2022,Ti West,A24,USA,Splatter,126,NC-17,20000000,"$253,893,251",7.9,141715
3708,A Tale of Two Sisters,7/18/2003,,Cineclick Asia,South Korea,Folk Horror,97,PG,USD 3000000,"$26,985,529",9.2,375492
1350,The Uninvited,08-09-1944,Lewis Allen,paramount,United States,Found Footage,125 min,Unrated,"$50,000","$55,760",8.7,445707
1749,The Innocents,01-07-1961,Jack Clayton,20th Century Fox,UK,Splatter,122,,USD 1500000,"$19,063,753",7.0,92008
5067,Skinamarink,07/20/2022,Kyle Edward Ball,IFC Midnight,CANADA,Splatter,161min,G,$1500000,,5.1,5107
2332,SUSPIRIA,1977/01/08,Dario Argento,Seda Spettacoli,italy,Occult,145,Unrated,"$35,000,000","113,427,337",8.9,394388
1965,Kill Baby Kill,1966-05-10,Mario Bava,FUL Films,ITALY,Vampire,72,Unrated,6000000,49406007,6.1,383468
2625,The Fog,1980/12/28,John Carpenter,Avco Embassy,us,Vampire,102,,"$1,500,000",$3085118,4.7,295992
2245,Shivers,6/28/1975,David Cronenberg,Cinepix,Canada,Cosmic Horror,125 min,PG,"$1,500,000","$18,485,513",8.0,439856
2210,The Texas Chain Saw Massacre,03/14/1974,Tobe Hooper,Bryanston Pictures,U.S.A.,Supernatural,1h 41m,PG-13,3000000,$13374047,7.9,387083
1939,Repulsion,18-02-1965,Roman Polanski,Compton Films,United Kingdom,Cosmic Horror|Supernatural,142min,PG,"300,000",4103145,7.3,441612
1915,Kwaidan,12/4/1964,Masaki Kobayashi,Toho Co.,Nippon,Comedy Horror|Gothic,152min,PG-13,50000,403655,6.6,297091
3430,BATTLE ROYALE,9/26/2000,Kinji Fukasaku,Toei,Nippon,Found Footage,1h 45m,PG-13,1500000,,7.7,191084
3503,The Devil's Backbone,2001/12/10,Guillermo del Toro,Warner Sogefilms,Spain,Gothic,117 min,PG-13,"$750,000","$555,817",6.6,272175
3197,Jacob's Ladder,12/11/1990,,TriStar Pictures,USA ,Vampire,1h 47m,Not Rated,$120000,"$1,088,354",5.5,449186
4664,A Quiet Place,2018-03-22,John Krasinski,Paramount,us,Supernatural,100,Not Rated,"300,000","$3,147,005",8.7,261750
5071,Skinamarink,04/19/2022,Kyle Edward Ball,IFC Midnight,Canada,Splatter,161,G,"1,500,000","11,408,908",5.1,52124
4843,Parasite,08/25/2019,Bong Joon-ho,CJ Entertainment,South Korea,Folk Horror,81,G,"1,500,000",USD 469037,6.5,5786
4508,Raw,07/18/2016,,Wild Bunch,france,Folk Horror|Cosmic Horror,156,R,"$300,000","2,396,256",8.5,466377
1325,I Walked with a Zombie,7/6/1943,Jacques Tourneur,RKO Radio Pictures,USA ,Found Footage,144,R,$300000,USD 2896340,8.9,156979
2727,An American Werewolf in London,11/27/1981,John Landis,UNIVERSAL,United Kingdom,Cosmic Horror,1h 29m,,"50,000",USD 400014,8.8,72352
5272,Ju-on The Grudge,8/27/2002,Takashi Shimizu,Toei,Japan,Slasher,113,Unrated,"120,000",$547265,5.4,19745
1604,House on Haunted Hill,06/09/1959,,Allied Artists,USA,Cosmic Horror,132,PG-13,300000,"$4,138,573",6.0,235702
3858,Wolf Creek,3/21/2005,Greg McLean,Roadshow,Australia,Vampire,110min,G,"$6,000,000","$46,531,729",7.5,319196
3656,Dark Water,2002-04-10,Hideo Nakata,Toho,JAPAN,Comedy Horror,157min,R,"$750,000","8,030,796",5.4,172999
1438,Creature from the Black Lagoon,02/19/1954,Jack Arnold,Universal  ,United States,Psychological|Cosmic Horror,1h 20m,PG,"$10,000,000","131,198,528",4.7,50695
1812,The Birds,05/21/1963,Alfred Hitchcock,Universal Pictures,United States,Slasher|Psychological,106 min,PG-13,3000000,"$34,881,029",5.2,470949
1632,Psycho,5/17/1960,Alfred Hitchcock,Paramount Pictures,us,Supernatural,2h 42m,PG-13,,1526242,6.9,409124
4499,Train to Busan,1/6/2016,Yeon Sang-ho,Next Entertainment World,South Korea,Giallo,165,Unrated,"1,500,000",18027397,6.7,408752
3615,Ju-on The Grudge,11-03-2002,,Toei,Japan,Slasher,113min,Unrated,"120,000",,5.4,224751
3700,A Tale of Two Sisters,11/06/2003,Kim Jee-woon,Cineclick Asia,Korea,Folk Horror,97,PG,$3000000,26985529,9.2,437695
2809,The Thing,12/24/1982,John Carpenter,Universal Pictures,United States,Folk Horror|Psychological,79,R,3000000,"$21,098,115",8.6,321152
2329,Suspiria,01/04/1977,Dario Argento,Seda Spettacoli,Italy,Occult,145 min,Unrated,"35,000,000","$113,427,337",8.9,241289
4301,The Babadook,08/27/2014,Jennifer Kent,Causeway Films,Australia,Found Footage|Zombie,86,Unrated,"$6,000,000",49894496,7.0,90043
5102,Infinity Pool,16-02-2023,Brandon Cronenberg,Neon,CANADA,Cosmic Horror,118,,USD 35000000,"$98,151,327",6.4,108422
4853,SAINT MAUD,2019-05-08,Rose Glass,a24,UK,Folk Horror|Supernatural,101,NC-17,"$3,000,000",USD 9179482,8.4,443068
1121,Freaks,03/05/1932,Tod Browning,MGM,USA ,Cosmic Horror,72,Unrated,USD 6000000,$5451081,4.6,363754
4753,Us,2019/10/02,Jordan Peele,universal,United States,Psychological,131,PG,"$10,000,000",$40925924,6.6,70253
3245,Candyman,1992-12-27,Bernard Rose,TriStar Pictures,United States,Comedy Horror|Zombie,78,PG-13,50000,"197,869",6.1,12647
5008,  Pearl ,10-09-2022,Ti West,a24,USA ,Cosmic Horror,144min,G,"$3,000,000",,7.5,464145
4924,Malignant,2021-12-24,James Wan,WARNER BROS.,United States,Zombie,,PG-13,USD 50000,"583,939",,221185
3822,The Descent,06/01/2005,Neil Marshall,Pathe,U.K.,Splatter,73,PG,"$1,500,000",USD 18020687,6.5,37220
2258,Shivers,12/15/1975,David Cronenberg,Cinepix,canada,Cosmic Horror,125 min,PG,"$1,500,000",$18485513,8.0,428459
4309,The Babadook,10/16/2014,Jennifer Kent,Causeway Films,Australia,Found Footage|Zombie,86,Unrated,$6000000,"$49,894,496",7.0,125755
1615,House on Haunted Hill,1959/12/10,William Castle,Allied Artists,United States,Cosmic Horror,132min,PG-13,"$300,000","$4,138,573",6.0,61886
4026,Paranormal Activity,6/6/2007,Oren Peli,BlumHouse,U.S.A.,Giallo,,R,"$10,000,000",USD 19874391,7.0,68943
4133,Trick 'r Treat,7/22/2007,Michael Dougherty,warner bros.,USA ,Slasher,161 min,R,"$20,000,000","87,142,789",,62707
2163,Don't Look Now,07-01-1973,Nicolas Roeg,Casey Productions,United Kingdom,Zombie|Found Footage,121min,R,,8311755,5.4,357741
4157,Insidious,5/21/2010,James Wan,Blumhouse,United States,Kaiju,122,Not Rated,$300000,$636169,5.8,478497
3741,high tension,03/12/2003,Alexandre Aja,EuropaCorp,FRANCE,Zombie|Kaiju,161,G,"$1,500,000","$12,580,491",4.6,165543
4694,Hereditary,08/13/2018,Ari Aster,A24,United States,Zombie,118,NC-17,"$300,000",3726295,7.1,295909
3628,Ju-on The Grudge,5/26/2002,Takashi Shimizu,Toei,Nippon,Slasher,113,Unrated,120000,USD 547265,5.4,314355
1381,The Thing from Another World,1951/01/21,Christian Nyby,RKO Radio Pictures,USA ,Giallo|Creature Feature,81,,50000,,8.5,174543
2188,Don't Look Now,03-05-1973,Nicolas Roeg,Casey Productions,UK,Zombie|Found Footage,121,R,"$3,000,000",,5.4,103002
4434,  Green Room ,2015/09/21,Jeremy Saulnier,A-24,U.S.A.,Body Horror,94min,G,$750000,"$9,129,839",9.0,472989
4677,Hereditary,2018-11-17,Ari Aster,A24,us,Zombie,118 min,NC-17,300000,"3,726,295",7.1,277214
2027,Rosemary's Baby,1968/10/23,Roman Polanski,Paramount Pictures,USA,Giallo,137,PG,"20,000,000",$7001250,6.7,436587
3751,Shaun of the Dead,2004-01-24,Edgar Wright,Universal,United Kingdom,Cosmic Horror,74min,PG-13,,"$73,150,220",8.6,94845
5338,The Wolf Man,11/11/1941,George Waggner,Universal  ,USA,Psychological,126,Not Rated,,"341,406,775",5.4,144417
1377,The Thing from Another World,1951/12/11,Christian Nyby,RKO Radio Pictures,USA ,Giallo|Creature Feature,81,Unrated,,"36,116",8.5,332878
4835,Parasite,02/24/2019,Bong Joon-ho,CJ Entertainment,Korea,Folk Horror,81,G,"1,500,000",USD 469037,6.5,262053
4909,Titane,2021-01-04,Julia Ducournau,neon,France,Werewolf,98 min,PG-13,,"$191,227,230",4.7,114961
2345,Suspiria,02-04-1977,Dario Argento,Seda Spettacoli,italy,Occult,145,Unrated,"$35,000,000",USD 113427337,8.9,124266
1526,the curse of frankenstein,4/27/1957,Terence Fisher,hammer films,UK,Werewolf|Vampire,129 min,PG-13,"10,000,000","139,128,163",6.5,137656
5280,  Suspiria ,01/21/2018,Luca Guadagnino,Amazon Studios,ITALY,Folk Horror|Splatter,154,PG,"300,000","$3,561,660",8.6,332373
2411,House,1977-07-13,Nobuhiko Obayashi,TOHO,Nippon,Creature Feature,157 min,Not Rated,USD 120000,"$385,505",8.3,100855
3407,The Sixth Sense,05-08-1999,M. Night Shyamalan,Buena Vista,us,Comedy Horror,157,G,,,5.3,144571
3485,Session 9,3/26/2001,Brad Anderson,USA Films,U.S.A.,Comedy Horror,71,Not Rated,3000000,41390468,6.7,135427
3290,Ringu,01-04-1998,Hideo Nakata,toho,Japan,Psychological,71 min,PG,"$20,000,000",,4.9,404622
3884,Pan's Labyrinth,08/16/2006,,Warner Bros. Pictures,Spain,Folk Horror,91min,Unrated,300000,"$806,854",,16892
2691,the evil dead,1981/04/05,Sam Raimi,new line cinema,USA ,Supernatural,114,NC-17,"$50,000","$547,550",8.1,26000
4049,Paranormal Activity,11/08/2007,Oren Peli,Blumhouse,us,Giallo,,R,10000000,"19,874,391",7.0,144883
1913,KWAIDAN,1964/07/22,Masaki Kobayashi,Toho,JAPAN,Comedy Horror|Gothic,152,PG-13,$50000,"403,655",6.6,135087
3900,Pan's Labyrinth,11/27/2006,Guillermo del Toro,Warner Bros. Pictures,Spain,Folk Horror,91,,,$806854,4.6,207070
4046,Paranormal Activity,1/13/2007,Oren Peli,Blumhouse Productions,USA ,Giallo,,R,10000000,"$19,874,391",7.0,459276
4605,It,04/08/2017,Andy Muschietti,warner bros.,us,Zombie|Giallo,89 min,NC-17,"1,500,000","$1,773,625",5.8,427685
4090,martyrs,2008/08/22,Pascal Laugier,Wild Bunch,FRANCE,Psychological,116,G,$20000000,"$87,265,784",5.1,454522
4019,Paranormal Activity,12/7/2007,Oren Peli,BlumHouse,USA ,Giallo,73min,R,"10,000,000",,7.0,123041
2469,Halloween,1978/08/23,John Carpenter,Compass International,USA,Supernatural,164,PG-13,,"$129,695,880",6.8,67008
4744,Us,4/12/2019,Jordan Peele,UNIVERSAL,U.S.A.,Psychological,131,PG,"$10,000,000",,6.6,198817
3792,Saw,11/28/2004,James Wan,Lions Gate,us,Occult,1h 15m,Not Rated,10000000,$126782523,6.1,81195
5214,Nosferatu,4/5/2024,Robert Eggers,Focus Features,us,Occult,135 min,Not Rated,,,7.7,298670
3698,  A Tale of Two Sisters ,23-08-2003,Kim Jee-woon,Cineclick Asia,Korea,Folk Horror,97,PG,"3,000,000","$26,985,529",9.2,428527
4962,X,2022/10/14,,a24,USA,Splatter,126,NC-17,"20,000,000","$253,893,251",7.9,14133
1888,Onibaba,04/17/1964,Kaneto Shindo,Toho Co.,JAPAN,Supernatural|Found Footage,,PG,$35000000,"254,458,145",6.4,132802
2102,The Wicker Man,9/15/1973,Robin Hardy,British Lion Films,England,Zombie,77min,Unrated,6000000,"4,977,047",5.9,430004
4701,Suspiria,04/14/2018,Luca Guadagnino,Amazon Studios,Italy,Folk Horror|Splatter,154 min,PG,"$300,000",$3561660,8.6,304655
1479,Invasion of the Body Snatchers,05/05/1956,Don Siegel,Allied Artists,USA ,Gothic,2h 3m,R,USD 1500000,"13,594,388",6.5,178387
3580,28 Days Later,8/12/2002,Danny Boyle,Fox Searchlight,England,Folk Horror,,R,$6000000,USD 25855318,8.7,14945
4808,The Lighthouse,2019-11-09,Robert Eggers,A-24,United States,Haunted House,2h 6m,Unrated,$300000,"2,231,378",8.3,356106
1073,Dracula,06-07-1931,Tod Browning,UNIVERSAL,USA,Found Footage,1h 24m,R,$300000,$471267,5.6,133154
4150,Trick 'r Treat,2007-07-05,Michael Dougherty,warner bros.,USA ,Slasher,161,,USD 20000000,"$87,142,789",5.1,327528
3121,Evil Dead II,2/23/1987,Sam Raimi,De Laurentiis,us,Comedy Horror,139min,R,"$35,000,000","$148,908,651",5.8,238934
3433,Battle Royale,2/7/2000,Kinji Fukasaku,Toei,Nippon,Found Footage,105,PG-13,,"10,261,807",7.7,382688
4423,Green Room,2015-12-27,Jeremy Saulnier,A24,USA ,Body Horror,94,G,$750000,,9.0,322691
3683,A Tale of Two Sisters,2003/07/27,Kim Jee-woon,Cineclick Asia,Korea,Folk Horror,1h 37m,PG,"3,000,000","26,985,529",9.2,131469
5125,When Evil Lurks,5/20/2023,Demian Rugna,Shudder,Argentina,Body Horror,146min,PG-13,"750,000",9856995,8.7,69861
2470,Halloween,1/5/1978,John Carpenter,Compass International,USA,Supernatural,2h 44m,PG-13,"10,000,000","$129,695,880",6.8,406852
3239,Candyman,05/07/1992,Bernard Rose,TriStar Pictures,USA ,Comedy Horror|Zombie,78 min,PG-13,50000,"197,869",6.1,472687
3824,the descent,2005-09-11,Neil Marshall,Pathe,UK,Splatter,73,,,,6.5,228751
1846,Blood and Black Lace,9/18/1964,Mario Bava,Emmepi Cinematografica,Italy,Gothic|Giallo,143,NC-17,"120,000","$215,381",8.4,14719
2720,an american werewolf in london,1981-11-14,John Landis,Universal,U.K.,Cosmic Horror,1h 29m,Unrated,"50,000",400014,8.8,426830
3635,JU-ON THE GRUDGE,10/17/2002,Takashi Shimizu,Toei,Japan,Slasher,113,Unrated,,USD 547265,5.4,61123
4021,Paranormal Activity,2007/08/04,Oren Peli,BlumHouse,USA,Giallo,73,R,,"$19,874,391",7.0,404325
2930,Videodrome,1983/11/12,David Cronenberg,UNIVERSAL,Canada,Supernatural,1h 10m,NC-17,"$35,000,000",391950781,7.4,87761
3898,Pan's Labyrinth,11/27/2006,Guillermo del Toro,Warner Bros. Pictures,Spain,Folk Horror,91 min,Unrated,$300000,,4.6,263842
2044,Night of the Living Dead,1968-10-20,,Image Ten,USA,Zombie,108,G,"1,500,000","$19,103,735",8.1,68489
2713,An American Werewolf in London,11/6/1981,John Landis,Universal Pictures,U.K.,Cosmic Horror,89,Unrated,"$50,000","$400,014",8.8,130291
2600,The Shining,1980-02-13,Stanley Kubrick,Warner Bros,U.S.A.,Psychological|Supernatural,151,Not Rated,"$750,000",2789629,6.8,45983
1025,Nosferatu,1/2/1922,F.W. Murnau,Prana Film,Germany,Kaiju,,Unrated,35000000,"186,704,614",5.9,260260
3516,The Others,5/11/2001,Alejandro Amenabar,WARNER BROS.,Spain,Splatter,160,G,"$10,000,000",55008994,8.7,13575
4563,the autopsy of jane doe,12/14/2016,Andre Ovredal,IFC Midnight,England,Psychological|Giallo,102 min,R,"120,000","$757,476",8.7,113103
1274,Cat People,12-11-1942,Jacques Tourneur,RKO Radio Pictures,U.S.A.,Werewolf|Creature Feature,74,Not Rated,USD 300000,"927,054",6.8,84428
1831,The Haunting,02/16/1963,Robert Wise,MGM,United Kingdom,Splatter,90,,$1500000,10197106,7.7,208730
1984,kill baby kill,2/21/1966,,FUL Films,italy,Vampire,72 min,Unrated,"$6,000,000",$49406007,6.1,19982
2758,Scanners,12/09/1981,David Cronenberg,Avco Embassy,CANADA,Found Footage,130,PG,"$35,000,000","$325,820,643",8.9,96743
4929,Malignant,2021/04/02,James Wan,Warner Bros,U.S.A.,Zombie,138min,PG-13,"$50,000",,7.5,204996
1226,The Wolf Man,1941/04/08,George Waggner,Universal  ,U.S.A.,Psychological,126 min,Not Rated,"$35,000,000","341,406,775",5.4,218454
3879,Pan's Labyrinth,2006/07/11,Guillermo del Toro,Warner Bros. Pictures,Spain,Folk Horror,1h 31m,Unrated,"300,000","806,854",4.6,379792
5279,  Martyrs ,4/9/2008,Pascal Laugier,Wild Bunch,FRANCE,Psychological,116,,$20000000,"$87,265,784",5.1,153775
3926,The Host,2006-11-17,Bong Joon-ho,Showbox,Korea,Slasher,83 min,NC-17,"3,000,000","$33,187,930",9.0,457412
1220,Bride of Frankenstein,03/11/1935,James Whale,Universal  ,U.S.A.,Giallo,83min,,,USD 69360250,8.0,129769
3840,Wolf Creek,2005-09-24,Greg McLean,Roadshow,Australia,Vampire,110,G,$6000000,,7.5,100463
4280,  Oculus ,2013-03-11,Mike Flanagan,Blumhouse,U.S.A.,Kaiju|Haunted House,154,NC-17,USD 120000,1389242,5.5,106540
1177,The Invisible Man,11/04/1933,James Whale,Universal Pictures,U.S.A.,Vampire,157,Not Rated,20000000,USD 208181238,5.8,405752
2497,Dawn of the Dead,1978-10-03,George Romero,United Film Distribution,USA,Werewolf,135,Unrated,"10,000,000","$44,664,160",8.1,388182
2920,Videodrome,22-09-1983,David Cronenberg,Universal,canada,Supernatural,70 min,NC-17,"$35,000,000",391950781,7.4,176470
2493,Dawn of the Dead,3/7/1978,George Romero,United Film Distribution,U.S.A.,Werewolf,135,Unrated,,$44664160,8.1,224063
1963,Repulsion,1965/02/11,Roman Polanski,Compton Films,U.K.,Cosmic Horror|Supernatural,142min,PG,USD 300000,$4103145,7.3,363586
5271,House,1977/01/27,Nobuhiko Obayashi,Toho,Nippon,Creature Feature,2h 37m,Not Rated,120000,USD 385505,8.3,149113
5012,Pearl,2022/07/06,Ti West,A-24,United States,Cosmic Horror,144,G,3000000,,7.5,351204
3064,The Fly,08/24/1986,David Cronenberg,20th Century Fox,U.S.A.,Cosmic Horror,104,R,"$35,000,000","$407,590,945",7.8,266774
3010,Phenomena,1985/08/07,Dario Argento,DACFILM Rome,ITALY,Comedy Horror,130,PG-13,"$6,000,000","$9,032,401",9.1,260935
4552,THE AUTOPSY OF JANE DOE,2016/02/07,,IFC Midnight,UK,Psychological|Giallo,102,R,USD 120000,"$757,476",8.7,130461
2732,An American Werewolf in London,1/8/1981,John Landis,Universal Pictures,UK,Cosmic Horror,,Unrated,50000,"$400,014",8.8,304085
4737,Us,13-07-2019,Jordan Peele,Universal Pictures,USA ,Psychological,131,PG,10000000,USD 40925924,6.6,129465
4025,PARANORMAL ACTIVITY,28-09-2007,Oren Peli,Blumhouse Productions,USA,Giallo,73min,R,"$10,000,000","$19,874,391",7.0,111427
5350,  Skinamarink ,2022-07-02,Kyle Edward Ball,IFC Midnight,CANADA,Splatter,161,G,1500000,11408908,5.1,373033
2535,Zombie Flesh Eaters,13-06-1979,Lucio Fulci,Variety Film,Italy,Vampire,142,PG,USD 20000000,$61567279,8.7,286181
3322,Audition,1999/04/07,Takashi Miike,Omega Project,Japan,Psychological|Occult,2h 40m,Unrated,"6,000,000","33,618,699",8.3,84623
1829,The Haunting,08/04/1963,Robert Wise,MGM,United Kingdom,Splatter,,Unrated,,"$10,197,106",7.7,319478
3913,The Host,08/14/2006,Bong Joon-ho,Showbox,South Korea,Slasher,83,NC-17,"$3,000,000",33187930,9.0,121412
3659,Dark Water,2002-07-08,Hideo Nakata,toho,Nippon,Comedy Horror,,R,USD 750000,"8,030,796",5.4,469409
2412,House,1977/06/27,Nobuhiko Obayashi,TOHO,Nippon,Creature Feature,157 min,Not Rated,,385505,8.3,159912
2761,Scanners,05/24/1981,David Cronenberg,Avco Embassy,CANADA,Found Footage,130 min,PG,"35,000,000","$325,820,643",8.9,235644
2693,The Evil Dead,10/04/1981,Sam Raimi,New Line Cinema,us,Supernatural,1h 54m,NC-17,50000,"$547,550",8.1,321973
2696,The Evil Dead,8/17/1981,Sam Raimi,new line cinema,USA ,Supernatural,114 min,NC-17,"$50,000",,8.1,51428
3936,Inside,01/18/2007,,La Fabrique de Films,FRANCE,Gothic,100min,Unrated,"35,000,000",USD 435166860,8.3,193030
1084,Dracula,1931/08/06,Tod Browning,UNIVERSAL,USA ,Found Footage,84,R,$300000,USD 471267,5.6,323658
3940,Inside,21-08-2007,Alexandre Bustillo,La Fabrique de Films,France,Gothic,100 min,Unrated,35000000,,8.3,352979
1113,Frankenstein,16-03-1931,James Whale,Universal,USA ,Supernatural|Slasher,117,,USD 750000,"1,599,134",6.4,2241
2338,Suspiria,1977/04/27,Dario Argento,Seda Spettacoli,Italy,Occult,145min,Unrated,"$35,000,000",113427337,8.9,332482
3914,The Host,11/27/2006,Bong Joon-ho,Showbox,Korea,Slasher,83min,NC-17,"$3,000,000",33187930,9.0,304795
4323,The Babadook,01/24/2014,Jennifer Kent,Causeway Films,Australia,Found Footage|Zombie,86min,Unrated,$6000000,"$49,894,496",7.0,25162
5323,Hellraiser,12/23/1987,Clive Barker,New World Pictures,England,Slasher,98 min,G,"$50,000","269,251",6.8,371401
4134,Trick 'r Treat,2007-12-18,Michael Dougherty,Warner Bros,USA ,Slasher,161,R,,$87142789,5.1,44838
1271,Cat People,05/18/1942,Jacques Tourneur,RKO Radio Pictures,USA ,Werewolf|Creature Feature,74 min,Not Rated,"$300,000",,6.8,437358
1333,The Uninvited,08/27/1944,Lewis Allen,Paramount Pictures,USA ,Found Footage,2h 5m,Unrated,USD 50000,USD 55760,8.7,235640
4527,Raw,11/05/2016,Julia Ducournau,Wild Bunch,FRANCE,Folk Horror|Cosmic Horror,156,R,300000,"$2,396,256",8.5,277906
1900,Kwaidan,1964-06-15,,Toho Co.,Japan,Comedy Horror|Gothic,152,PG-13,"50,000",403655,6.6,127440
3609,28 Days Later,2002-01-22,Danny Boyle,Fox Searchlight,England,Folk Horror,147,R,,"$25,855,318",8.7,328381
3479,  Session 9 ,3/17/2001,Brad Anderson,USA Films,U.S.A.,Comedy Horror,1h 11m,Not Rated,"$3,000,000",$41390468,6.7,292018
5176,The Substance,2024-08-03,Coralie Fargeat,Mubi,France,Psychological,75,NC-17,"$50,000","$101,442",8.3,11752
3159,Tetsuo the Iron Man,07-02-1989,Shinya Tsukamoto,Kaijyu Theater,Japan,Vampire,165 min,PG-13,,,6.4,455294
2171,Don't Look Now,11/23/1973,Nicolas Roeg,Casey Productions,UK,Zombie|Found Footage,121,R,"$3,000,000","$8,311,755",5.4,23412
2359,Eraserhead,1977/06/01,David Lynch,Libra Films,United States,Zombie,149,PG-13,"3,000,000",USD 39909840,8.3,234358
4514,  Raw ,5/18/2016,Julia Ducournau,Wild Bunch,France,Folk Horror|Cosmic Horror,,R,"300,000","$2,396,256",,455131
3526,The Others,4/15/2001,Alejandro Amenabar,Warner Bros,Spain,Splatter,160min,G,"$10,000,000",,8.7,184164
5277,Malignant,26-05-2021,,Warner Bros,us,Zombie,138 min,PG-13,50000,"583,939",7.5,115481
4101,Martyrs,10/21/2008,Pascal Laugier,Wild Bunch,france,Psychological,1h 56m,G,20000000,"$87,265,784",,424138
1933,repulsion,19-11-1965,Roman Polanski,Compton Films,United Kingdom,Cosmic Horror|Supernatural,142,PG,"$300,000",$4103145,7.3,443927
2616,The Shining,28-10-1980,Stanley Kubrick,WARNER BROS.,USA ,Psychological|Supernatural,151,Not Rated,750000,$2789629,6.8,156204
3169,Jacob's Ladder,7/26/1990,Adrian Lyne,TriStar Pictures,U.S.A.,Vampire,107,Not Rated,"$120,000",$1088354,5.5,32888
3638,Ju-on The Grudge,6/9/2002,Takashi Shimizu,Toei,Nippon,Slasher,113,Unrated,"120,000","547,265",5.4,135718
1212,BRIDE OF FRANKENSTEIN,1935/01/24,James Whale,UNIVERSAL,USA,Giallo,83,PG-13,6000000,"69,360,250",8.0,409681
3360,The Blair Witch Project,1999/04/07,Daniel Myrick,Artisan Entertainment,us,Splatter,118,Unrated,USD 300000,$2812847,9.0,21929
5014,Pearl,10/06/2022,Ti West,a24,USA ,Cosmic Horror,144min,G,"$3,000,000","$36,671,785",7.5,145533
1931,Repulsion,19-01-1965,Roman Polanski,Compton Films,U.K.,Cosmic Horror|Supernatural,142min,PG,,"4,103,145",7.3,363821
3225,CANDYMAN,1992/09/15,Bernard Rose,TriStar Pictures,USA ,Comedy Horror|Zombie,78min,PG-13,50000,,6.1,48642
2884,The Beyond,1981-08-12,Lucio Fulci,Fulvia Film,ITALY,Gothic,2h 40m,Not Rated,USD 3000000,"32,305,279",7.1,145862
1727,Peeping Tom,4/19/1960,Michael Powell,Anglo-Amalgamated,UK,Werewolf,,PG,USD 1500000,$16521182,8.0,181665
4216,Sinister,1/5/2012,,Blumhouse,U.S.A.,Found Footage|Zombie,1h 18m,PG-13,"6,000,000",$66545124,5.4,108888
4064,Let the Right One In,2008-02-21,Tomas Alfredson,Sandrew Metronome,Sweden,Occult,162,Unrated,50000,$249436,5.9,405960
2326,Suspiria,09-07-1977,Dario Argento,Seda Spettacoli,Italy,Occult,2h 25m,Unrated,"$35,000,000","113,427,337",8.9,277039
4221,sinister,02/24/2012,Scott Derrickson,Blumhouse Productions,United States,Found Footage|Zombie,1h 18m,PG-13,"6,000,000","66,545,124",5.4,177982
2993,Phenomena,4/17/1985,Dario Argento,DACFILM Rome,Italy,Comedy Horror,130,,"$6,000,000",$9032401,9.1,148588
4406,The Witch,08/23/2015,Robert Eggers,a24,USA,Haunted House|Body Horror,93,PG,35000000,"242,985,712",8.2,453858
3699,A Tale of Two Sisters,1/7/2003,Kim Jee-woon,Cineclick Asia,S. Korea,Folk Horror,97,PG,USD 3000000,26985529,9.2,100850
1723,Peeping Tom,1960-01-21,Michael Powell,Anglo-Amalgamated,U.K.,Werewolf,96 min,PG,1500000,"$16,521,182",8.0,327065
1445,Godzilla,12/18/1954,,Toho,JAPAN,Cosmic Horror,160,PG-13,"6,000,000",$47256128,7.4,298716
4332,The Babadook,2014/05/28,Jennifer Kent,Causeway Films,Australia,Found Footage|Zombie,1h 26m,Unrated,USD 6000000,"$49,894,496",7.0,133561
2082,Witchfinder General,26-11-1968,Michael Reeves,Tigon,UK,Giallo,153,Unrated,"10,000,000","$136,636,027",8.5,1743
2938,Videodrome,4/26/1983,David Cronenberg,Universal  ,canada,Supernatural,70 min,NC-17,"35,000,000",$391950781,7.4,218170
4327,The Babadook,12/18/2014,Jennifer Kent,Causeway Films,Australia,Found Footage|Zombie,86 min,Unrated,USD 6000000,,7.0,219437
1460,Godzilla,11-02-1954,Ishiro Honda,toho,Nippon,Cosmic Horror,160,PG-13,"$6,000,000","$47,256,128",7.4,24734
3321,Audition,11/18/1999,Takashi Miike,Omega Project,JAPAN,Psychological|Occult,160min,Unrated,,"33,618,699",8.3,229102
3148,Tetsuo the Iron Man,1989-09-03,Shinya Tsukamoto,Kaijyu Theater,Japan,Vampire,165,PG-13,"$20,000,000","255,667,125",6.4,468221
3603,28 Days Later,2002/09/18,,Fox Searchlight,England,Folk Horror,147,R,,,8.7,53353
4921,Malignant,2021/06/19,James Wan,Warner Bros.,us,Zombie,138 min,,"$50,000","583,939",7.5,297631
1477,Invasion of the Body Snatchers,12/28/1956,Don Siegel,Allied Artists,U.S.A.,Gothic,,R,"1,500,000",13594388,6.5,85047
2982,A Nightmare on Elm Street,26-12-1984,Wes Craven,new line cinema,USA,Werewolf,117 min,Not Rated,$1500000,,5.9,292216
3845,Wolf Creek,06/01/2005,Greg McLean,Roadshow,Australia,Vampire,1h 50m,G,USD 6000000,46531729,7.5,318216
1817,The Birds,24-01-1963,Alfred Hitchcock,UNIVERSAL,USA ,Slasher|Psychological,106,PG-13,"3,000,000",,5.2,280981
4582,Get Out,2017/09/26,Jordan Peele,Blumhouse Productions,United States,Comedy Horror,1h 51m,Unrated,"$120,000","1,256,432",7.9,42303
1794,THE BIRDS,1963-01-15,Alfred Hitchcock,UNIVERSAL,U.S.A.,Slasher|Psychological,106,PG-13,,34881029,5.2,176307
3630,Ju-on The Grudge,9/15/2002,Takashi Shimizu,Toei,JAPAN,Slasher,113 min,Unrated,,,5.4,258804
1009,Nosferatu,03/07/1922,F.W. Murnau,Prana Film,Germany,Kaiju,96,Unrated,"$35,000,000","$186,704,614",5.9,370063
1183,The Invisible Man,1933/08/13,James Whale,Universal Pictures,U.S.A.,Vampire,2h 37m,Not Rated,"20,000,000","$208,181,238",5.8,137198
2678,The Evil Dead,1981/08/03,Sam Raimi,New Line,USA,Supernatural,114 min,NC-17,$50000,USD 547550,8.1,314391
3170,Jacob's Ladder,1990/06/21,Adrian Lyne,TriStar Pictures,us,Vampire,107,Not Rated,"120,000","$1,088,354",5.5,25929
3129,Evil Dead II,1987/04/13,Sam Raimi,De Laurentiis,us,Comedy Horror,139,R,"35,000,000",,5.8,63384
1920,Kwaidan,5/9/1964,Masaki Kobayashi,TOHO,Japan,Comedy Horror|Gothic,152 min,PG-13,$50000,$403655,6.6,203004
1349,The Uninvited,1944-07-22,Lewis Allen,Paramount Pictures,USA,Found Footage,125min,Unrated,$50000,55760,8.7,374019
3581,28 Days Later,24-02-2002,Danny Boyle,Fox Searchlight,United Kingdom,Folk Horror,147,R,,"$25,855,318",8.7,432264
4852,Saint Maud,2019-08-06,Rose Glass,a24,England,Folk Horror|Supernatural,101 min,,USD 3000000,9179482,8.4,470616
4249,The Conjuring,05/12/2013,James Wan,warner bros.,USA,Werewolf,91,Unrated,50000,"$75,128",9.0,43924
1797,The Birds,01-05-1963,Alfred Hitchcock,Universal Pictures,United States,Slasher|Psychological,106,,$3000000,$34881029,5.2,351704
3957,REC,24-07-2007,Jaume Balaguero,Filmax,Spain,Zombie,144,PG,"$20,000,000","$126,904,732",7.4,422545
1697,Eyes Without a Face,6/5/1960,Georges Franju,Champs-Elysees,france,Giallo,120 min,Unrated,"$20,000,000",158166156,8.5,148846
1780,carnival of souls,1962-05-09,,Herts-Lion International,USA ,Body Horror,100 min,PG,20000000,"22,553,699",8.7,205092
4351,It Follows,12/2/2014,David Robert Mitchell,Radius-TWC,us,Found Footage,93,Unrated,$1500000,"$15,379,273",8.1,262602
3846,  Wolf Creek ,2005/12/16,Greg McLean,Roadshow,Australia,Vampire,,G,6000000,"$46,531,729",7.5,400047
2651,Cannibal Holocaust,03-01-1980,Ruggero Deodato,United Artists Europa,ITALY,Gothic,2h 6m,NC-17,"$120,000","270,483",6.4,300504
3955,REC,10/16/2007,Jaume Balaguero,Filmax,Spain,Zombie,144,PG,"$20,000,000","$126,904,732",7.4,164232
1542,Horror of Dracula,1958/04/22,Terence Fisher,hammer films,United Kingdom,Found Footage,117min,,"$10,000,000",99981464,8.6,176132
4114,Martyrs,6/3/2008,Pascal Laugier,Wild Bunch,France,Psychological,116,G,"$20,000,000",87265784,5.1,463731
1045,The Phantom of the Opera,1925-08-07,Rupert Julian,Universal,United States,Splatter|Haunted House,154 min,,"$750,000",$4135308,6.1,391571
3089,Hellraiser,8/22/1987,Clive Barker,New World Pictures,United Kingdom,Slasher,1h 38m,G,"50,000",USD 269251,6.8,336200
3324,Audition,22-10-1999,Takashi Miike,Omega Project,Nippon,Psychological|Occult,160,Unrated,,"33,618,699",8.3,210253
5207,Longlegs,03-03-2024,Osgood Perkins,neon,USA,Gothic,2h 40m,NC-17,10000000,"$54,792,293",6.0,414912
3477,Session 9,2001/10/17,Brad Anderson,USA Films,U.S.A.,Comedy Horror,71,Not Rated,3000000,"$41,390,468",6.7,432676
2464,Halloween,7/18/1978,John Carpenter,Compass International,us,Supernatural,164,PG-13,,"$129,695,880",6.8,97813
1098,Frankenstein,1931/06/16,James Whale,Universal  ,us,Supernatural|Slasher,1h 57m,NC-17,"$750,000","1,599,134",6.4,389939
2949,Videodrome,1983/05/25,David Cronenberg,UNIVERSAL,canada,Supernatural,1h 10m,NC-17,$35000000,391950781,7.4,427634
4292,Oculus,2013/02/05,Mike Flanagan,Blumhouse,us,Kaiju|Haunted House,154,NC-17,"$120,000","1,389,242",5.5,305662
4985,Barbarian,01/21/2022,Zach Cregger,20th Century Studios,USA ,Cosmic Horror|Giallo,118min,R,USD 3000000,"$12,536,957",7.6,212073
3704,A Tale of Two Sisters,14-03-2003,Kim Jee-woon,Cineclick Asia,Korea,Folk Horror,,PG,,"$26,985,529",9.2,364098
3911,  The Host ,10/24/2006,Bong Joon-ho,Showbox,Korea,Slasher,1h 23m,NC-17,USD 3000000,$33187930,9.0,13666
3229,Candyman,1992/01/08,Bernard Rose,TriStar Pictures,United States,Comedy Horror|Zombie,,PG-13,$50000,"$197,869",6.1,5778
1694,Eyes Without a Face,10/27/1960,Georges Franju,Champs-Elysees,FRANCE,Giallo,120min,Unrated,"$20,000,000","$158,166,156",,14871
4795,THE LIGHTHOUSE,4/2/2019,Robert Eggers,a24,USA ,Haunted House,126 min,Unrated,300000,USD 2231378,8.3,379595
1805,The Birds,08/03/1963,Alfred Hitchcock,Universal Pictures,USA ,Slasher|Psychological,,PG-13,"3,000,000",USD 34881029,5.2,433417
4023,Paranormal Activity,10-04-2007,,BlumHouse,USA,Giallo,73,R,$10000000,19874391,7.0,248889
4722,Suspiria,27-08-2018,Luca Guadagnino,Amazon Studios,ITALY,Folk Horror|Splatter,154min,PG,300000,"$3,561,660",8.6,63763
2865,Poltergeist,1982/12/10,Tobe Hooper,MGM,United States,Cosmic Horror|Gothic,151,PG,10000000,"77,775,922",9.0,284915
1369,The Thing from Another World,1951-10-14,Christian Nyby,RKO Radio Pictures,United States,Giallo|Creature Feature,81,Unrated,50000,"36,116",8.5,38538
3720,High Tension,25-10-2003,Alexandre Aja,EuropaCorp,France,Zombie|Kaiju,161,G,1500000,"12,580,491",4.6,303655
1976,Kill Baby Kill,11/15/1966,Mario Bava,FUL Films,italy,Vampire,1h 12m,Unrated,USD 6000000,49406007,6.1,237370
4625,It,05/17/2017,Andy Muschietti,Warner Bros,USA,Zombie|Giallo,89min,,"$1,500,000",$1773625,5.8,70403
2144,  The Exorcist ,9/8/1973,William Friedkin,Warner Bros.,USA ,Haunted House|Vampire,1h 45m,,$1500000,"$3,109,059",7.9,15206
3851,Wolf Creek,2005/09/24,Greg McLean,Roadshow,Australia,Vampire,1h 50m,G,$6000000,$46531729,7.5,190535
4706,Suspiria,2018/10/05,,Amazon Studios,ITALY,Folk Horror|Splatter,,PG,300000,,8.6,369911
4788,The Lighthouse,2019/07/27,Robert Eggers,a24,United States,Haunted House,126,Unrated,300000,"$2,231,378",8.3,241532
3742,HIGH TENSION,8/8/2003,Alexandre Aja,EuropaCorp,FRANCE,Zombie|Kaiju,,G,1500000,,4.6,452224
4757,Us,08-11-2019,Jordan Peele,Universal Pictures,USA ,Psychological,131,PG,"10,000,000","$40,925,924",6.6,216992
3049,Re-Animator,19-07-1985,Stuart Gordon,Empire Pictures,USA ,Body Horror,140 min,Unrated,"$120,000",$1181119,9.0,414063
2841,Poltergeist,13-11-1982,Tobe Hooper,MGM,U.S.A.,Cosmic Horror|Gothic,151 min,PG,USD 10000000,$77775922,9.0,215294
5343,The Fog,12/08/1980,John Carpenter,Avco Embassy,United States,Vampire,102 min,NC-17,"1,500,000",USD 3085118,,134983
4231,The Conjuring,06-06-2013,James Wan,Warner Bros,United States,Werewolf,91,Unrated,"$50,000",75128,9.0,182342
3518,the others,2001/03/17,Alejandro Amenabar,warner bros.,Spain,Splatter,160,G,USD 10000000,"55,008,994",8.7,401495
4089,Martyrs,2/18/2008,Pascal Laugier,Wild Bunch,France,Psychological,116 min,G,"20,000,000","$87,265,784",5.1,99273
4703,Suspiria,03/15/2018,Luca Guadagnino,Amazon Studios,ITALY,Folk Horror|Splatter,154,PG,,"$3,561,660",8.6,472890
5058,SKINAMARINK,03/28/2022,Kyle Edward Ball,IFC Midnight,Canada,Splatter,161,G,"$1,500,000","$11,408,908",5.1,54286
3420,The Sixth Sense,1999-05-22,M. Night Shyamalan,Buena Vista,United States,Comedy Horror,157,G,"$300,000","$3,957,945",5.3,190514
4846,Parasite,06-07-2019,Bong Joon-ho,CJ Entertainment,Korea,Folk Horror,1h 21m,G,"$1,500,000","469,037",6.5,197851
3582,28 Days Later,12/05/2002,Danny Boyle,Fox Searchlight,England,Folk Horror,147,R,"$6,000,000",,8.7,359845
2181,  Don't Look Now ,1973/11/15,Nicolas Roeg,Casey Productions,UK,Zombie|Found Footage,121 min,R,USD 3000000,USD 8311755,5.4,244196
5147,Late Night with the Devil,2023-12-24,Colin Cairnes,IFC Films,Australia,Psychological,70,,6000000,$44680381,8.2,306889
4426,Green Room,08-12-2015,Jeremy Saulnier,a24,USA ,Body Horror,94min,G,"750,000","9,129,839",9.0,437939
2115,THE WICKER MAN,7/25/1973,Robin Hardy,British Lion Films,England,Zombie,77,Unrated,"$6,000,000","$4,977,047",5.9,85179
1709,Eyes Without a Face,1960-09-09,Georges Franju,Champs-Elysees,France,Giallo,,Unrated,"$20,000,000",158166156,8.5,42458
4254,The Conjuring,11/10/2013,James Wan,Warner Bros,USA ,Werewolf,91 min,Unrated,"$50,000",USD 75128,9.0,253553
1938,Repulsion,1965-08-08,Roman Polanski,Compton Films,England,Cosmic Horror|Supernatural,142,,"$300,000",$4103145,7.3,343393
3614,  Ju-on The Grudge ,8/9/2002,Takashi Shimizu,Toei,Japan,Slasher,113 min,Unrated,120000,547265,5.4,462197
1890,Onibaba,1964/09/07,Kaneto Shindo,TOHO,Nippon,Supernatural|Found Footage,90min,PG,,254458145,6.4,201849
3193,Jacob's Ladder,1990/07/01,Adrian Lyne,TriStar Pictures,USA,Vampire,1h 47m,Not Rated,,"$1,088,354",5.5,123543
2090,The Wicker Man,02/06/1973,Robin Hardy,British Lion Films,United Kingdom,Zombie,77 min,,"$6,000,000",4977047,5.9,305069
3803,Saw,2004/10/22,James Wan,Lions Gate,USA ,Occult,75,Not Rated,$10000000,,6.1,386105
1795,The Birds,2/16/1963,Alfred Hitchcock,Universal  ,us,Slasher|Psychological,,PG-13,"$3,000,000","34,881,029",5.2,70962
4576,  Get Out ,04/01/2017,Jordan Peele,Blumhouse Productions,U.S.A.,Comedy Horror,111 min,,USD 120000,$1256432,7.9,310919
4345,It Follows,09-08-2014,,Radius-TWC,United States,Found Footage,93,Unrated,$1500000,"15,379,273",8.1,77481
2735,An American Werewolf in London,02-02-1981,John Landis,UNIVERSAL,United Kingdom,Cosmic Horror,89min,Unrated,$50000,USD 400014,8.8,412431
3003,Phenomena,1985/07/18,Dario Argento,DACFILM Rome,ITALY,Comedy Horror,2h 10m,PG-13,$6000000,"9,032,401",9.1,360350
2526,Alien,5/2/1979,Ridley Scott,20th Century Fox,United Kingdom,Occult|Creature Feature,116,G,$10000000,15461470,6.4,441995
3707,A Tale of Two Sisters,08/24/2003,Kim Jee-woon,Cineclick Asia,S. Korea,Folk Horror,97,PG,3000000,"26,985,529",9.2,218406
3758,  Shaun of the Dead ,8/27/2004,Edgar Wright,universal,UK,Cosmic Horror,74,PG-13,"$10,000,000",,8.6,6169
2463,  Halloween ,1978-01-23,John Carpenter,Compass International,United States,Supernatural,2h 44m,PG-13,"$10,000,000","$129,695,880",6.8,434576
2906,  City of the Living Dead ,1980-08-18,Lucio Fulci,Dania Film,ITALY,Psychological,102min,G,3000000,6159368,8.8,138772
1144,The Mummy,06-01-1932,Karl Freund,universal,USA ,Vampire,,Unrated,,"46,257,698",5.7,37401
5064,skinamarink,12/21/2022,Kyle Edward Ball,IFC Midnight,canada,Splatter,2h 41m,G,USD 1500000,"11,408,908",5.1,162019
4653,A Quiet Place,25-06-2018,John Krasinski,Paramount Pictures,USA,Supernatural,100,Not Rated,"$300,000",3147005,8.7,131127
2394,Rabid,1977-09-11,,Cinepix,Canada,Splatter,81 min,G,"1,500,000",$693556,7.4,178920
3852,Wolf Creek,03-02-2005,Greg McLean,Roadshow,Australia,Vampire,1h 50m,G,"$6,000,000","$46,531,729",7.5,274240
4881,Possessor,2020/09/27,Brandon Cronenberg,NEON,canada,Occult,138min,G,300000,667524,8.1,129998
2395,rabid,1977-11-23,,Cinepix,canada,Splatter,81,G,"$1,500,000","$693,556",7.4,73425
1646,Black Sunday,9/2/1960,Mario Bava,Galatea Film,italy,Supernatural|Psychological,113,NC-17,"$50,000",,6.5,286483
2742,  An American Werewolf in London ,1981-10-03,John Landis,universal,England,Cosmic Horror,89 min,Unrated,50000,USD 400014,8.8,402910
4807,The Lighthouse,9/5/2019,Robert Eggers,A-24,United States,Haunted House,126,Unrated,300000,"2,231,378",,131265
3081,Hellraiser,06/20/1987,Clive Barker,New World Pictures,England,Slasher,98,G,"$50,000","$269,251",6.8,242161
3124,Evil Dead II,12/23/1987,Sam Raimi,De Laurentiis,U.S.A.,Comedy Horror,139 min,R,"35,000,000",148908651,5.8,54905
2753,Scanners,1981/08/03,David Cronenberg,Avco Embassy,CANADA,Found Footage,130 min,PG,"$35,000,000",USD 325820643,8.9,244275
5228,Nosferatu,2024-08-06,Robert Eggers,Focus Features,U.S.A.,Occult,,Not Rated,"10,000,000","$23,048,052",7.7,299701
4421,Green Room,2015/04/28,Jeremy Saulnier,a24,USA,Body Horror,1h 34m,G,USD 750000,"$9,129,839",9.0,87821
4926,Malignant,26-05-2021,,Warner Bros,us,Zombie,138 min,PG-13,50000,"583,939",7.5,115481
3869,Wolf Creek,2005-12-06,Greg McLean,Roadshow,Australia,Vampire,110min,G,"$6,000,000","$46,531,729",7.5,433836
1235,The Wolf Man,03/27/1941,George Waggner,Universal Pictures,United States,Psychological,126,Not Rated,35000000,"341,406,775",5.4,226225
5030,  Talk to Me ,8/4/2022,Danny Philippou,A-24,Australia,Psychological,122,,"$35,000,000","$386,552,466",7.5,287875
1119,Frankenstein,02/17/1931,James Whale,Universal,USA,Supernatural|Slasher,117 min,NC-17,"$750,000",$1599134,6.4,220864
2740,An American Werewolf in London,1981-09-27,John Landis,Universal Pictures,England,Cosmic Horror,1h 29m,Unrated,50000,"400,014",8.8,435219
4252,The Conjuring,05/01/2013,James Wan,Warner Bros.,USA ,Werewolf,91,Unrated,"$50,000","$75,128",9.0,289636
4669,A Quiet Place,2018/10/05,John Krasinski,Paramount Pictures,USA,Supernatural,100,Not Rated,"$300,000",,8.7,361337
1200,bride of frankenstein,1935-06-23,James Whale,Universal,USA ,Giallo,83,PG-13,"$6,000,000",,8.0,451168
3251,Candyman,1992-11-07,Bernard Rose,TriStar Pictures,United States,Comedy Horror|Zombie,78 min,PG-13,"$50,000","197,869",6.1,202316
3634,Ju-on The Grudge,03/20/2002,Takashi Shimizu,Toei,Nippon,Slasher,113 min,,"120,000","547,265",5.4,48795
2621,THE FOG,11-06-1980,John Carpenter,Avco Embassy,U.S.A.,Vampire,102,NC-17,"$1,500,000","3,085,118",4.7,141487
2297,The Omen,1976-12-21,Richard Donner,20th Century Fox,U.S.A.,Vampire,2h 24m,PG,"3,000,000",USD 5923606,8.9,327300
1792,The Birds,01/26/1963,Alfred Hitchcock,UNIVERSAL,us,Slasher|Psychological,106,PG-13,3000000,34881029,5.2,135654
1765,The Innocents,1961-07-03,Jack Clayton,20th Century Fox,UK,Splatter,122min,NC-17,"$1,500,000",USD 19063753,7.0,390931
3293,Ringu,07/12/1998,Hideo Nakata,Toho Co.,Japan,Psychological,71,PG,"$20,000,000",8179313,4.9,341863
4746,Us,18-06-2019,Jordan Peele,Universal Pictures,United States,Psychological,2h 11m,PG,"10,000,000","40,925,924",6.6,45260
2998,Phenomena,1985-05-21,Dario Argento,DACFILM Rome,Italy,Comedy Horror,2h 10m,PG-13,6000000,"$9,032,401",,146308
5065,SKINAMARINK,2022/11/09,Kyle Edward Ball,IFC Midnight,canada,Splatter,161 min,G,"$1,500,000","$11,408,908",5.1,265884
2447,halloween,11/21/1978,John Carpenter,Compass International,us,Supernatural,164 min,PG-13,"$10,000,000",,6.8,258120
4517,Raw,2016/10/20,Julia Ducournau,Wild Bunch,France,Folk Horror|Cosmic Horror,156,R,300000,USD 2396256,8.5,395733
3501,The Devil's Backbone,05-07-2001,Guillermo del Toro,Warner Sogefilms,Spain,Gothic,117 min,PG-13,"$750,000",555817,6.6,274630
1788,Carnival of Souls,11/08/1962,Herk Harvey,Herts-Lion International,USA,Body Horror,100 min,PG,"20,000,000",$22553699,8.7,109773
4396,The Witch,2015-09-17,Robert Eggers,A24,U.S.A.,Haunted House|Body Horror,93,PG,35000000,"$242,985,712",8.2,308408
1964,Kill Baby Kill,02/23/1966,Mario Bava,FUL Films,italy,Vampire,72,Unrated,"6,000,000",$49406007,6.1,281412
4884,Possessor,5/7/2020,Brandon Cronenberg,Neon,canada,Occult,138,G,$300000,"$667,524",8.1,124404
1826,The Haunting,6/1/1963,Robert Wise,MGM,United Kingdom,Splatter,90,Unrated,USD 1500000,10197106,7.7,247178
4394,The Witch,04-08-2015,Robert Eggers,a24,United States,Haunted House|Body Horror,93 min,PG,"35,000,000","242,985,712",8.2,414352
4286,Oculus,4/26/2013,Mike Flanagan,Blumhouse Productions,U.S.A.,Kaiju|Haunted House,154,NC-17,"$120,000",1389242,5.5,398037
1444,Godzilla,4/18/1954,Ishiro Honda,TOHO,Japan,Cosmic Horror,160min,PG-13,"$6,000,000",USD 47256128,7.4,125954
5353,Night of the Living Dead,12/06/1968,George Romero,Image Ten,United States,Zombie,108,G,USD 1500000,"$19,103,735",8.1,84856
4010,The Orphanage,12/25/2007,J.A. Bayona,Warner Bros. Pictures,Spain,Creature Feature|Haunted House,145,R,20000000,"$220,449,652",5.4,310598
1070,Dracula,4/9/1931,Tod Browning,UNIVERSAL,U.S.A.,Found Footage,84,R,300000,"471,267",5.6,402633
4609,It,2017-10-05,Andy Muschietti,warner bros.,USA,Zombie|Giallo,89,NC-17,1500000,1773625,5.8,276410
1874,Onibaba,12-09-1964,Kaneto Shindo,Toho Co.,Japan,Supernatural|Found Footage,90,PG,35000000,,6.4,91543
2299,The Omen,26-10-1976,Richard Donner,20th Century Fox,USA ,Vampire,144,PG,3000000,$5923606,8.9,464708
3184,Jacob's Ladder,4/13/1990,Adrian Lyne,TriStar Pictures,us,Vampire,107 min,Not Rated,$120000,$1088354,5.5,339658
2204,The Texas Chain Saw Massacre,1974-12-08,Tobe Hooper,Bryanston Pictures,United States,Supernatural,101 min,PG-13,"$3,000,000","$13,374,047",7.9,127801
4493,train to busan,03/14/2016,Yeon Sang-ho,Next Entertainment World,S. Korea,Giallo,2h 45m,,"$1,500,000",18027397,6.7,17149
1611,House on Haunted Hill,1959/12/14,William Castle,Allied Artists,U.S.A.,Cosmic Horror,2h 12m,PG-13,"$300,000","$4,138,573",6.0,26522
2712,AN AMERICAN WEREWOLF IN LONDON,1981/07/19,John Landis,UNIVERSAL,England,Cosmic Horror,89 min,Unrated,"$50,000",USD 400014,8.8,355713
1968,Kill Baby Kill,21-11-1966,Mario Bava,FUL Films,Italy,Vampire,72,,USD 6000000,"49,406,007",6.1,316010
2686,The Evil Dead,20-05-1981,Sam Raimi,New Line,USA ,Supernatural,114,NC-17,"$50,000",USD 547550,8.1,316910
4337,  It Follows ,11/13/2014,David Robert Mitchell,Radius-TWC,USA,Found Footage,93,Unrated,1500000,"15,379,273",8.1,340689
2602,The Shining,1980/01/07,Stanley Kubrick,Warner Bros.,United States,Psychological|Supernatural,151 min,Not Rated,"$750,000",2789629,6.8,101473
2357,Eraserhead,1977-12-13,David Lynch,Libra Films,USA,Zombie,149,PG-13,USD 3000000,39909840,8.3,360332
1461,Godzilla,22-06-1954,Ishiro Honda,Toho,JAPAN,Cosmic Horror,2h 40m,PG-13,"$6,000,000",47256128,,391770
2256,  Shivers ,1975/04/18,David Cronenberg,Cinepix,Canada,Cosmic Horror,,PG,"$1,500,000","18,485,513",8.0,2819
3561,pulse,10/13/2001,Kiyoshi Kurosawa,TOHO,JAPAN,Creature Feature|Body Horror,1h 39m,NC-17,"300,000","$190,306",5.2,351002
2381,RABID,6/21/1977,David Cronenberg,Cinepix,CANADA,Splatter,81min,G,$1500000,,7.4,375111
1908,Kwaidan,27-05-1964,Masaki Kobayashi,Toho Co.,Nippon,Comedy Horror|Gothic,,PG-13,,"$403,655",6.6,157855
2805,The Thing,24-07-1982,John Carpenter,Universal  ,us,Folk Horror|Psychological,1h 19m,R,USD 3000000,"21,098,115",8.6,212916
1261,The Wolf Man,1941/02/26,George Waggner,Universal,United States,Psychological,126,Not Rated,"35,000,000","341,406,775",5.4,310048
1433,Creature from the Black Lagoon,03/23/1954,Jack Arnold,UNIVERSAL,United States,Psychological|Cosmic Horror,1h 20m,PG,"$10,000,000","$131,198,528",,251786
2427,House,1977/01/27,Nobuhiko Obayashi,Toho,Nippon,Creature Feature,2h 37m,Not Rated,120000,USD 385505,8.3,149113
3214,The Silence of the Lambs,3/11/1991,Jonathan Demme,Orion Pictures,us,Supernatural|Kaiju,141,NC-17,,197214540,8.3,239658
1515,The Curse of Frankenstein,25-01-1957,Terence Fisher,Hammer Films,U.K.,Werewolf|Vampire,,PG-13,USD 10000000,"139,128,163",6.5,89593
1290,Cat People,07/06/1942,Jacques Tourneur,RKO Radio Pictures,USA ,Werewolf|Creature Feature,74 min,Not Rated,$300000,,6.8,241904
2999,phenomena,08/04/1985,Dario Argento,DACFILM Rome,Italy,Comedy Horror,130,PG-13,6000000,,9.1,125653
3860,Wolf Creek,2005-08-17,Greg McLean,Roadshow,Australia,Vampire,110,G,6000000,"$46,531,729",7.5,225260
1043,The Phantom of the Opera,1925/04/07,Rupert Julian,Universal Pictures,USA,Splatter|Haunted House,154 min,NC-17,USD 750000,"4,135,308",6.1,179742
3746,High Tension,07-01-2003,Alexandre Aja,EuropaCorp,france,Zombie|Kaiju,161,G,"1,500,000","12,580,491",4.6,196585
4387,The Witch,23-02-2015,Robert Eggers,A-24,U.S.A.,Haunted House|Body Horror,1h 33m,PG,"$35,000,000","242,985,712",8.2,410347
2180,Don't Look Now,07/17/1973,Nicolas Roeg,Casey Productions,U.K.,Zombie|Found Footage,2h 1m,R,"$3,000,000","$8,311,755",5.4,408122
4773,Midsommar,02/28/2019,Ari Aster,a24,USA,Comedy Horror,93min,G,6000000,"$31,450,041",6.8,52631
4887,Possessor,03/20/2020,Brandon Cronenberg,Neon,Canada,Occult,138,G,"300,000","$667,524",8.1,178821
3639,Ju-on The Grudge,2002/11/12,Takashi Shimizu,Toei,JAPAN,Slasher,113,Unrated,"$120,000","547,265",5.4,25049
3370,The Blair Witch Project,11/7/1999,,Artisan Entertainment,United States,Splatter,118,Unrated,"$300,000","2,812,847",9.0,339053
1481,Invasion of the Body Snatchers,1956/12/25,Don Siegel,Allied Artists,USA ,Gothic,123,R,,"13,594,388",6.5,195577
3298,  Ringu ,1998/11/25,Hideo Nakata,Toho Co.,JAPAN,Psychological,71 min,PG,"20,000,000","8,179,313",4.9,206983
3093,Hellraiser,12/23/1987,Clive Barker,New World Pictures,England,Slasher,98 min,G,"$50,000","269,251",6.8,371401
2667,Cannibal Holocaust,1980-10-24,Ruggero Deodato,United Artists Europa,ITALY,Gothic,126,NC-17,"$120,000",270483,6.4,252947
4001,The Orphanage,8/21/2007,J.A. Bayona,Warner Bros. Pictures,Spain,Creature Feature|Haunted House,145,R,$20000000,$220449652,5.4,337091
1595,House on Haunted Hill,1/3/1959,William Castle,Allied Artists,USA ,Cosmic Horror,132min,,"$300,000","$4,138,573",6.0,149415
2928,Videodrome,5/6/1983,David Cronenberg,Universal  ,Canada,Supernatural,70min,NC-17,,$391950781,7.4,170408
1358,  The Thing from Another World ,07-08-1951,Christian Nyby,RKO Radio Pictures,U.S.A.,Giallo|Creature Feature,81 min,Unrated,50000,$36116,8.5,316694
1074,Dracula,1931/02/20,Tod Browning,Universal,USA ,Found Footage,84 min,R,"$300,000","$471,267",5.6,199757
1513,The Curse of Frankenstein,5/18/1957,Terence Fisher,HAMMER FILMS,U.K.,Werewolf|Vampire,129,PG-13,10000000,"139,128,163",6.5,112758
1839,The Haunting,6/1/1963,,MGM,U.K.,Splatter,90,Unrated,"$1,500,000","10,197,106",7.7,248875
2827,  The Thing ,21-04-1982,John Carpenter,Universal,U.S.A.,Folk Horror|Psychological,79,R,$3000000,"$21,098,115",8.6,221704
3927,THE HOST,2006-06-20,Bong Joon-ho,Showbox,Korea,Slasher,83,NC-17,,33187930,9.0,227785
4626,It,4/6/2017,Andy Muschietti,Warner Bros,USA ,Zombie|Giallo,89 min,NC-17,1500000,"1,773,625",5.8,3687
1882,Onibaba,01/06/1964,Kaneto Shindo,Toho,Japan,Supernatural|Found Footage,90,PG,"$35,000,000",254458145,6.4,82408
4285,  Oculus ,2013/04/28,Mike Flanagan,Blumhouse,USA ,Kaiju|Haunted House,154min,NC-17,"120,000","$1,389,242",5.5,69226
2994,Phenomena,07-02-1985,Dario Argento,DACFILM Rome,ITALY,Comedy Horror,130,PG-13,$6000000,"$9,032,401",9.1,311278
3234,Candyman,15-04-1992,Bernard Rose,TriStar Pictures,us,Comedy Horror|Zombie,78min,PG-13,USD 50000,197869,6.1,279730
2114,The Wicker Man,1973/10/23,Robin Hardy,British Lion Films,U.K.,Zombie,77min,Unrated,"$6,000,000",4977047,5.9,43985
3297,Ringu,1998-09-08,Hideo Nakata,TOHO,Nippon,Psychological,71 min,PG,$20000000,USD 8179313,4.9,189340
4302,The Babadook,2014-06-28,Jennifer Kent,Causeway Films,Australia,Found Footage|Zombie,86,Unrated,,49894496,7.0,66934
4615,  It ,02-06-2017,Andy Muschietti,Warner Bros,U.S.A.,Zombie|Giallo,89,NC-17,,"1,773,625",5.8,252645
5033,Talk to Me,08-12-2022,Danny Philippou,A-24,Australia,Psychological,122,NC-17,"$35,000,000","$386,552,466",7.5,475623
2105,The Wicker Man,02-09-1973,Robin Hardy,British Lion Films,England,Zombie,77min,Unrated,"6,000,000",4977047,5.9,158982
3780,SAW,01/08/2004,James Wan,Lions Gate,us,Occult,,Not Rated,"$10,000,000","$126,782,523",6.1,258569
3291,Ringu,07/08/1998,Hideo Nakata,Toho Co.,Nippon,Psychological,,PG,$20000000,USD 8179313,4.9,256368
1272,Cat People,1942-01-27,Jacques Tourneur,RKO Radio Pictures,USA ,Werewolf|Creature Feature,74 min,Not Rated,"$300,000",USD 927054,6.8,115414
5019,Pearl,2/24/2022,Ti West,a24,USA ,Cosmic Horror,2h 24m,G,"$3,000,000","$36,671,785",7.5,360344
5092,Infinity Pool,11/16/2023,Brandon Cronenberg,neon,Canada,Cosmic Horror,118,PG-13,"$35,000,000",98151327,6.4,176799
1250,The Wolf Man,1941-08-24,George Waggner,Universal  ,U.S.A.,Psychological,126 min,Not Rated,,"$341,406,775",5.4,161802
4488,Train to Busan,2016/04/24,,Next Entertainment World,Korea,Giallo,165 min,Unrated,"$1,500,000",$18027397,6.7,248664
3413,The Sixth Sense,02-02-1999,M. Night Shyamalan,Buena Vista,U.S.A.,Comedy Horror,157,G,"$300,000",3957945,5.3,346544
3390,The Blair Witch Project,1999/09/11,Daniel Myrick,Artisan Entertainment,us,Splatter,118,Unrated,"300,000","$2,812,847",9.0,146539
1508,The Curse of Frankenstein,1957-04-25,Terence Fisher,Hammer Films,U.K.,Werewolf|Vampire,129,PG-13,$10000000,,6.5,381823
4825,Parasite,05/12/2019,Bong Joon-ho,CJ Entertainment,South Korea,Folk Horror,81,,,"$469,037",6.5,71358
2355,Eraserhead,20-04-1977,David Lynch,Libra Films,U.S.A.,Zombie,149 min,PG-13,$3000000,"$39,909,840",8.3,49663
4282,Oculus,2013/09/02,Mike Flanagan,Blumhouse Productions,us,Kaiju|Haunted House,154,NC-17,120000,1389242,5.5,250403
5292,Possessor,1/10/2020,Brandon Cronenberg,NEON,canada,Occult,138,G,,$667524,8.1,4039
1840,The Haunting,12/24/1963,Robert Wise,MGM,United Kingdom,Splatter,90min,Unrated,"$1,500,000",10197106,7.7,212483
2402,rabid,21-03-1977,David Cronenberg,Cinepix,CANADA,Splatter,81,G,,"$693,556",7.4,269515
1336,The Uninvited,1944/08/25,Lewis Allen,Paramount,U.S.A.,Found Footage,125 min,Unrated,50000,$55760,8.7,43051
2074,Witchfinder General,17-08-1968,Michael Reeves,Tigon,U.K.,Giallo,153,Unrated,10000000,"$136,636,027",8.5,270127
1796,The Birds,1963-05-09,Alfred Hitchcock,Universal Pictures,USA,Slasher|Psychological,106min,PG-13,"$3,000,000","$34,881,029",5.2,36345
1229,The Wolf Man,1941/12/28,George Waggner,universal,USA ,Psychological,126 min,Not Rated,35000000,"$341,406,775",5.4,211821
4989,Barbarian,12/7/2022,Zach Cregger,20th Century Studios,United States,Cosmic Horror|Giallo,118min,R,$3000000,,7.6,333671
2135,the exorcist,1973-09-11,William Friedkin,WARNER BROS.,us,Haunted House|Vampire,,PG,,,7.9,448266
3032,Re-Animator,1985/05/08,Stuart Gordon,Empire Pictures,us,Body Horror,140,Unrated,$120000,"$1,181,119",9.0,240419
4449,Green Room,25-06-2015,Jeremy Saulnier,a24,U.S.A.,Body Horror,94,G,,,9.0,95795
4375,Goodnight Mommy,25-11-2014,Veronika Franz,Ulrich Seidl Film,Austria,Giallo,1h 15m,G,300000,"$165,609",6.1,460553
2919,City of the Living Dead,1980-02-23,Lucio Fulci,Dania Film,ITALY,Psychological,102,G,3000000,"$6,159,368",8.8,170140
3660,Dark Water,09/08/2002,Hideo Nakata,toho,Nippon,Comedy Horror,157min,R,USD 750000,,5.4,229114
1507,The Curse of Frankenstein,15-05-1957,Terence Fisher,Hammer,England,Werewolf|Vampire,,PG-13,"$10,000,000",$139128163,6.5,126447
5311,DON'T LOOK NOW,1973/12/20,Nicolas Roeg,Casey Productions,England,Zombie|Found Footage,121min,R,"$3,000,000",$8311755,5.4,159047
2231,  Deep Red ,05/09/1975,Dario Argento,Rizzoli Film,Italy,Supernatural,112,Not Rated,"$10,000,000",,8.9,5130
5175,The Substance,04/13/2024,Coralie Fargeat,Mubi,FRANCE,Psychological,75,NC-17,"50,000",,8.3,232870
3042,Re-Animator,1985/10/21,Stuart Gordon,Empire Pictures,us,Body Horror,140 min,Unrated,$120000,1181119,9.0,318532
2452,Halloween,1978/09/02,John Carpenter,Compass International,USA,Supernatural,164 min,PG-13,"10,000,000","129,695,880",6.8,96801
4400,The Witch,2015/01/27,Robert Eggers,A-24,us,Haunted House|Body Horror,93,,35000000,$242985712,8.2,208161
4877,Possessor,01-01-2020,Brandon Cronenberg,Neon,CANADA,Occult,138 min,G,,"667,524",8.1,448009
5339,The Sixth Sense,08/22/1999,M. Night Shyamalan,Buena Vista,United States,Comedy Horror,2h 37m,G,,"3,957,945",5.3,234918
2985,A NIGHTMARE ON ELM STREET,11/12/1984,Wes Craven,new line cinema,United States,Werewolf,117,Not Rated,"1,500,000","$10,311,433",5.9,434307
2201,The Texas Chain Saw Massacre,8/27/1974,Tobe Hooper,Bryanston Pictures,U.S.A.,Supernatural,101,PG-13,3000000,"$13,374,047",7.9,249777
4543,The Autopsy of Jane Doe,2016-07-20,Andre Ovredal,IFC Midnight,U.K.,Psychological|Giallo,102min,R,"120,000","$757,476",8.7,184678
2010,Rosemary's Baby,9/20/1968,Roman Polanski,Paramount Pictures,us,Giallo,137,PG,20000000,7001250,6.7,213735
3727,High Tension,2003-09-19,Alexandre Aja,EuropaCorp,france,Zombie|Kaiju,2h 41m,G,$1500000,,4.6,135367
2965,A Nightmare on Elm Street,11/03/1984,Wes Craven,New Line,U.S.A.,Werewolf,117,Not Rated,,$10311433,5.9,343765
2665,Cannibal Holocaust,1980/11/28,Ruggero Deodato,United Artists Europa,Italy,Gothic,126,NC-17,"$120,000",270483,,161922
1600,House on Haunted Hill,7/14/1959,William Castle,Allied Artists,USA,Cosmic Horror,132,PG-13,"$300,000","$4,138,573",6.0,316195
2295,THE OMEN,1976-01-04,Richard Donner,20th Century Fox,U.S.A.,Vampire,144,PG,"3,000,000",USD 5923606,8.9,171702
1023,nosferatu,02/21/1922,F.W. Murnau,Prana Film,Germany,Kaiju,1h 36m,Unrated,$35000000,$186704614,5.9,131405
4381,Goodnight Mommy,2014-07-03,Veronika Franz,Ulrich Seidl Film,Austria,Giallo,75 min,G,"$300,000","$165,609",6.1,178467
3942,Inside,2007/01/19,Alexandre Bustillo,La Fabrique de Films,France,Gothic,100 min,Unrated,35000000,$435166860,8.3,539
2094,The Wicker Man,1973/02/25,,British Lion Films,U.K.,Zombie,77,Unrated,USD 6000000,"4,977,047",5.9,110523
4179,Insidious,07/04/2010,James Wan,Blumhouse,us,Kaiju,122min,Not Rated,"$300,000",$636169,5.8,286214
2991,Phenomena,7/15/1985,Dario Argento,DACFILM Rome,ITALY,Comedy Horror,130,PG-13,"$6,000,000","$9,032,401",9.1,362422
4384,The Witch,07/25/2015,Robert Eggers,A-24,U.S.A.,Haunted House|Body Horror,93 min,PG,"$35,000,000",,8.2,14932
2666,Cannibal Holocaust,03/01/1980,Ruggero Deodato,United Artists Europa,ITALY,Gothic,126 min,NC-17,120000,,6.4,319339
1555,Horror of Dracula,1958-09-17,Terence Fisher,hammer films,England,Found Footage,117 min,R,"$10,000,000","99,981,464",8.6,420964
3542,  The Others ,2001/07/18,Alejandro Amenabar,warner bros.,Spain,Splatter,160min,G,$10000000,"55,008,994",8.7,343832
4438,GREEN ROOM,7/4/2015,Jeremy Saulnier,a24,us,Body Horror,1h 34m,G,$750000,"$9,129,839",9.0,396770
4135,Trick 'r Treat,2007/09/18,Michael Dougherty,warner bros.,USA ,Slasher,161min,R,20000000,"$87,142,789",5.1,320524
4223,Sinister,2012/05/20,Scott Derrickson,BlumHouse,U.S.A.,Found Footage|Zombie,78 min,PG-13,6000000,66545124,5.4,347532
3760,Shaun of the Dead,2004/03/13,,Universal Pictures,United Kingdom,Cosmic Horror,74,PG-13,10000000,"$73,150,220",8.6,271726
2227,Deep Red,1975/02/15,Dario Argento,Rizzoli Film,italy,Supernatural,112,Not Rated,,"$14,234,893",,157375
3934,Inside,3/9/2007,Alexandre Bustillo,La Fabrique de Films,france,Gothic,100,Unrated,"35,000,000","$435,166,860",8.3,440162
2918,City of the Living Dead,1980/09/01,Lucio Fulci,Dania Film,ITALY,Psychological,102 min,G,,USD 6159368,8.8,416151
4072,let the right one in,07/25/2008,Tomas Alfredson,Sandrew Metronome,Sweden,Occult,162,Unrated,"$50,000","$249,436",5.9,32854
4893,Titane,2021/11/17,Julia Ducournau,neon,France,Werewolf,98,PG-13,,USD 191227230,,242346
4092,Martyrs,11/4/2008,Pascal Laugier,Wild Bunch,France,Psychological,116 min,G,"20,000,000",,5.1,280415
4730,Suspiria,2018/04/17,Luca Guadagnino,Amazon Studios,ITALY,Folk Horror|Splatter,154min,PG,300000,3561660,8.6,64592
2676,The Evil Dead,28-09-1981,Sam Raimi,New Line,us,Supernatural,114min,NC-17,$50000,"$547,550",8.1,316466
3646,Ju-on The Grudge,04-09-2002,Takashi Shimizu,Toei,JAPAN,Slasher,1h 53m,Unrated,"$120,000",,5.4,380453
4854,  Saint Maud ,10/23/2019,Rose Glass,A24,U.K.,Folk Horror|Supernatural,101min,NC-17,"$3,000,000",9179482,8.4,66291
1877,onibaba,9/9/1964,,TOHO,JAPAN,Supernatural|Found Footage,90min,PG,35000000,"$254,458,145",6.4,181086
4457,  The Wailing ,11/5/2016,Na Hong-jin,20th Century Fox Korea,South Korea,Found Footage,,Not Rated,750000,"$6,632,236",7.6,404442
3678,Dark Water,2002-06-22,Hideo Nakata,TOHO,Nippon,Comedy Horror,157 min,R,750000,8030796,5.4,252380
1971,KILL BABY KILL,9/22/1966,Mario Bava,FUL Films,ITALY,Vampire,1h 12m,Unrated,"$6,000,000",49406007,6.1,92974
1751,The Innocents,1961-11-13,Jack Clayton,20th Century Fox,United Kingdom,Splatter,122,NC-17,USD 1500000,USD 19063753,7.0,70652
3080,Hellraiser,4/19/1987,Clive Barker,New World Pictures,United Kingdom,Slasher,,G,$50000,"$269,251",6.8,274862
3224,Candyman,1992/01/22,Bernard Rose,TriStar Pictures,U.S.A.,Comedy Horror|Zombie,78,PG-13,USD 50000,"197,869",6.1,254052
3161,TETSUO THE IRON MAN,11/20/1989,Shinya Tsukamoto,Kaijyu Theater,Japan,Vampire,2h 45m,PG-13,"$20,000,000","255,667,125",6.4,245473
2513,Alien,05-05-1979,Ridley Scott,20th Century Fox,England,Occult|Creature Feature,116,G,10000000,"$15,461,470",6.4,77667
2077,Witchfinder General,1968-07-28,Michael Reeves,Tigon,England,Giallo,153min,Unrated,"10,000,000","$136,636,027",,272711
3625,Ju-on The Grudge,05/07/2002,Takashi Shimizu,Toei,Nippon,Slasher,,Unrated,"$120,000","547,265",,352580
2536,Zombie Flesh Eaters,8/5/1979,Lucio Fulci,Variety Film,Italy,Vampire,,PG,"$20,000,000","$61,567,279",8.7,421443
4696,  Hereditary ,2018/10/24,Ari Aster,a24,United States,Zombie,118min,NC-17,$300000,$3726295,7.1,205105
1378,The Thing from Another World,10/25/1951,Christian Nyby,RKO Radio Pictures,USA ,Giallo|Creature Feature,81min,Unrated,USD 50000,"$36,116",8.5,251818
4480,The Wailing,2016/10/24,Na Hong-jin,20th Century Fox Korea,S. Korea,Found Footage,150,Not Rated,,"$6,632,236",7.6,149876
3203,The Silence of the Lambs,1991-03-07,Jonathan Demme,Orion Pictures,us,Supernatural|Kaiju,141,NC-17,$20000000,197214540,8.3,27097
2709,An American Werewolf in London,1981-05-10,John Landis,Universal  ,England,Cosmic Horror,1h 29m,,"50,000",$400014,8.8,32090
4239,The Conjuring,2013/06/12,James Wan,Warner Bros,us,Werewolf,1h 31m,Unrated,"$50,000",75128,9.0,301310
4343,IT FOLLOWS,1/15/2014,David Robert Mitchell,Radius-TWC,us,Found Footage,93,Unrated,$1500000,"$15,379,273",8.1,334455
3954,Inside,2007/02/05,Alexandre Bustillo,La Fabrique de Films,FRANCE,Gothic,100min,Unrated,"$35,000,000","$435,166,860",8.3,263771
3819,The Descent,10/10/2005,Neil Marshall,Pathe,U.K.,Splatter,73,PG,"1,500,000",18020687,6.5,42415
1664,Black Sunday,18-10-1960,Mario Bava,Galatea Film,italy,Supernatural|Psychological,1h 53m,NC-17,"$50,000",,,344589
4005,The Orphanage,3/26/2007,J.A. Bayona,Warner Bros. Pictures,Spain,Creature Feature|Haunted House,145,R,"20,000,000",$220449652,5.4,163685
5181,The Substance,06-06-2024,Coralie Fargeat,Mubi,france,Psychological,75,NC-17,,101442,8.3,247895
4556,The Autopsy of Jane Doe,10-05-2016,Andre Ovredal,IFC Midnight,U.K.,Psychological|Giallo,102min,R,"120,000","$757,476",8.7,292894
3457,Session 9,2001-11-08,Brad Anderson,USA Films,U.S.A.,Comedy Horror,71,Not Rated,"$3,000,000","41,390,468",6.7,401126
3101,Hellraiser,1987/07/21,Clive Barker,New World Pictures,United Kingdom,Slasher,98min,G,"$50,000",269251,6.8,417743
2782,Possession,1981/06/08,Andrzej Zulawski,Gaumont,France,Vampire,162,R,"$35,000,000",$252848869,,438468
4557,The Autopsy of Jane Doe,16-01-2016,Andre Ovredal,IFC Midnight,United Kingdom,Psychological|Giallo,102min,R,$120000,"757,476",8.7,366135
4043,PARANORMAL ACTIVITY,2007/01/08,Oren Peli,BlumHouse,us,Giallo,73 min,R,"$10,000,000","$19,874,391",7.0,418287
1858,Blood and Black Lace,1964/09/19,Mario Bava,Emmepi Cinematografica,ITALY,Gothic|Giallo,,,120000,"$215,381",8.4,223189
2081,WITCHFINDER GENERAL,08/03/1968,Michael Reeves,Tigon,England,Giallo,153,Unrated,$10000000,136636027,8.5,25118
4778,Midsommar,07/22/2019,Ari Aster,A24,United States,Comedy Horror,93,G,"6,000,000",USD 31450041,6.8,36565
4944,X,2022-01-06,Ti West,a24,us,Splatter,126min,NC-17,"$20,000,000",253893251,7.9,268560
1363,The Thing from Another World,1951-10-03,Christian Nyby,RKO Radio Pictures,United States,Giallo|Creature Feature,81,Unrated,"$50,000","$36,116",8.5,132686
1353,The Thing from Another World,3/5/1951,Christian Nyby,RKO Radio Pictures,USA,Giallo|Creature Feature,81,Unrated,"50,000",36116,8.5,254776
2086,Witchfinder General,1968-03-28,Michael Reeves,Tigon,England,Giallo,153,Unrated,"$10,000,000","136,636,027",8.5,204441
3227,Candyman,4/21/1992,Bernard Rose,TriStar Pictures,USA,Comedy Horror|Zombie,78 min,PG-13,"50,000","$197,869",6.1,384314
1506,The Curse of Frankenstein,1957-07-25,Terence Fisher,Hammer,United Kingdom,Werewolf|Vampire,129,PG-13,"$10,000,000",$139128163,6.5,359944
1997,Kill Baby Kill,1966/11/19,Mario Bava,FUL Films,Italy,Vampire,72,Unrated,$6000000,"$49,406,007",6.1,357338
4083,Martyrs,08-02-2008,Pascal Laugier,Wild Bunch,FRANCE,Psychological,116min,G,20000000,,5.1,255046
3554,Pulse,2001/05/27,Kiyoshi Kurosawa,Toho,Nippon,Creature Feature|Body Horror,99min,NC-17,"$300,000",190306,5.2,91567
2254,SHIVERS,12/22/1975,David Cronenberg,Cinepix,CANADA,Cosmic Horror,125,PG,"1,500,000",18485513,8.0,401831
3215,The Silence of the Lambs,05-04-1991,Jonathan Demme,Orion Pictures,United States,Supernatural|Kaiju,2h 21m,NC-17,20000000,"$197,214,540",8.3,238052
2080,Witchfinder General,4/5/1968,Michael Reeves,Tigon,United Kingdom,Giallo,2h 33m,Unrated,"10,000,000",136636027,8.5,52703
2350,Suspiria,1977-02-21,Dario Argento,Seda Spettacoli,Italy,Occult,145,,"$35,000,000",113427337,,24375
3006,Phenomena,1985-08-22,Dario Argento,DACFILM Rome,Italy,Comedy Horror,130,PG-13,"$6,000,000","9,032,401",9.1,363476
2247,Shivers,09/21/1975,David Cronenberg,Cinepix,Canada,Cosmic Horror,125,PG,"$1,500,000",USD 18485513,8.0,181094
3989,The Orphanage,2007/06/19,J.A. Bayona,Warner Bros. Pictures,Spain,Creature Feature|Haunted House,145min,R,,USD 220449652,5.4,181464
1318,I Walked with a Zombie,03/05/1943,Jacques Tourneur,RKO Radio Pictures,us,Found Footage,144,R,$300000,,8.9,52831
3307,Ringu,1998-10-16,Hideo Nakata,Toho,JAPAN,Psychological,71 min,PG,$20000000,,4.9,168523
3739,High Tension,27-07-2003,Alexandre Aja,EuropaCorp,france,Zombie|Kaiju,161,G,USD 1500000,12580491,4.6,105636
1434,creature from the black lagoon,1954-01-24,Jack Arnold,Universal  ,us,Psychological|Cosmic Horror,80 min,PG,,"131,198,528",4.7,56996
2330,Suspiria,15-03-1977,Dario Argento,Seda Spettacoli,Italy,Occult,145min,,$35000000,113427337,8.9,82202
4875,Possessor,10/14/2020,Brandon Cronenberg,NEON,Canada,Occult,2h 18m,G,USD 300000,,8.1,15784
3096,Hellraiser,2/21/1987,Clive Barker,New World Pictures,United Kingdom,Slasher,98,G,"$50,000",$269251,6.8,136957
5203,Longlegs,2024/04/25,Osgood Perkins,neon,USA,Gothic,160,NC-17,10000000,,6.0,304822
3249,Candyman,07/17/1992,Bernard Rose,TriStar Pictures,USA,Comedy Horror|Zombie,78,PG-13,$50000,"$197,869",6.1,87271
4623,It,1/12/2017,Andy Muschietti,WARNER BROS.,USA ,Zombie|Giallo,89,NC-17,"$1,500,000",,5.8,61588
4188,THE CABIN IN THE WOODS,10/28/2011,Drew Goddard,Lionsgate,USA ,Body Horror,107,Not Rated,35000000,$16820487,7.4,321038
4699,Suspiria,2018-05-03,Luca Guadagnino,Amazon Studios,italy,Folk Horror|Splatter,154,PG,300000,,8.6,171216
3071,The Fly,1986-03-25,David Cronenberg,20th Century Fox,United States,Cosmic Horror,104,,USD 35000000,$407590945,7.8,26416
4550,The Autopsy of Jane Doe,01/21/2016,Andre Ovredal,IFC Midnight,UK,Psychological|Giallo,,R,USD 120000,757476,8.7,370101
1136,Freaks,1/19/1932,Tod Browning,MGM,United States,Cosmic Horror,72,Unrated,6000000,5451081,4.6,219954
3272,Cronos,12/7/1993,Guillermo del Toro,October Films,Mexico,Werewolf|Body Horror,71min,R,120000,"$200,544",5.0,476807
1815,The Birds,22-06-1963,Alfred Hitchcock,universal,United States,Slasher|Psychological,106 min,PG-13,3000000,,5.2,26713
1389,House of Wax,05/14/1953,Andre de Toth,Warner Bros.,United States,Kaiju|Gothic,72,G,USD 10000000,"$90,384,239",8.2,231729
4588,Get Out,27-10-2017,Jordan Peele,BlumHouse,U.S.A.,Comedy Horror,111,Unrated,,"$1,256,432",7.9,175765
2886,The Beyond,1981/06/01,Lucio Fulci,Fulvia Film,italy,Gothic,160,Not Rated,"$3,000,000",$32305279,7.1,215984
2319,Suspiria,08/01/1977,Dario Argento,Seda Spettacoli,italy,Occult,145 min,Unrated,"$35,000,000","$113,427,337",8.9,404606
2972,A NIGHTMARE ON ELM STREET,1984-07-13,Wes Craven,New Line,us,Werewolf,117,Not Rated,"1,500,000",10311433,5.9,209590
2642,The Fog,01/20/1980,John Carpenter,Avco Embassy,USA ,Vampire,102,NC-17,USD 1500000,"$3,085,118",4.7,407153
1943,Repulsion,1965-06-14,Roman Polanski,Compton Films,England,Cosmic Horror|Supernatural,142,,$300000,$4103145,7.3,392923
5205,Longlegs,24-04-2024,Osgood Perkins,NEON,U.S.A.,Gothic,2h 40m,NC-17,"$10,000,000","54,792,293",6.0,238024
4441,Green Room,10/12/2015,Jeremy Saulnier,A24,U.S.A.,Body Horror,94,G,750000,"9,129,839",9.0,283463
1315,I Walked with a Zombie,1943-03-18,Jacques Tourneur,RKO Radio Pictures,U.S.A.,Found Footage,144min,R,"300,000","2,896,340",8.9,2288
3066,The Fly,1986-12-03,David Cronenberg,20th Century Fox,USA ,Cosmic Horror,104,R,"$35,000,000",407590945,7.8,103433
2724,an american werewolf in london,14-08-1981,John Landis,UNIVERSAL,United Kingdom,Cosmic Horror,89 min,Unrated,50000,,8.8,119273
2619,The Shining,1980/02/18,Stanley Kubrick,Warner Bros,United States,Psychological|Supernatural,2h 31m,Not Rated,,"2,789,629",6.8,78536
2415,HOUSE,6/24/1977,Nobuhiko Obayashi,TOHO,Japan,Creature Feature,157,Not Rated,"$120,000",$385505,8.3,337219
2961,A Nightmare on Elm Street,09/13/1984,Wes Craven,new line cinema,United States,Werewolf,117min,Not Rated,"$1,500,000","$10,311,433",5.9,332189
2770,Scanners,1981-05-08,David Cronenberg,Avco Embassy,CANADA,Found Footage,2h 10m,PG,USD 35000000,$325820643,8.9,327025
4234,The Conjuring,2013-02-16,James Wan,Warner Bros,us,Werewolf,91,Unrated,$50000,$75128,9.0,272557
1671,Black Sunday,1/7/1960,Mario Bava,Galatea Film,ITALY,Supernatural|Psychological,113,NC-17,USD 50000,"$426,793",6.5,78151
5145,  Late Night with the Devil ,2023/06/15,Colin Cairnes,IFC Films,Australia,Psychological,70,NC-17,6000000,"$44,680,381",8.2,313444
2739,An American Werewolf in London,28-07-1981,John Landis,Universal Pictures,England,Cosmic Horror,89 min,Unrated,"$50,000",USD 400014,8.8,61275
1786,Carnival of Souls,1962/06/24,Herk Harvey,Herts-Lion International,United States,Body Horror,100 min,,"20,000,000",$22553699,8.7,395973
4477,the wailing,26-04-2016,Na Hong-jin,20th Century Fox Korea,S. Korea,Found Footage,150,Not Rated,"750,000","$6,632,236",7.6,468465
2408,House,1977-09-09,Nobuhiko Obayashi,Toho Co.,JAPAN,Creature Feature,157,Not Rated,$120000,"$385,505",8.3,28826
2425,House,11/18/1977,Nobuhiko Obayashi,TOHO,Japan,Creature Feature,157 min,Not Rated,,USD 385505,8.3,155953
4534,  Raw ,02/21/2016,Julia Ducournau,Wild Bunch,FRANCE,Folk Horror|Cosmic Horror,2h 36m,R,$300000,"$2,396,256",8.5,140559
4153,Trick 'r Treat,2007-05-26,Michael Dougherty,warner bros.,U.S.A.,Slasher,161,R,USD 20000000,"87,142,789",5.1,303402
1746,The Innocents,11-08-1961,Jack Clayton,20th Century Fox,United Kingdom,Splatter,122,NC-17,USD 1500000,"19,063,753",7.0,454603
3439,Battle Royale,01/20/2000,Kinji Fukasaku,Toei,Japan,Found Footage,105,,"$1,500,000",USD 10261807,7.7,91913
4721,Suspiria,10-04-2018,Luca Guadagnino,Amazon Studios,Italy,Folk Horror|Splatter,,PG,$300000,,8.6,26490
3611,28 Days Later,16-07-2002,Danny Boyle,Fox Searchlight,UK,Folk Horror,,R,"$6,000,000",25855318,8.7,357066
4178,Insidious,2010/01/25,James Wan,BlumHouse,U.S.A.,Kaiju,122,Not Rated,"300,000","$636,169",5.8,348567
1954,Repulsion,24-07-1965,Roman Polanski,Compton Films,England,Cosmic Horror|Supernatural,142,,USD 300000,4103145,7.3,315389
5324,Frankenstein,2/7/1931,James Whale,universal,USA,Supernatural|Slasher,117,NC-17,750000,$1599134,6.4,398297
1754,The Innocents,7/22/1961,Jack Clayton,20th Century Fox,United Kingdom,Splatter,122,NC-17,"$1,500,000","19,063,753",7.0,197592
2973,A Nightmare on Elm Street,23-03-1984,Wes Craven,New Line Cinema,United States,Werewolf,,Not Rated,"$1,500,000",10311433,5.9,188081
5077,Skinamarink,2022/10/12,Kyle Edward Ball,IFC Midnight,CANADA,Splatter,161,G,"$1,500,000","11,408,908",5.1,387477
1181,The Invisible Man,2/12/1933,James Whale,Universal  ,USA,Vampire,,Not Rated,"$20,000,000",$208181238,5.8,479106
1040,  The Phantom of the Opera ,4/14/1925,Rupert Julian,Universal,us,Splatter|Haunted House,154,NC-17,$750000,"$4,135,308",6.1,116870
4256,The Conjuring,3/26/2013,James Wan,Warner Bros.,USA ,Werewolf,91 min,Unrated,"$50,000",$75128,9.0,40422
1740,Peeping Tom,05/14/1960,Michael Powell,Anglo-Amalgamated,England,Werewolf,96min,PG,,"$16,521,182",8.0,251832
3606,28 Days Later,2002-02-26,Danny Boyle,Fox Searchlight,England,Folk Horror,,R,USD 6000000,25855318,8.7,446324
3021,Re-Animator,1985-02-24,Stuart Gordon,Empire Pictures,United States,Body Horror,140,Unrated,$120000,1181119,9.0,276180
1657,black sunday,11/23/1960,Mario Bava,Galatea Film,italy,Supernatural|Psychological,113 min,NC-17,50000,,,36049
2701,The Evil Dead,09-10-1981,Sam Raimi,new line cinema,USA ,Supernatural,114 min,NC-17,"$50,000",547550,8.1,86458
4316,The Babadook,2014/04/27,Jennifer Kent,Causeway Films,Australia,Found Footage|Zombie,86min,Unrated,"$6,000,000","49,894,496",7.0,216745
1344,THE UNINVITED,1944-09-02,Lewis Allen,Paramount,us,Found Footage,125,Unrated,"50,000",$55760,8.7,339300
5066,skinamarink,5/5/2022,Kyle Edward Ball,IFC Midnight,canada,Splatter,161 min,G,"$1,500,000","11,408,908",5.1,287302
1466,Godzilla,1954-09-10,Ishiro Honda,Toho Co.,Japan,Cosmic Horror,2h 40m,PG-13,USD 6000000,"47,256,128",7.4,52688
2048,Night of the Living Dead,1968-11-01,George Romero,Image Ten,U.S.A.,Zombie,108,G,"1,500,000",$19103735,8.1,446764
3250,Candyman,1992/01/22,Bernard Rose,TriStar Pictures,USA ,Comedy Horror|Zombie,1h 18m,PG-13,USD 50000,197869,6.1,369381
1530,Horror of Dracula,13-11-1958,Terence Fisher,hammer films,U.K.,Found Footage,117,R,$10000000,USD 99981464,8.6,414846
2387,Rabid,8/19/1977,David Cronenberg,Cinepix,CANADA,Splatter,81,G,1500000,$693556,7.4,180708
4520,raw,2016/03/11,Julia Ducournau,Wild Bunch,france,Folk Horror|Cosmic Horror,156min,R,"300,000",USD 2396256,8.5,6395
3730,High Tension,2003-01-17,Alexandre Aja,EuropaCorp,france,Zombie|Kaiju,161 min,G,"$1,500,000",USD 12580491,4.6,162537
4028,Paranormal Activity,04-08-2007,Oren Peli,Blumhouse Productions,us,Giallo,73,R,"10,000,000","$19,874,391",7.0,47285
4507,TRAIN TO BUSAN,2016/09/21,Yeon Sang-ho,Next Entertainment World,Korea,Giallo,165,Unrated,"$1,500,000",18027397,6.7,57270
5317,Talk to Me,09-04-2022,Danny Philippou,A24,Australia,Psychological,122,NC-17,$35000000,USD 386552466,7.5,286891
2888,The Beyond,14-03-1981,Lucio Fulci,Fulvia Film,italy,Gothic,160,Not Rated,3000000,$32305279,,284618
1405,House of Wax,1953/08/06,Andre de Toth,WARNER BROS.,USA,Kaiju|Gothic,1h 12m,G,"$10,000,000","$90,384,239",8.2,299709
2101,  The Wicker Man ,6/19/1973,Robin Hardy,British Lion Films,England,Zombie,1h 17m,,"$6,000,000",$4977047,5.9,360054
3887,Pan's Labyrinth,10/23/2006,Guillermo del Toro,Warner Bros. Pictures,Spain,Folk Horror,91,Unrated,300000,"806,854",4.6,104886
1125,Freaks,7/20/1932,Tod Browning,MGM,USA,Cosmic Horror,72,Unrated,6000000,5451081,4.6,408903
2864,  Poltergeist ,03-07-1982,Tobe Hooper,MGM,USA,Cosmic Horror|Gothic,2h 31m,PG,"$10,000,000",,9.0,456506
2684,The Evil Dead,9/12/1981,Sam Raimi,New Line Cinema,U.S.A.,Supernatural,114 min,,"50,000","$547,550",8.1,64938
3063,The Fly,3/26/1986,David Cronenberg,20th Century Fox,USA ,Cosmic Horror,104,R,"35,000,000",407590945,7.8,211620
4368,Goodnight Mommy,25-03-2014,Veronika Franz,Ulrich Seidl Film,Austria,Giallo,75 min,G,"$300,000",,6.1,384247
4031,  Paranormal Activity ,2007-10-04,Oren Peli,Blumhouse,United States,Giallo,73,R,"10,000,000",,7.0,431228
4238,The Conjuring,04/01/2013,James Wan,WARNER BROS.,U.S.A.,Werewolf,91,Unrated,"$50,000",75128,9.0,221996
2287,Carrie,10/11/1976,Brian De Palma,United Artists,USA,Body Horror,135,PG,$50000,"417,751",8.5,92067
2959,A Nightmare on Elm Street,1984-02-27,Wes Craven,New Line,USA ,Werewolf,117,Not Rated,"1,500,000",USD 10311433,5.9,80347
3500,THE DEVIL'S BACKBONE,04/25/2001,Guillermo del Toro,Warner Sogefilms,Spain,Gothic,117,,,"$555,817",6.6,183170
4453,the wailing,07-05-2016,Na Hong-jin,20th Century Fox Korea,South Korea,Found Footage,150 min,Not Rated,$750000,"$6,632,236",7.6,441657
1326,I Walked with a Zombie,1943-12-06,Jacques Tourneur,RKO Radio Pictures,USA,Found Footage,144,R,"300,000",$2896340,8.9,439009
1881,Onibaba,1964/04/20,Kaneto Shindo,Toho Co.,Nippon,Supernatural|Found Footage,1h 30m,,USD 35000000,"$254,458,145",6.4,316891
4885,Possessor,02/12/2020,Brandon Cronenberg,neon,canada,Occult,138,G,300000,,8.1,251666
2453,Halloween,15-07-1978,John Carpenter,Compass International,USA ,Supernatural,164,PG-13,,"$129,695,880",6.8,246576
1169,  The Mummy ,09/16/1932,Karl Freund,universal,United States,Vampire,140,Unrated,"$10,000,000",,5.7,194449
1887,Onibaba,09-07-1964,Kaneto Shindo,Toho,JAPAN,Supernatural|Found Footage,90 min,PG,"35,000,000","$254,458,145",6.4,32702
2407,  House ,01/12/1977,Nobuhiko Obayashi,Toho Co.,JAPAN,Creature Feature,157,Not Rated,"120,000",USD 385505,8.3,180129
3664,Dark Water,2002/04/08,Hideo Nakata,Toho,Nippon,Comedy Horror,157,R,750000,"$8,030,796",5.4,30500
2267,Carrie,4/9/1976,Brian De Palma,United Artists,USA,Body Horror,,PG,"50,000","$417,751",8.5,330872
2829,the thing,1982-01-01,John Carpenter,Universal  ,us,Folk Horror|Psychological,79 min,R,3000000,$21098115,8.6,97962
1365,The Thing from Another World,7/6/1951,Christian Nyby,RKO Radio Pictures,United States,Giallo|Creature Feature,81min,Unrated,"$50,000",$36116,8.5,348887
2788,Possession,4/5/1981,Andrzej Zulawski,Gaumont,FRANCE,Vampire,2h 42m,R,USD 35000000,"252,848,869",7.3,166064
2880,the beyond,01/11/1981,Lucio Fulci,Fulvia Film,Italy,Gothic,,Not Rated,USD 3000000,"$32,305,279",7.1,43851
2279,Carrie,10/6/1976,Brian De Palma,United Artists,USA,Body Horror,,PG,$50000,417751,8.5,392760
4293,Oculus,15-02-2013,Mike Flanagan,Blumhouse,USA,Kaiju|Haunted House,154 min,NC-17,USD 120000,1389242,5.5,224562
3279,CRONOS,1993-09-03,Guillermo del Toro,October Films,Mexico,Werewolf|Body Horror,71,R,"120,000",$200544,5.0,260001
1871,Blood and Black Lace,3/24/1964,Mario Bava,Emmepi Cinematografica,ITALY,Gothic|Giallo,143min,NC-17,"120,000","215,381",8.4,479549
4780,Midsommar,2019-12-19,Ari Aster,A24,USA,Comedy Horror,93,G,"$6,000,000","31,450,041",6.8,314704
2605,The Shining,7/20/1980,Stanley Kubrick,Warner Bros.,USA,Psychological|Supernatural,151,Not Rated,750000,USD 2789629,6.8,374042
4635,It,2017/10/23,Andy Muschietti,Warner Bros,USA ,Zombie|Giallo,89,NC-17,"1,500,000","1,773,625",5.8,325444
3711,A Tale of Two Sisters,11/10/2003,Kim Jee-woon,Cineclick Asia,S. Korea,Folk Horror,97,PG,3000000,"$26,985,529",9.2,235341
3311,RINGU,1998-03-16,Hideo Nakata,toho,Japan,Psychological,71min,PG,20000000,,4.9,196713
5021,Pearl,17-10-2022,,A24,USA ,Cosmic Horror,144,,3000000,,7.5,393782
1726,Peeping Tom,11/25/1960,Michael Powell,Anglo-Amalgamated,England,Werewolf,96,PG,"$1,500,000",USD 16521182,8.0,137579
4720,Suspiria,11/11/2018,,Amazon Studios,Italy,Folk Horror|Splatter,154,PG,300000,"$3,561,660",8.6,151428
2192,The Texas Chain Saw Massacre,1974-10-13,Tobe Hooper,Bryanston Pictures,USA,Supernatural,101 min,,"3,000,000","13,374,047",7.9,345922
2575,THE BROOD,16-08-1979,David Cronenberg,New World Pictures,Canada,Body Horror|Gothic,87min,,"$10,000,000","$30,655,121",6.1,218656
4067,Let the Right One In,2008/05/26,Tomas Alfredson,Sandrew Metronome,Sweden,Occult,162 min,Unrated,$50000,"$249,436",5.9,24150
2917,City of the Living Dead,1980/09/04,Lucio Fulci,Dania Film,italy,Psychological,102 min,G,$3000000,,8.8,91103
1241,The Wolf Man,1941-10-27,George Waggner,universal,us,Psychological,126,Not Rated,"35,000,000",341406775,,147840
4359,Goodnight Mommy,2014/03/18,Veronika Franz,Ulrich Seidl Film,Austria,Giallo,1h 15m,G,,165609,6.1,124043
1280,Cat People,24-02-1942,Jacques Tourneur,RKO Radio Pictures,United States,Werewolf|Creature Feature,74 min,Not Rated,USD 300000,927054,6.8,453566
1962,Repulsion,5/17/1965,Roman Polanski,Compton Films,United Kingdom,Cosmic Horror|Supernatural,142,PG,"300,000",$4103145,7.3,25956
1985,Kill Baby Kill,11/12/1966,Mario Bava,FUL Films,italy,Vampire,72,Unrated,6000000,49406007,6.1,247560
4570,GET OUT,03/08/2017,Jordan Peele,BlumHouse,USA,Comedy Horror,1h 51m,Unrated,$120000,1256432,7.9,366782
3073,The Fly,1986-10-06,David Cronenberg,20th Century Fox,us,Cosmic Horror,104,R,"35,000,000",,7.8,438421
1696,Eyes Without a Face,8/17/1960,Georges Franju,Champs-Elysees,France,Giallo,2h 0m,Unrated,"$20,000,000","$158,166,156",8.5,216808
4084,Martyrs,7/13/2008,Pascal Laugier,Wild Bunch,france,Psychological,1h 56m,G,,"$87,265,784",5.1,167092
4690,Hereditary,2018-05-28,Ari Aster,A24,United States,Zombie,118 min,NC-17,,,7.1,441516
2562,The Brood,3/19/1979,David Cronenberg,New World Pictures,CANADA,Body Horror|Gothic,87,G,"$10,000,000",30655121,6.1,229980
4932,Malignant,08/02/2021,James Wan,Warner Bros,USA ,Zombie,138,PG-13,"$50,000",,7.5,171193
4943,Malignant,08/02/2021,James Wan,Warner Bros.,us,Zombie,138min,PG-13,"$50,000",,7.5,87258
1307,I Walked with a Zombie,05/03/1943,Jacques Tourneur,RKO Radio Pictures,USA,Found Footage,144min,R,300000,"$2,896,340",8.9,142283
1568,The Blob,1958-10-19,,Paramount Pictures,USA,Supernatural,98,NC-17,"$1,500,000","$20,452,945",6.0,283160
2789,Possession,3/1/1981,Andrzej Zulawski,Gaumont,France,Vampire,2h 42m,R,,"$252,848,869",7.3,74799
4137,trick 'r treat,2007-06-27,Michael Dougherty,Warner Bros.,USA ,Slasher,2h 41m,R,"20,000,000","87,142,789",5.1,45848
3325,Audition,1999-06-20,Takashi Miike,Omega Project,Japan,Psychological|Occult,160,Unrated,"6,000,000",,8.3,255068
4817,Parasite,6/27/2019,Bong Joon-ho,CJ Entertainment,S. Korea,Folk Horror,81,G,"1,500,000",$469037,6.5,380093
3352,Audition,12/14/1999,,Omega Project,Nippon,Psychological|Occult,,Unrated,6000000,"$33,618,699",8.3,268390
2955,A Nightmare on Elm Street,17-08-1984,Wes Craven,new line cinema,us,Werewolf,117,Not Rated,"$1,500,000",10311433,5.9,365642
2371,Eraserhead,1977/02/20,David Lynch,Libra Films,USA,Zombie,149,PG-13,,39909840,8.3,108419
4180,Insidious,09/08/2010,James Wan,BlumHouse,USA,Kaiju,122min,Not Rated,300000,$636169,5.8,282611
4888,Possessor,24-02-2020,Brandon Cronenberg,NEON,CANADA,Occult,138,G,300000,"667,524",8.1,146975
4198,The Cabin in the Woods,2011/12/24,Drew Goddard,Lionsgate,U.S.A.,Body Horror,107,Not Rated,$35000000,"16,820,487",7.4,84200
3168,  Jacob's Ladder ,1990/11/02,Adrian Lyne,TriStar Pictures,United States,Vampire,107min,Not Rated,"$120,000",$1088354,5.5,328014
2118,The Wicker Man,06/15/1973,Robin Hardy,British Lion Films,U.K.,Zombie,77min,Unrated,"$6,000,000",,5.9,124190
5100,Infinity Pool,2023-06-16,Brandon Cronenberg,neon,Canada,Cosmic Horror,118min,PG-13,35000000,"$98,151,327",6.4,211887
4533,Raw,2016/03/08,Julia Ducournau,Wild Bunch,France,Folk Horror|Cosmic Horror,156min,R,"300,000","$2,396,256",,81554
1565,The Blob,7/23/1958,Irvin Yeaworth,Paramount,us,Supernatural,98 min,NC-17,"$1,500,000","$20,452,945",6.0,179741
5110,When Evil Lurks,25-09-2023,Demian Rugna,Shudder,Argentina,Body Horror,2h 26m,PG-13,"750,000",,8.7,478794
5167,The Substance,05/22/2024,Coralie Fargeat,Mubi,FRANCE,Psychological,1h 15m,NC-17,"50,000","$101,442",8.3,460760
3207,The Silence of the Lambs,1991-01-19,Jonathan Demme,Orion Pictures,U.S.A.,Supernatural|Kaiju,141min,NC-17,$20000000,"$197,214,540",8.3,64203
1455,Godzilla,08/08/1954,Ishiro Honda,Toho,Nippon,Cosmic Horror,160min,PG-13,6000000,47256128,7.4,3524
1923,Kwaidan,1964/03/07,Masaki Kobayashi,Toho,JAPAN,Comedy Horror|Gothic,152min,PG-13,"$50,000",403655,6.6,229726
1672,Black Sunday,12/23/1960,Mario Bava,Galatea Film,ITALY,Supernatural|Psychological,113min,NC-17,$50000,USD 426793,6.5,429933
5247,SHAUN OF THE DEAD,2004-07-19,Edgar Wright,UNIVERSAL,UK,Cosmic Horror,74min,PG-13,USD 10000000,73150220,8.6,446052
4272,Oculus,11/4/2013,Mike Flanagan,Blumhouse,us,Kaiju|Haunted House,154min,NC-17,"$120,000","1,389,242",5.5,380965
1158,The Mummy,2/9/1932,Karl Freund,Universal  ,U.S.A.,Vampire,140,Unrated,"$10,000,000",$46257698,5.7,344562
2117,The Wicker Man,1973-11-15,Robin Hardy,British Lion Films,UK,Zombie,77,Unrated,"$6,000,000",,5.9,136248
2100,The Wicker Man,1973/11/22,Robin Hardy,British Lion Films,United Kingdom,Zombie,77 min,Unrated,"6,000,000",4977047,5.9,49855
2708,The Evil Dead,7/1/1981,Sam Raimi,New Line Cinema,USA ,Supernatural,114,NC-17,"$50,000",USD 547550,8.1,214905
4419,Green Room,2015/07/20,,A24,us,Body Horror,94 min,G,"$750,000",9129839,9.0,366244
1793,The Birds,08/05/1963,Alfred Hitchcock,UNIVERSAL,United States,Slasher|Psychological,106,PG-13,$3000000,"$34,881,029",5.2,131993
4040,Paranormal Activity,4/16/2007,Oren Peli,BlumHouse,USA ,Giallo,1h 13m,R,USD 10000000,"$19,874,391",7.0,119058
2582,The Brood,1979/12/11,David Cronenberg,New World Pictures,Canada,Body Horror|Gothic,1h 27m,G,10000000,30655121,6.1,384367
2983,A Nightmare on Elm Street,01/16/1984,Wes Craven,New Line Cinema,United States,Werewolf,117,Not Rated,"1,500,000","$10,311,433",5.9,90528
2346,Suspiria,1977/07/20,Dario Argento,Seda Spettacoli,ITALY,Occult,145min,Unrated,35000000,USD 113427337,8.9,416145
1638,Psycho,1960/01/21,Alfred Hitchcock,Paramount Pictures,USA,Supernatural,162min,PG-13,$120000,,6.9,386048
3769,SHAUN OF THE DEAD,2004-07-19,Edgar Wright,UNIVERSAL,UK,Cosmic Horror,74min,PG-13,USD 10000000,73150220,8.6,446052
5221,Nosferatu,08-09-2024,Robert Eggers,Focus Features,United States,Occult,135,Not Rated,"10,000,000","23,048,052",7.7,467075
4431,GREEN ROOM,2015/09/18,Jeremy Saulnier,A-24,USA ,Body Horror,94,G,750000,"9,129,839",9.0,479483
5227,Nosferatu,10/7/2024,Robert Eggers,Focus Features,USA,Occult,2h 15m,Not Rated,$10000000,23048052,7.7,442572
1586,House on Haunted Hill,3/13/1959,William Castle,Allied Artists,USA,Cosmic Horror,132 min,PG-13,"300,000","$4,138,573",,216194
3283,Ringu,1998-09-15,Hideo Nakata,Toho,Japan,Psychological,1h 11m,PG,$20000000,,4.9,241669
1080,Dracula,1931-06-15,Tod Browning,Universal  ,USA ,Found Footage,84,R,"$300,000",471267,5.6,44298
3482,Session 9,2001-12-01,Brad Anderson,USA Films,U.S.A.,Comedy Horror,71,Not Rated,"$3,000,000",USD 41390468,6.7,257056
4169,Insidious,05/25/2010,James Wan,BlumHouse,us,Kaiju,122,,"$300,000",,5.8,202699
1744,The Innocents,1961/02/24,Jack Clayton,20th Century Fox,U.K.,Splatter,122,NC-17,"1,500,000",,7.0,284286
3866,Wolf Creek,2005-04-28,Greg McLean,Roadshow,Australia,Vampire,110,G,$6000000,"$46,531,729",7.5,289403
3929,  The Host ,2006-09-11,,Showbox,Korea,Slasher,83min,,$3000000,33187930,9.0,76599
1386,House of Wax,1953-01-15,Andre de Toth,WARNER BROS.,USA,Kaiju|Gothic,72,G,"10,000,000",,8.2,31815
4587,Get Out,02/10/2017,Jordan Peele,Blumhouse,USA ,Comedy Horror,111min,Unrated,120000,"1,256,432",7.9,183413
5106,When Evil Lurks,2023-02-01,Demian Rugna,Shudder,Argentina,Body Horror,146,PG-13,"750,000",USD 9856995,8.7,451995
4511,Raw,06-11-2016,Julia Ducournau,Wild Bunch,FRANCE,Folk Horror|Cosmic Horror,156,R,"300,000",$2396256,8.5,131007
2607,  The Shining ,1980-12-25,Stanley Kubrick,Warner Bros.,USA,Psychological|Supernatural,,Not Rated,"750,000",$2789629,6.8,236852
4126,Trick 'r Treat,5/20/2007,Michael Dougherty,WARNER BROS.,USA ,Slasher,161,R,"$20,000,000","$87,142,789",5.1,159901
2426,House,25-12-1977,Nobuhiko Obayashi,TOHO,Nippon,Creature Feature,2h 37m,Not Rated,"120,000","$385,505",8.3,120790
2042,Night of the Living Dead,1968-09-24,George Romero,Image Ten,USA,Zombie,108 min,G,$1500000,,8.1,196616
2451,Halloween,04/27/1978,John Carpenter,Compass International,us,Supernatural,164,PG-13,10000000,"$129,695,880",6.8,225924
3280,Cronos,3/23/1993,Guillermo del Toro,October Films,Mexico,Werewolf|Body Horror,71,R,"$120,000","200,544",5.0,122716
4267,Oculus,2013/06/17,Mike Flanagan,BlumHouse,U.S.A.,Kaiju|Haunted House,,,$120000,1389242,,353544
2409,House,01-12-1977,Nobuhiko Obayashi,toho,Nippon,Creature Feature,157min,Not Rated,120000,385505,8.3,268501
4258,THE CONJURING,08/20/2013,,Warner Bros.,USA,Werewolf,91,Unrated,$50000,"$75,128",9.0,201559
5080,  Skinamarink ,2022-07-02,Kyle Edward Ball,IFC Midnight,CANADA,Splatter,161,G,1500000,11408908,5.1,373033
1424,Creature from the Black Lagoon,12/12/1954,Jack Arnold,universal,USA,Psychological|Cosmic Horror,80,PG,10000000,"131,198,528",4.7,304597
2671,Cannibal Holocaust,26-08-1980,,United Artists Europa,ITALY,Gothic,126,NC-17,USD 120000,"270,483",6.4,114378
1371,The Thing from Another World,11-03-1951,Christian Nyby,RKO Radio Pictures,USA,Giallo|Creature Feature,81,Unrated,$50000,36116,8.5,271237
2438,House,02/06/1977,Nobuhiko Obayashi,TOHO,Japan,Creature Feature,157,Not Rated,120000,$385505,8.3,334061
5268,The Thing,1982/10/28,John Carpenter,Universal,USA ,Folk Horror|Psychological,79min,R,"3,000,000",USD 21098115,8.6,97946
1832,The Haunting,5/16/1963,Robert Wise,MGM,United Kingdom,Splatter,90,Unrated,"$1,500,000",$10197106,7.7,451485
4290,Oculus,2013-11-04,,Blumhouse,United States,Kaiju|Haunted House,,NC-17,"120,000",USD 1389242,5.5,246480
4965,X,2022/09/28,Ti West,a24,U.S.A.,Splatter,126,NC-17,"$20,000,000",,7.9,403225
5361,Eyes Without a Face,9/26/1960,Georges Franju,Champs-Elysees,france,Giallo,120,Unrated,"20,000,000",158166156,8.5,178569
1967,Kill Baby Kill,1966/01/27,Mario Bava,FUL Films,Italy,Vampire,72 min,Unrated,"$6,000,000","$49,406,007",6.1,416170
3182,Jacob's Ladder,08/23/1990,Adrian Lyne,TriStar Pictures,USA ,Vampire,107,Not Rated,"$120,000",1088354,5.5,232438
5178,The Substance,2024/03/22,Coralie Fargeat,Mubi,France,Psychological,,NC-17,"50,000","$101,442",8.3,189250
1041,The Phantom of the Opera,11/24/1925,Rupert Julian,Universal,U.S.A.,Splatter|Haunted House,154min,NC-17,"750,000","4,135,308",6.1,375549
1991,Kill Baby Kill,1966/04/07,Mario Bava,FUL Films,Italy,Vampire,72min,Unrated,$6000000,$49406007,6.1,402955
3597,28 Days Later,04-04-2002,Danny Boyle,Fox Searchlight,England,Folk Horror,147,R,$6000000,"$25,855,318",8.7,344079
5156,The Substance,7/25/2024,Coralie Fargeat,Mubi,FRANCE,Psychological,75,NC-17,"$50,000","$101,442",8.3,332536
3587,28 Days Later,10/08/2002,Danny Boyle,Fox Searchlight,United Kingdom,Folk Horror,2h 27m,R,6000000,"$25,855,318",8.7,322023
4354,It Follows,12/17/2014,David Robert Mitchell,Radius-TWC,USA ,Found Footage,93 min,Unrated,$1500000,"$15,379,273",8.1,81639
2220,DEEP RED,7/9/1975,Dario Argento,Rizzoli Film,ITALY,Supernatural,112,Not Rated,10000000,14234893,8.9,416129
1210,  Bride of Frankenstein ,1935-11-04,James Whale,Universal,USA ,Giallo,83min,PG-13,USD 6000000,"69,360,250",8.0,399006
3944,Inside,12/19/2007,Alexandre Bustillo,La Fabrique de Films,France,Gothic,100min,Unrated,35000000,USD 435166860,8.3,51273
2647,Cannibal Holocaust,02/07/1980,Ruggero Deodato,United Artists Europa,Italy,Gothic,126 min,NC-17,120000,270483,6.4,283044
2612,The Shining,1980-08-21,Stanley Kubrick,Warner Bros.,USA,Psychological|Supernatural,151,Not Rated,"750,000","2,789,629",6.8,377908
3805,Saw,26-07-2004,James Wan,Lions Gate,United States,Occult,75 min,Not Rated,"$10,000,000","$126,782,523",6.1,155743
1800,The Birds,08-07-1963,Alfred Hitchcock,UNIVERSAL,USA ,Slasher|Psychological,106,PG-13,$3000000,34881029,5.2,427190
1767,Carnival of Souls,1962/10/01,Herk Harvey,Herts-Lion International,United States,Body Horror,100,PG,"$20,000,000",$22553699,8.7,282309
4329,The Babadook,7/28/2014,Jennifer Kent,Causeway Films,Australia,Found Footage|Zombie,86 min,Unrated,"6,000,000","$49,894,496",7.0,436361
1083,Dracula,25-03-1931,Tod Browning,UNIVERSAL,USA ,Found Footage,84,R,300000,$471267,5.6,114266
1801,The Birds,2/23/1963,Alfred Hitchcock,UNIVERSAL,U.S.A.,Slasher|Psychological,1h 46m,PG-13,"$3,000,000",,5.2,369028
1952,repulsion,2/18/1965,Roman Polanski,Compton Films,England,Cosmic Horror|Supernatural,,PG,$300000,"$4,103,145",7.3,166522
4451,The Wailing,03-11-2016,Na Hong-jin,20th Century Fox Korea,Korea,Found Footage,150,Not Rated,"750,000","6,632,236",7.6,73783
2802,Possession,1981-07-06,Andrzej Zulawski,Gaumont,France,Vampire,162,R,$35000000,,7.3,337507
4769,Midsommar,14-02-2019,Ari Aster,A24,U.S.A.,Comedy Horror,93,G,"$6,000,000","$31,450,041",6.8,84992
4279,Oculus,3/17/2013,Mike Flanagan,BlumHouse,United States,Kaiju|Haunted House,154 min,NC-17,"$120,000",$1389242,5.5,390498
2934,Videodrome,03/19/1983,David Cronenberg,Universal  ,Canada,Supernatural,,NC-17,35000000,"$391,950,781",7.4,235057
1324,I Walked with a Zombie,02/20/1943,Jacques Tourneur,RKO Radio Pictures,U.S.A.,Found Footage,144,R,"300,000",$2896340,8.9,226535
2268,Carrie,12/21/1976,Brian De Palma,United Artists,United States,Body Horror,135 min,PG,50000,"$417,751",8.5,357819
1217,Bride of Frankenstein,14-12-1935,James Whale,Universal,U.S.A.,Giallo,83,PG-13,$6000000,"69,360,250",8.0,107404
1737,peeping tom,1960/06/05,Michael Powell,Anglo-Amalgamated,England,Werewolf,96,PG,"1,500,000",USD 16521182,8.0,417672
4364,Goodnight Mommy,2014-12-02,Veronika Franz,Ulrich Seidl Film,Austria,Giallo,75min,G,$300000,"165,609",6.1,357881
4220,Sinister,2012/12/14,Scott Derrickson,Blumhouse,USA ,Found Footage|Zombie,78,,6000000,"$66,545,124",5.4,155826
1417,Creature from the Black Lagoon,11/18/1954,Jack Arnold,Universal  ,USA ,Psychological|Cosmic Horror,,PG,10000000,131198528,4.7,23881
1700,Eyes Without a Face,2/22/1960,Georges Franju,Champs-Elysees,France,Giallo,120,Unrated,"$20,000,000",,8.5,357645
2791,POSSESSION,1981/04/25,Andrzej Zulawski,Gaumont,france,Vampire,162,R,USD 35000000,252848869,7.3,203068
2003,rosemary's baby,1968/07/25,Roman Polanski,paramount,USA ,Giallo,137,PG,"$20,000,000","7,001,250",6.7,222301
2996,Phenomena,02/23/1985,Dario Argento,DACFILM Rome,ITALY,Comedy Horror,130,PG-13,"6,000,000","9,032,401",9.1,427978
5290,The Wolf Man,1941-04-08,George Waggner,Universal  ,USA ,Psychological,126 min,Not Rated,$35000000,341406775,5.4,92246
4222,Sinister,3/14/2012,Scott Derrickson,Blumhouse Productions,U.S.A.,Found Footage|Zombie,,PG-13,$6000000,"$66,545,124",5.4,148190
2242,  Deep Red ,02/22/1975,Dario Argento,Rizzoli Film,italy,Supernatural,112,,10000000,"$14,234,893",8.9,28491
5270,REC,16-06-2007,,Filmax,Spain,Zombie,144 min,PG,"20,000,000","$126,904,732",7.4,135784
1483,Invasion of the Body Snatchers,4/16/1956,Don Siegel,Allied Artists,U.S.A.,Gothic,123,R,$1500000,USD 13594388,6.5,333613
1367,The Thing from Another World,1951/07/22,Christian Nyby,RKO Radio Pictures,United States,Giallo|Creature Feature,1h 21m,Unrated,$50000,USD 36116,8.5,187719
3938,Inside,2007-08-05,Alexandre Bustillo,La Fabrique de Films,FRANCE,Gothic,1h 40m,Unrated,USD 35000000,"$435,166,860",8.3,124335
5349,THE EXORCIST,02/09/1973,William Friedkin,WARNER BROS.,us,Haunted House|Vampire,105,PG,"1,500,000",,7.9,424043
2107,The Wicker Man,14-07-1973,Robin Hardy,British Lion Films,England,Zombie,77,Unrated,"$6,000,000",4977047,5.9,102813
4492,train to busan,2016/10/23,Yeon Sang-ho,Next Entertainment World,Korea,Giallo,165,Unrated,$1500000,"18,027,397",6.7,406419
4199,The Cabin in the Woods,2011/09/25,Drew Goddard,Lionsgate,USA ,Body Horror,107min,Not Rated,"$35,000,000","$16,820,487",7.4,111803
3135,Tetsuo the Iron Man,7/23/1989,Shinya Tsukamoto,Kaijyu Theater,Japan,Vampire,165 min,PG-13,USD 20000000,"255,667,125",6.4,158208
2545,Zombie Flesh Eaters,1979-03-03,Lucio Fulci,Variety Film,Italy,Vampire,142,PG,"$20,000,000",USD 61567279,8.7,184693
4836,Parasite,2019-03-02,Bong Joon-ho,CJ Entertainment,Korea,Folk Horror,81,G,$1500000,"$469,037",6.5,112662
3761,Shaun of the Dead,2004-11-28,Edgar Wright,universal,England,Cosmic Horror,74,PG-13,"$10,000,000","$73,150,220",8.6,173621
1223,Bride of Frankenstein,10/16/1935,James Whale,UNIVERSAL,United States,Giallo,83,PG-13,6000000,USD 69360250,8.0,404747
1648,BLACK SUNDAY,1960/06/12,Mario Bava,Galatea Film,Italy,Supernatural|Psychological,113,NC-17,"50,000","$426,793",6.5,386772
1511,The Curse of Frankenstein,11/13/1957,Terence Fisher,hammer films,U.K.,Werewolf|Vampire,129,PG-13,"$10,000,000","$139,128,163",,207674
1166,The Mummy,1932/06/13,Karl Freund,UNIVERSAL,USA ,Vampire,140,Unrated,"10,000,000",46257698,5.7,201978
3005,Phenomena,07/04/1985,Dario Argento,DACFILM Rome,ITALY,Comedy Horror,130,PG-13,"6,000,000","9,032,401",9.1,129829
4382,Goodnight Mommy,2014/06/25,Veronika Franz,Ulrich Seidl Film,Austria,Giallo,75,G,"300,000",$165609,6.1,444074
2553,Zombie Flesh Eaters,1979/08/27,Lucio Fulci,Variety Film,Italy,Vampire,2h 22m,PG,"$20,000,000",61567279,8.7,412431
4403,The Witch,16-11-2015,Robert Eggers,a24,USA ,Haunted House|Body Horror,93,PG,35000000,"$242,985,712",8.2,304225
3738,High Tension,11-06-2003,Alexandre Aja,EuropaCorp,FRANCE,Zombie|Kaiju,161,G,1500000,USD 12580491,4.6,198927
1847,Blood and Black Lace,5/13/1964,Mario Bava,Emmepi Cinematografica,ITALY,Gothic|Giallo,143,NC-17,$120000,$215381,8.4,431710
1252,The Wolf Man,09/05/1941,George Waggner,Universal  ,U.S.A.,Psychological,126,Not Rated,"$35,000,000","$341,406,775",5.4,167926
4768,Midsommar,2019-05-12,Ari Aster,A24,USA,Comedy Horror,93 min,G,"$6,000,000",,6.8,272080
3592,28 Days Later,2002/09/02,Danny Boyle,Fox Searchlight,UK,Folk Horror,147 min,R,6000000,USD 25855318,8.7,407743
4620,It,2017-06-19,Andy Muschietti,warner bros.,U.S.A.,Zombie|Giallo,89,NC-17,$1500000,"$1,773,625",5.8,338216
3680,Dark Water,09/03/2002,Hideo Nakata,toho,JAPAN,Comedy Horror,157min,R,750000,,5.4,167846
2847,Poltergeist,1982-06-21,Tobe Hooper,MGM,USA ,Cosmic Horror|Gothic,,PG,"10,000,000","77,775,922",9.0,427007
5027,Pearl,2022/01/10,Ti West,A-24,U.S.A.,Cosmic Horror,144 min,,3000000,"36,671,785",7.5,272032
3339,Audition,1999-09-08,Takashi Miike,Omega Project,Nippon,Psychological|Occult,160min,Unrated,"$6,000,000","33,618,699",8.3,261172
2962,A Nightmare on Elm Street,12/5/1984,Wes Craven,New Line,us,Werewolf,117,Not Rated,$1500000,USD 10311433,5.9,77477
3790,Saw,2004/09/24,James Wan,Lions Gate,United States,Occult,75,Not Rated,10000000,,6.1,266628
4821,parasite,07-10-2019,Bong Joon-ho,CJ Entertainment,S. Korea,Folk Horror,1h 21m,,"$1,500,000","$469,037",6.5,364224
1639,Psycho,1960-06-22,Alfred Hitchcock,Paramount Pictures,us,Supernatural,162,PG-13,"120,000","1,526,242",6.9,81660
4303,The Babadook,2014/10/09,Jennifer Kent,Causeway Films,Australia,Found Footage|Zombie,86,Unrated,"$6,000,000","49,894,496",7.0,58360
1320,I Walked with a Zombie,1943/01/27,Jacques Tourneur,RKO Radio Pictures,United States,Found Footage,,R,"$300,000","$2,896,340",8.9,29596
2166,Don't Look Now,1/8/1973,Nicolas Roeg,Casey Productions,United Kingdom,Zombie|Found Footage,2h 1m,R,"3,000,000","8,311,755",5.4,369088
1970,Kill Baby Kill,1966-03-01,Mario Bava,FUL Films,italy,Vampire,72,Unrated,6000000,"49,406,007",6.1,1841
2234,deep red,4/25/1975,Dario Argento,Rizzoli Film,Italy,Supernatural,112min,Not Rated,"10,000,000","$14,234,893",8.9,185772
2007,Rosemary's Baby,1968-04-12,Roman Polanski,paramount,USA ,Giallo,137,PG,20000000,"$7,001,250",6.7,438568
1164,The Mummy,1932-01-24,Karl Freund,universal,USA,Vampire,140,Unrated,"10,000,000","$46,257,698",5.7,409860
5285,  Don't Look Now ,1973/06/12,Nicolas Roeg,Casey Productions,UK,Zombie|Found Footage,121min,R,"3,000,000",8311755,5.4,375059
1581,The Blob,04-07-1958,Irvin Yeaworth,Paramount Pictures,USA ,Supernatural,98min,NC-17,"1,500,000",USD 20452945,6.0,117806
1233,The Wolf Man,09/25/1941,George Waggner,Universal  ,United States,Psychological,126min,Not Rated,$35000000,"$341,406,775",5.4,216030
3222,Candyman,02-09-1992,Bernard Rose,TriStar Pictures,U.S.A.,Comedy Horror|Zombie,78,PG-13,"$50,000",197869,6.1,264568
2148,The Exorcist,9/18/1973,William Friedkin,Warner Bros,USA,Haunted House|Vampire,1h 45m,PG,1500000,"$3,109,059",7.9,147064
3627,Ju-on The Grudge,02-08-2002,Takashi Shimizu,Toei,Nippon,Slasher,1h 53m,Unrated,"120,000","$547,265",5.4,215999
1426,Creature from the Black Lagoon,08-10-1954,Jack Arnold,Universal,United States,Psychological|Cosmic Horror,80,PG,"$10,000,000","$131,198,528",4.7,158190
3157,Tetsuo the Iron Man,10/21/1989,Shinya Tsukamoto,Kaijyu Theater,Japan,Vampire,165,PG-13,$20000000,USD 255667125,6.4,209075
1917,Kwaidan,9/10/1964,Masaki Kobayashi,Toho,Nippon,Comedy Horror|Gothic,,PG-13,"50,000","$403,655",6.6,285335
4546,The Autopsy of Jane Doe,27-09-2016,Andre Ovredal,IFC Midnight,UK,Psychological|Giallo,102 min,R,,757476,8.7,1198
1658,Black Sunday,1960-12-16,Mario Bava,Galatea Film,italy,Supernatural|Psychological,113,NC-17,"$50,000","$426,793",6.5,433190
2837,The Thing,1982-12-19,John Carpenter,universal,USA,Folk Horror|Psychological,1h 19m,,$3000000,"$21,098,115",8.6,305114
3415,The Sixth Sense,07-03-1999,M. Night Shyamalan,Buena Vista,us,Comedy Horror,157,G,300000,"$3,957,945",5.3,316319
1721,Peeping Tom,1960/04/26,Michael Powell,Anglo-Amalgamated,England,Werewolf,96,PG,"$1,500,000",,8.0,71415
2121,The Wicker Man,1973-04-18,Robin Hardy,British Lion Films,U.K.,Zombie,77min,Unrated,,,5.9,452132
1914,Kwaidan,18-02-1964,Masaki Kobayashi,TOHO,JAPAN,Comedy Horror|Gothic,152,PG-13,"50,000","$403,655",6.6,236626
3836,The Descent,3/3/2005,Neil Marshall,Pathe,England,Splatter,73,PG,$1500000,USD 18020687,6.5,455041
4275,  Oculus ,10/11/2013,Mike Flanagan,Blumhouse,USA,Kaiju|Haunted House,154 min,NC-17,USD 120000,$1389242,5.5,443770
1004,Nosferatu,10/18/1922,F.W. Murnau,Prana Film,Germany,Kaiju,96,Unrated,,"$186,704,614",5.9,351212
3190,Jacob's Ladder,12/16/1990,Adrian Lyne,TriStar Pictures,USA ,Vampire,107,Not Rated,USD 120000,"1,088,354",5.5,163758
4241,The Conjuring,07/18/2013,James Wan,warner bros.,USA ,Werewolf,91,,$50000,$75128,,42017
3412,The Sixth Sense,1999-02-11,M. Night Shyamalan,Buena Vista,U.S.A.,Comedy Horror,2h 37m,G,"$300,000","$3,957,945",5.3,425151
3023,Re-Animator,1985/05/21,Stuart Gordon,Empire Pictures,United States,Body Horror,140min,Unrated,$120000,$1181119,9.0,26669
4011,The Orphanage,07/11/2007,J.A. Bayona,Warner Bros. Pictures,Spain,Creature Feature|Haunted House,2h 25m,R,20000000,220449652,5.4,67074
2810,THE THING,9/24/1982,John Carpenter,Universal  ,U.S.A.,Folk Horror|Psychological,,R,USD 3000000,,8.6,309896
4833,Parasite,2019-06-14,Bong Joon-ho,CJ Entertainment,South Korea,Folk Horror,81 min,G,1500000,469037,6.5,317161
5042,talk to me,5/10/2022,Danny Philippou,A-24,Australia,Psychological,122 min,,"$35,000,000",USD 386552466,7.5,135786
1134,Freaks,1932/06/18,Tod Browning,MGM,USA ,Cosmic Horror,72,Unrated,USD 6000000,USD 5451081,4.6,9811
4956,X,02/16/2022,Ti West,A24,USA,Splatter,126min,NC-17,"$20,000,000","$253,893,251",7.9,304018
1867,Blood and Black Lace,1964-06-19,Mario Bava,Emmepi Cinematografica,ITALY,Gothic|Giallo,143 min,NC-17,"$120,000",215381,,366674
4181,Insidious,01-10-2010,James Wan,BlumHouse,USA,Kaiju,122min,Not Rated,"300,000",$636169,5.8,433588
4278,OCULUS,2013/12/11,Mike Flanagan,Blumhouse Productions,United States,Kaiju|Haunted House,154,NC-17,$120000,,5.5,146813
2047,Night of the Living Dead,1968-05-27,George Romero,Image Ten,us,Zombie,108,G,"$1,500,000",$19103735,8.1,164834
2502,Dawn of the Dead,1978/10/10,George Romero,United Film Distribution,U.S.A.,Werewolf,135,Unrated,"$10,000,000",,8.1,27059
3315,  Ringu ,9/2/1998,Hideo Nakata,TOHO,Japan,Psychological,,PG,"20,000,000",USD 8179313,4.9,212367
1582,The Blob,26-08-1958,Irvin Yeaworth,Paramount,United States,Supernatural,98,NC-17,"$1,500,000",$20452945,6.0,333128
2331,Suspiria,09-10-1977,Dario Argento,Seda Spettacoli,Italy,Occult,145,Unrated,"35,000,000",113427337,8.9,187064
1827,The Haunting,1963/06/17,Robert Wise,MGM,England,Splatter,90 min,Unrated,,"$10,197,106",7.7,12265
1587,  House on Haunted Hill ,1959-04-18,,Allied Artists,United States,Cosmic Horror,132,PG-13,$300000,$4138573,6.0,306895
1099,Frankenstein,1931-04-06,James Whale,Universal Pictures,USA ,Supernatural|Slasher,117 min,NC-17,"$750,000",,6.4,373429
4715,Suspiria,04/02/2018,Luca Guadagnino,Amazon Studios,italy,Folk Horror|Splatter,154min,PG,,"$3,561,660",8.6,285437
5127,Late Night with the Devil,8/13/2023,Colin Cairnes,IFC Films,Australia,Psychological,70 min,NC-17,,,8.2,217591
2369,Eraserhead,23-03-1977,David Lynch,Libra Films,USA,Zombie,149,PG-13,USD 3000000,$39909840,8.3,478372
3899,PAN'S LABYRINTH,22-06-2006,Guillermo del Toro,Warner Bros. Pictures,Spain,Folk Horror,91 min,Unrated,"$300,000",,4.6,55025
2862,  Poltergeist ,1982-05-24,Tobe Hooper,MGM,USA ,Cosmic Horror|Gothic,151,PG,USD 10000000,77775922,9.0,470016
1265,Cat People,1942/12/27,Jacques Tourneur,RKO Radio Pictures,USA,Werewolf|Creature Feature,1h 14m,Not Rated,,$927054,6.8,420423
4168,Insidious,11/02/2010,James Wan,Blumhouse,USA,Kaiju,122 min,Not Rated,USD 300000,"$636,169",5.8,32543
2085,Witchfinder General,3/11/1968,Michael Reeves,Tigon,United Kingdom,Giallo,153 min,Unrated,"$10,000,000",136636027,8.5,83804
4235,The Conjuring,2013-10-18,James Wan,warner bros.,USA ,Werewolf,91min,Unrated,"$50,000","$75,128",9.0,204826
3236,  Candyman ,03/15/1992,Bernard Rose,TriStar Pictures,U.S.A.,Comedy Horror|Zombie,78min,PG-13,50000,"197,869",6.1,337569
3596,28 Days Later,2002-04-24,Danny Boyle,Fox Searchlight,United Kingdom,Folk Horror,147,,"$6,000,000",$25855318,8.7,345791
3426,Battle Royale,12-06-2000,Kinji Fukasaku,Toei,Japan,Found Footage,105 min,PG-13,"1,500,000",10261807,7.7,14146
5190,  Longlegs ,2024-04-15,Osgood Perkins,Neon,us,Gothic,160,NC-17,10000000,$54792293,6.0,110625
4055,  Let the Right One In ,2008/12/03,Tomas Alfredson,Sandrew Metronome,Sweden,Occult,2h 42m,Unrated,"50,000",249436,5.9,385718
3033,Re-Animator,20-03-1985,Stuart Gordon,Empire Pictures,USA ,Body Horror,140 min,,$120000,$1181119,9.0,308566
4838,Parasite,2019-11-24,Bong Joon-ho,CJ Entertainment,Korea,Folk Horror,81min,G,"$1,500,000",469037,,473391
2976,A Nightmare on Elm Street,1984/04/07,Wes Craven,New Line,us,Werewolf,1h 57m,Not Rated,"$1,500,000","10,311,433",,141041
3909,The Host,7/1/2006,Bong Joon-ho,Showbox,Korea,Slasher,1h 23m,NC-17,,,9.0,69124
3511,The Devil's Backbone,09/03/2001,Guillermo del Toro,Warner Sogefilms,Spain,Gothic,117,PG-13,"$750,000",,6.6,231979
3216,the silence of the lambs,1991/06/28,Jonathan Demme,Orion Pictures,us,Supernatural|Kaiju,141,,20000000,$197214540,8.3,87132
2380,Rabid,10/8/1977,David Cronenberg,Cinepix,CANADA,Splatter,1h 21m,G,,"693,556",7.4,261690
2532,Alien,04/07/1979,Ridley Scott,20th Century Fox,UK,Occult|Creature Feature,116min,G,"10,000,000",15461470,6.4,324010
4246,The Conjuring,01/02/2013,James Wan,warner bros.,USA,Werewolf,91min,Unrated,50000,"$75,128",9.0,112173
4686,hereditary,2018/05/03,Ari Aster,A24,USA ,Zombie,118,NC-17,"300,000","3,726,295",7.1,430478
2503,ALIEN,09/14/1979,Ridley Scott,20th Century Fox,United Kingdom,Occult|Creature Feature,1h 56m,G,"$10,000,000",$15461470,6.4,347053
4433,Green Room,2015/09/07,Jeremy Saulnier,A24,USA ,Body Horror,94,G,USD 750000,"$9,129,839",9.0,281451
2182,Don't Look Now,1973-03-01,,Casey Productions,England,Zombie|Found Footage,121,R,3000000,"$8,311,755",5.4,43235
3174,Jacob's Ladder,09/09/1990,Adrian Lyne,TriStar Pictures,USA,Vampire,107,Not Rated,,,5.5,105283
4430,Green Room,08/12/2015,Jeremy Saulnier,a24,United States,Body Horror,1h 34m,G,"750,000","9,129,839",9.0,203031
3223,Candyman,12/23/1992,Bernard Rose,TriStar Pictures,USA,Comedy Horror|Zombie,,PG-13,"$50,000",$197869,6.1,189069
1830,  The Haunting ,2/16/1963,Robert Wise,MGM,U.K.,Splatter,90,Unrated,$1500000,10197106,7.7,142397
3054,  The Fly ,12/14/1986,David Cronenberg,20th Century Fox,us,Cosmic Horror,104,R,"$35,000,000","407,590,945",7.8,421013
4826,Parasite,2019/09/05,Bong Joon-ho,CJ Entertainment,S. Korea,Folk Horror,81,G,"$1,500,000","$469,037",6.5,350750
2026,Rosemary's Baby,1968/05/15,Roman Polanski,paramount,USA,Giallo,137,PG,"$20,000,000",7001250,6.7,367685
2751,Scanners,4/11/1981,David Cronenberg,Avco Embassy,CANADA,Found Footage,130,PG,"$35,000,000",,8.9,248264
2284,Carrie,1976-08-26,Brian De Palma,United Artists,U.S.A.,Body Horror,2h 15m,PG,50000,417751,8.5,152540
1283,cat people,07/24/1942,Jacques Tourneur,RKO Radio Pictures,U.S.A.,Werewolf|Creature Feature,74,Not Rated,300000,"927,054",6.8,5965
3924,The Host,2006/05/13,Bong Joon-ho,Showbox,S. Korea,Slasher,1h 23m,NC-17,$3000000,"33,187,930",9.0,309897
1982,Kill Baby Kill,1966-04-05,Mario Bava,FUL Films,italy,Vampire,72,Unrated,,USD 49406007,,246355
1359,The Thing from Another World,13-03-1951,Christian Nyby,RKO Radio Pictures,USA,Giallo|Creature Feature,81,Unrated,,"$36,116",8.5,114250
3494,The Devil's Backbone,03-04-2001,Guillermo del Toro,Warner Sogefilms,Spain,Gothic,1h 57m,PG-13,USD 750000,"$555,817",6.6,469618
4077,Let the Right One In,2008-05-24,Tomas Alfredson,Sandrew Metronome,Sweden,Occult,162,Unrated,50000,"249,436",5.9,174841
3679,dark water,9/27/2002,Hideo Nakata,TOHO,Japan,Comedy Horror,157,R,"$750,000","$8,030,796",5.4,436087
3301,Ringu,12-12-1998,Hideo Nakata,Toho,Japan,Psychological,71,PG,"$20,000,000","8,179,313",4.9,160631
1188,THE INVISIBLE MAN,1933/04/11,James Whale,UNIVERSAL,United States,Vampire,2h 37m,Not Rated,"20,000,000",208181238,5.8,374544
1277,Cat People,11/26/1942,Jacques Tourneur,RKO Radio Pictures,us,Werewolf|Creature Feature,74,Not Rated,$300000,,6.8,259235
5307,the thing,05-03-1982,,Universal Pictures,United States,Folk Horror|Psychological,79,,"3,000,000","$21,098,115",8.6,262060
3125,Evil Dead II,1987/04/18,Sam Raimi,De Laurentiis,United States,Comedy Horror,139,R,"35,000,000",148908651,5.8,377315
3882,Pan's Labyrinth,2006-02-21,Guillermo del Toro,Warner Bros. Pictures,Spain,Folk Horror,91 min,Unrated,"$300,000","806,854",4.6,361023
1372,The Thing from Another World,21-11-1951,Christian Nyby,RKO Radio Pictures,U.S.A.,Giallo|Creature Feature,81,Unrated,"50,000","$36,116",8.5,218042
2793,Possession,01-12-1981,Andrzej Zulawski,Gaumont,FRANCE,Vampire,162min,R,35000000,252848869,7.3,383327
2956,A Nightmare on Elm Street,9/18/1984,Wes Craven,New Line,U.S.A.,Werewolf,,Not Rated,1500000,,5.9,51979
1790,CARNIVAL OF SOULS,09/20/1962,Herk Harvey,Herts-Lion International,U.S.A.,Body Horror,100,PG,"$20,000,000","$22,553,699",8.7,50477
5204,Longlegs,11/11/2024,Osgood Perkins,Neon,us,Gothic,160,NC-17,"10,000,000","54,792,293",6.0,284339
3343,audition,1999-07-25,Takashi Miike,Omega Project,Nippon,Psychological|Occult,160min,Unrated,"6,000,000",33618699,8.3,194936
1063,Dracula,12-12-1931,Tod Browning,Universal Pictures,U.S.A.,Found Footage,84,R,$300000,471267,5.6,61419
4348,It Follows,2014/03/27,David Robert Mitchell,Radius-TWC,U.S.A.,Found Footage,93,Unrated,"1,500,000","$15,379,273",8.1,308848
4548,The Autopsy of Jane Doe,2016/06/11,Andre Ovredal,IFC Midnight,United Kingdom,Psychological|Giallo,102,R,$120000,757476,8.7,122452
4683,hereditary,2018-05-03,Ari Aster,A24,U.S.A.,Zombie,118 min,NC-17,"$300,000","$3,726,295",7.1,439869
4390,The Witch,2015/06/28,Robert Eggers,a24,USA,Haunted House|Body Horror,1h 33m,PG,"35,000,000",USD 242985712,8.2,17140
4601,It,2017/01/11,Andy Muschietti,WARNER BROS.,United States,Zombie|Giallo,89,NC-17,"$1,500,000",,5.8,413764
1228,The Wolf Man,1941/08/16,George Waggner,Universal  ,us,Psychological,126 min,Not Rated,"$35,000,000","341,406,775",5.4,8094
3519,The Others,2001-12-19,Alejandro Amenabar,Warner Bros,Spain,Splatter,160,G,10000000,"$55,008,994",8.7,335715
3464,Session 9,2001-02-28,Brad Anderson,USA Films,USA ,Comedy Horror,71,Not Rated,"$3,000,000","$41,390,468",6.7,334054
2719,An American Werewolf in London,1981-08-23,John Landis,Universal,United Kingdom,Cosmic Horror,1h 29m,Unrated,"$50,000",USD 400014,8.8,395076
2748,Scanners,11/5/1981,David Cronenberg,Avco Embassy,Canada,Found Footage,2h 10m,PG,"35,000,000","325,820,643",8.9,322216
3693,A Tale of Two Sisters,27-02-2003,Kim Jee-woon,Cineclick Asia,S. Korea,Folk Horror,1h 37m,PG,3000000,$26985529,9.2,133693
3972,rec,02/04/2007,Jaume Balaguero,Filmax,Spain,Zombie,144,PG,20000000,"$126,904,732",7.4,8862
4036,Paranormal Activity,13-05-2007,Oren Peli,Blumhouse Productions,USA ,Giallo,73 min,R,"$10,000,000","19,874,391",7.0,405570
4315,The Babadook,2014/03/21,Jennifer Kent,Causeway Films,Australia,Found Footage|Zombie,,Unrated,"$6,000,000",,7.0,368724
4373,Goodnight Mommy,11/15/2014,Veronika Franz,Ulrich Seidl Film,Austria,Giallo,75min,G,$300000,$165609,6.1,188597
4088,martyrs,2008/03/09,Pascal Laugier,Wild Bunch,France,Psychological,116 min,,USD 20000000,87265784,5.1,103403
2822,The Thing,06/02/1982,John Carpenter,universal,United States,Folk Horror|Psychological,79,R,"$3,000,000",$21098115,8.6,63165
1273,Cat People,10-03-1942,Jacques Tourneur,RKO Radio Pictures,USA ,Werewolf|Creature Feature,1h 14m,Not Rated,300000,"$927,054",6.8,259434
4731,Suspiria,2018/02/02,Luca Guadagnino,Amazon Studios,italy,Folk Horror|Splatter,154,PG,,"3,561,660",8.6,85208
2142,  The Exorcist ,5/27/1973,William Friedkin,Warner Bros,USA,Haunted House|Vampire,105,PG,USD 1500000,$3109059,7.9,296854
4585,Get Out,8/1/2017,Jordan Peele,Blumhouse Productions,USA ,Comedy Horror,,Unrated,"$120,000",,7.9,156090
1018,Nosferatu,22-07-1922,F.W. Murnau,Prana Film,Germany,Kaiju,,Unrated,"$35,000,000",186704614,5.9,106609
2132,The Exorcist,1973/05/07,William Friedkin,WARNER BROS.,United States,Haunted House|Vampire,105,PG,"$1,500,000","$3,109,059",7.9,216915
4942,Malignant,2021/09/17,,warner bros.,United States,Zombie,138 min,PG-13,USD 50000,,7.5,249741
2978,A NIGHTMARE ON ELM STREET,1984-07-14,Wes Craven,New Line,USA,Werewolf,117,Not Rated,1500000,10311433,5.9,242768
3890,PAN'S LABYRINTH,14-11-2006,Guillermo del Toro,Warner Bros. Pictures,Spain,Folk Horror,91,Unrated,"300,000",806854,4.6,272772
2992,Phenomena,1985/11/11,Dario Argento,DACFILM Rome,italy,Comedy Horror,2h 10m,PG-13,,"$9,032,401",9.1,182163
3188,Jacob's Ladder,1990/04/14,Adrian Lyne,TriStar Pictures,U.S.A.,Vampire,107 min,Not Rated,"120,000","1,088,354",5.5,188496
3563,Pulse,2001/12/24,Kiyoshi Kurosawa,TOHO,Nippon,Creature Feature|Body Horror,99min,NC-17,$300000,190306,5.2,123591
1998,Kill Baby Kill,12/10/1966,Mario Bava,FUL Films,italy,Vampire,72min,Unrated,"$6,000,000",49406007,6.1,98850
2122,The Wicker Man,1973-12-12,Robin Hardy,British Lion Films,UK,Zombie,77min,Unrated,"$6,000,000",,5.9,74322
2590,The Shining,1980/03/08,Stanley Kubrick,WARNER BROS.,us,Psychological|Supernatural,151,Not Rated,"$750,000","2,789,629",6.8,92511
4206,The Cabin in the Woods,10/17/2011,Drew Goddard,Lionsgate,us,Body Horror,107min,Not Rated,"35,000,000",16820487,7.4,107942
2334,Suspiria,1977/06/19,Dario Argento,Seda Spettacoli,ITALY,Occult,145,,$35000000,113427337,8.9,123886
2606,The Shining,1980/06/16,Stanley Kubrick,Warner Bros.,us,Psychological|Supernatural,,Not Rated,"750,000","2,789,629",6.8,191256
1779,carnival of souls,06/05/1962,Herk Harvey,Herts-Lion International,USA,Body Horror,100,,"$20,000,000","$22,553,699",8.7,432472
5163,The Substance,5/7/2024,Coralie Fargeat,Mubi,FRANCE,Psychological,75,NC-17,"50,000",101442,,303989
3312,Ringu,2/10/1998,Hideo Nakata,TOHO,Nippon,Psychological,71,PG,"20,000,000","$8,179,313",4.9,162080
3422,BATTLE ROYALE,12/18/2000,Kinji Fukasaku,Toei,JAPAN,Found Footage,1h 45m,PG-13,1500000,"$10,261,807",,127818
4070,Let the Right One In,2008-11-23,Tomas Alfredson,Sandrew Metronome,Sweden,Occult,162min,,USD 50000,249436,5.9,67242
5119,When Evil Lurks,2023/08/22,Demian Rugna,Shudder,Argentina,Body Horror,146,PG-13,,"$9,856,995",8.7,203200
2113,The Wicker Man,04-08-1973,Robin Hardy,British Lion Films,U.K.,Zombie,77 min,Unrated,"6,000,000","4,977,047",5.9,433101
4225,Sinister,9/26/2012,Scott Derrickson,Blumhouse Productions,United States,Found Footage|Zombie,78,PG-13,,66545124,5.4,455793
4152,Trick 'r Treat,2007/08/24,Michael Dougherty,Warner Bros.,us,Slasher,,R,"$20,000,000","$87,142,789",5.1,407650
1298,I Walked with a Zombie,6/28/1943,Jacques Tourneur,RKO Radio Pictures,U.S.A.,Found Footage,,R,"$300,000","$2,896,340",8.9,472899
4595,Get Out,6/22/2017,Jordan Peele,Blumhouse,United States,Comedy Horror,111min,Unrated,120000,1256432,7.9,371173
1977,Kill Baby Kill,1966-12-06,Mario Bava,FUL Films,ITALY,Vampire,72min,,"6,000,000","49,406,007",,318020
5006,pearl,2022/03/12,Ti West,a24,USA,Cosmic Horror,144 min,G,3000000,"36,671,785",7.5,437382
5089,infinity pool,2023/12/19,Brandon Cronenberg,neon,Canada,Cosmic Horror,118,PG-13,35000000,"98,151,327",6.4,299237
3438,battle royale,3/25/2000,Kinji Fukasaku,Toei,Nippon,Found Footage,105 min,PG-13,"1,500,000",10261807,,324971
2876,The Beyond,22-01-1981,Lucio Fulci,Fulvia Film,ITALY,Gothic,160,Not Rated,3000000,USD 32305279,7.1,51719
2626,The Fog,1980-10-09,John Carpenter,Avco Embassy,USA,Vampire,102,NC-17,"1,500,000","$3,085,118",4.7,157533
2925,Videodrome,11-09-1983,David Cronenberg,Universal,CANADA,Supernatural,70min,NC-17,"$35,000,000",391950781,7.4,270125
3543,  The Others ,09-10-2001,Alejandro Amenabar,Warner Bros.,Spain,Splatter,160min,G,,$55008994,8.7,113105
3219,The Silence of the Lambs,14-12-1991,Jonathan Demme,Orion Pictures,USA,Supernatural|Kaiju,141,NC-17,"$20,000,000",USD 197214540,8.3,142229
4889,Possessor,23-01-2020,Brandon Cronenberg,NEON,Canada,Occult,138,G,$300000,"667,524",8.1,127455
4785,Midsommar,05/02/2019,Ari Aster,A-24,USA,Comedy Horror,93,G,"6,000,000","$31,450,041",6.8,343433
2449,Halloween,1978-07-17,John Carpenter,Compass International,United States,Supernatural,164min,PG-13,"10,000,000","129,695,880",6.8,164359
4593,Get Out,11/24/2017,Jordan Peele,Blumhouse,United States,Comedy Horror,111,,"$120,000",$1256432,7.9,447692
3446,Battle Royale,2000-08-19,Kinji Fukasaku,Toei,JAPAN,Found Footage,105,PG-13,$1500000,,7.7,116416
1886,Onibaba,1964-08-10,Kaneto Shindo,Toho Co.,Nippon,Supernatural|Found Footage,90min,PG,"$35,000,000",$254458145,6.4,294505
3667,Dark Water,19-05-2002,Hideo Nakata,Toho,Japan,Comedy Horror,157min,R,"$750,000","$8,030,796",5.4,321164
2800,Possession,21-05-1981,Andrzej Zulawski,Gaumont,FRANCE,Vampire,162,R,USD 35000000,"252,848,869",7.3,14344
4774,Midsommar,25-11-2019,Ari Aster,A24,USA ,Comedy Horror,1h 33m,G,,"31,450,041",6.8,186693
4784,midsommar,27-01-2019,Ari Aster,a24,U.S.A.,Comedy Horror,93,G,"6,000,000","31,450,041",6.8,230759
5293,The Haunting,1963-04-07,Robert Wise,MGM,United Kingdom,Splatter,90,Unrated,$1500000,10197106,,258159
2878,The Beyond,08/01/1981,Lucio Fulci,Fulvia Film,italy,Gothic,160 min,Not Rated,"$3,000,000",32305279,7.1,83042
1385,the thing from another world,1951-09-14,Christian Nyby,RKO Radio Pictures,us,Giallo|Creature Feature,81min,Unrated,"$50,000","36,116",8.5,29054
1364,The Thing from Another World,1951/01/20,Christian Nyby,RKO Radio Pictures,U.S.A.,Giallo|Creature Feature,81,Unrated,$50000,,8.5,202002
3572,PULSE,2001/03/23,Kiyoshi Kurosawa,Toho,Nippon,Creature Feature|Body Horror,99min,NC-17,"300,000","$190,306",5.2,422948
4388,The Witch,2015/03/12,Robert Eggers,A-24,United States,Haunted House|Body Horror,1h 33m,PG,35000000,"$242,985,712",8.2,209587
4919,Malignant,2021/05/07,James Wan,warner bros.,United States,Zombie,138 min,PG-13,,583939,7.5,379590
1706,Eyes Without a Face,4/25/1960,Georges Franju,Champs-Elysees,france,Giallo,120,Unrated,USD 20000000,$158166156,8.5,283583
4116,Martyrs,17-12-2008,Pascal Laugier,Wild Bunch,France,Psychological,116 min,G,"$20,000,000",,5.1,26864
4505,Train to Busan,7/13/2016,Yeon Sang-ho,Next Entertainment World,South Korea,Giallo,165,Unrated,USD 1500000,$18027397,6.7,230032
3295,Ringu,05/07/1998,Hideo Nakata,Toho Co.,Nippon,Psychological,1h 11m,PG,"20,000,000","$8,179,313",4.9,134915
3365,  The Blair Witch Project ,28-11-1999,Daniel Myrick,Artisan Entertainment,U.S.A.,Splatter,118,Unrated,USD 300000,"2,812,847",9.0,236467
4265,The Conjuring,09/15/2013,James Wan,Warner Bros,United States,Werewolf,91 min,Unrated,50000,"75,128",9.0,217938
2473,Halloween,8/24/1978,John Carpenter,Compass International,United States,Supernatural,164min,PG-13,"$10,000,000",129695880,6.8,360412
3323,Audition,1999/08/27,Takashi Miike,Omega Project,Japan,Psychological|Occult,160,Unrated,"$6,000,000",$33618699,8.3,391691
4876,Possessor,25-05-2020,Brandon Cronenberg,Neon,CANADA,Occult,138,G,300000,"$667,524",8.1,473128
4074,Let the Right One In,10/9/2008,Tomas Alfredson,Sandrew Metronome,Sweden,Occult,162,Unrated,50000,$249436,,385909
3347,Audition,1999-12-26,Takashi Miike,Omega Project,Japan,Psychological|Occult,160,Unrated,USD 6000000,33618699,8.3,256152
4935,Malignant,2021/12/25,,warner bros.,United States,Zombie,138 min,,$50000,"$583,939",7.5,266899
2288,Carrie,5/6/1976,Brian De Palma,United Artists,USA ,Body Horror,135,PG,50000,$417751,8.5,471955
4709,Suspiria,22-05-2018,Luca Guadagnino,Amazon Studios,italy,Folk Horror|Splatter,2h 34m,PG,300000,$3561660,8.6,95742
3031,Re-Animator,1985/03/11,Stuart Gordon,Empire Pictures,us,Body Horror,140,Unrated,"120,000",1181119,9.0,276747
1911,Kwaidan,6/25/1964,Masaki Kobayashi,TOHO,Nippon,Comedy Horror|Gothic,152 min,PG-13,"$50,000",403655,6.6,88842
5018,Pearl,2022/09/14,Ti West,a24,USA,Cosmic Horror,144 min,,"3,000,000",$36671785,7.5,109567
1486,Invasion of the Body Snatchers,9/24/1956,Don Siegel,Allied Artists,us,Gothic,123,R,USD 1500000,USD 13594388,,325393
2116,The Wicker Man,12/28/1973,Robin Hardy,British Lion Films,United Kingdom,Zombie,77,Unrated,"6,000,000","4,977,047",5.9,451412
5273,Nosferatu,9/2/1922,F.W. Murnau,Prana Film,Germany,Kaiju,96,Unrated,,$186704614,5.9,7747
2458,Halloween,1978-01-14,John Carpenter,Compass International,USA,Supernatural,164,PG-13,"10,000,000",$129695880,6.8,450217
4850,Saint Maud,2019-12-01,Rose Glass,A-24,England,Folk Horror|Supernatural,101 min,NC-17,"3,000,000","$9,179,482",8.4,182079
3873,Wolf Creek,01/27/2005,Greg McLean,Roadshow,Australia,Vampire,110,,$6000000,"$46,531,729",7.5,88450
3594,28 DAYS LATER,01/07/2002,Danny Boyle,Fox Searchlight,UK,Folk Horror,147,R,"$6,000,000","$25,855,318",8.7,320103
3859,Wolf Creek,1/22/2005,Greg McLean,Roadshow,Australia,Vampire,110,,$6000000,"$46,531,729",7.5,386413
2110,The Wicker Man,1973-01-20,Robin Hardy,British Lion Films,England,Zombie,77,Unrated,"$6,000,000","$4,977,047",5.9,465543
1621,House on Haunted Hill,4/6/1959,William Castle,Allied Artists,USA ,Cosmic Horror,132min,PG-13,$300000,"$4,138,573",6.0,51012
2404,Rabid,6/1/1977,David Cronenberg,Cinepix,canada,Splatter,81,G,"1,500,000","693,556",7.4,95950
3975,REC,11-03-2007,Jaume Balaguero,Filmax,Spain,Zombie,144,PG,USD 20000000,"126,904,732",7.4,85844
2981,A Nightmare on Elm Street,1984/09/18,Wes Craven,New Line Cinema,USA,Werewolf,117,Not Rated,$1500000,"10,311,433",5.9,373250
1980,Kill Baby Kill,4/27/1966,Mario Bava,FUL Films,Italy,Vampire,1h 12m,Unrated,"$6,000,000",,6.1,112751
3983,REC,8/17/2007,Jaume Balaguero,Filmax,Spain,Zombie,144,PG,USD 20000000,"126,904,732",7.4,163212
3607,28 Days Later,26-11-2002,Danny Boyle,Fox Searchlight,United Kingdom,Folk Horror,147 min,,6000000,"$25,855,318",8.7,43163
4564,The Autopsy of Jane Doe,10/16/2016,Andre Ovredal,IFC Midnight,UK,Psychological|Giallo,102,R,USD 120000,$757476,8.7,59907
4000,The Orphanage,08/08/2007,J.A. Bayona,Warner Bros. Pictures,Spain,Creature Feature|Haunted House,2h 25m,R,20000000,220449652,5.4,138278
2967,A NIGHTMARE ON ELM STREET,6/26/1984,,New Line Cinema,us,Werewolf,117,Not Rated,$1500000,"$10,311,433",5.9,254446
3015,Phenomena,1985/04/01,,DACFILM Rome,Italy,Comedy Horror,,PG-13,,USD 9032401,,76942
3270,Cronos,1993-07-13,,October Films,Mexico,Werewolf|Body Horror,71,,120000,200544,5.0,95143
4740,Us,2019-12-08,Jordan Peele,Universal Pictures,USA,Psychological,131min,PG,USD 10000000,,6.6,235770
4535,Raw,04/14/2016,Julia Ducournau,Wild Bunch,FRANCE,Folk Horror|Cosmic Horror,,R,$300000,,8.5,62306
2136,The Exorcist,1973/02/28,William Friedkin,Warner Bros,USA ,Haunted House|Vampire,105,PG,1500000,3109059,7.9,310817
3697,A Tale of Two Sisters,14-07-2003,,Cineclick Asia,S. Korea,Folk Horror,1h 37m,,"3,000,000","26,985,529",9.2,356669
1921,Kwaidan,1964-04-09,Masaki Kobayashi,toho,Nippon,Comedy Horror|Gothic,152min,PG-13,"$50,000","$403,655",6.6,354842
3357,THE BLAIR WITCH PROJECT,19-06-1999,Daniel Myrick,Artisan Entertainment,United States,Splatter,1h 58m,Unrated,"$300,000","$2,812,847",9.0,328925
2741,An American Werewolf in London,8/27/1981,John Landis,Universal,UK,Cosmic Horror,89,Unrated,"$50,000","400,014",8.8,217109
1432,Creature from the Black Lagoon,09-12-1954,Jack Arnold,Universal  ,us,Psychological|Cosmic Horror,80min,PG,USD 10000000,"$131,198,528",4.7,267611
1431,Creature from the Black Lagoon,4/7/1954,Jack Arnold,Universal  ,us,Psychological|Cosmic Horror,80min,PG,,"$131,198,528",4.7,452871
3167,Jacob's Ladder,1990-11-08,Adrian Lyne,TriStar Pictures,us,Vampire,1h 47m,Not Rated,,"$1,088,354",5.5,164927
1879,Onibaba,6/18/1964,Kaneto Shindo,Toho,JAPAN,Supernatural|Found Footage,90 min,PG,"35,000,000","$254,458,145",6.4,174755
2153,The Exorcist,10/14/1973,William Friedkin,Warner Bros,USA,Haunted House|Vampire,1h 45m,PG,"$1,500,000",USD 3109059,7.9,100697
4038,Paranormal Activity,25-04-2007,Oren Peli,Blumhouse Productions,USA ,Giallo,73min,R,10000000,,7.0,56762
4627,It,07-10-2017,Andy Muschietti,WARNER BROS.,United States,Zombie|Giallo,1h 29m,NC-17,"$1,500,000","1,773,625",5.8,69222
4120,Trick 'r Treat,4/12/2007,Michael Dougherty,WARNER BROS.,us,Slasher,2h 41m,R,"$20,000,000","$87,142,789",5.1,383276
4540,RAW,27-11-2016,Julia Ducournau,Wild Bunch,France,Folk Horror|Cosmic Horror,156min,R,300000,2396256,8.5,22447
4319,The Babadook,2014-09-23,Jennifer Kent,Causeway Films,Australia,Found Footage|Zombie,86,Unrated,$6000000,49894496,7.0,124616
3123,Evil Dead II,07-04-1987,Sam Raimi,De Laurentiis,U.S.A.,Comedy Horror,2h 19m,R,"$35,000,000","$148,908,651",5.8,263908
2071,Witchfinder General,04-09-1968,Michael Reeves,Tigon,England,Giallo,153,Unrated,"$10,000,000","136,636,027",8.5,53368
5036,Talk to Me,26-08-2022,Danny Philippou,A24,Australia,Psychological,122 min,NC-17,35000000,386552466,7.5,62990
4864,Saint Maud,2019/12/26,Rose Glass,A-24,United Kingdom,Folk Horror|Supernatural,101min,NC-17,"$3,000,000","$9,179,482",8.4,319044
5029,Talk to Me,08/23/2022,Danny Philippou,A-24,Australia,Psychological,122,NC-17,35000000,"$386,552,466",7.5,34094
2260,Shivers,08/25/1975,David Cronenberg,Cinepix,canada,Cosmic Horror,125,PG,"1,500,000",,8.0,137156
2049,  Night of the Living Dead ,1968/10/20,George Romero,Image Ten,us,Zombie,108,G,"1,500,000","$19,103,735",8.1,351570
4033,Paranormal Activity,11-11-2007,Oren Peli,BlumHouse,USA ,Giallo,73,R,10000000,"$19,874,391",7.0,311923
2013,Rosemary's Baby,12-09-1968,Roman Polanski,paramount,us,Giallo,137min,PG,"$20,000,000","7,001,250",6.7,267108
1688,Eyes Without a Face,1960/12/11,Georges Franju,Champs-Elysees,FRANCE,Giallo,120,Unrated,$20000000,158166156,8.5,61020
1570,The Blob,1958-04-28,Irvin Yeaworth,paramount,U.S.A.,Supernatural,98,NC-17,"$1,500,000","$20,452,945",6.0,361029
2838,The Thing,1982-10-08,John Carpenter,universal,us,Folk Horror|Psychological,79,R,3000000,21098115,8.6,84534
3310,Ringu,1998/07/22,Hideo Nakata,Toho Co.,Japan,Psychological,,PG,"20,000,000",,4.9,245422
2760,Scanners,1981-03-22,David Cronenberg,Avco Embassy,canada,Found Footage,,PG,$35000000,325820643,8.9,130090
4608,It,2017/12/26,Andy Muschietti,Warner Bros,U.S.A.,Zombie|Giallo,89min,NC-17,$1500000,USD 1773625,5.8,138669
2158,The Exorcist,5/16/1973,William Friedkin,Warner Bros.,USA,Haunted House|Vampire,105,,"$1,500,000","3,109,059",7.9,435667
2240,deep red,1975-05-05,Dario Argento,Rizzoli Film,italy,Supernatural,112 min,Not Rated,"10,000,000","$14,234,893",8.9,218171
1810,The Birds,1963-01-17,Alfred Hitchcock,universal,USA,Slasher|Psychological,106,PG-13,"3,000,000",34881029,5.2,470906
1116,Frankenstein,1/10/1931,James Whale,Universal  ,U.S.A.,Supernatural|Slasher,117,NC-17,750000,1599134,6.4,472508
1160,The Mummy,08/11/1932,Karl Freund,UNIVERSAL,USA,Vampire,140 min,Unrated,,,5.7,306988
1597,house on haunted hill,27-04-1959,William Castle,Allied Artists,U.S.A.,Cosmic Horror,132min,PG-13,300000,"$4,138,573",6.0,130293
3294,Ringu,03/10/1998,,Toho,Nippon,Psychological,71 min,PG,"$20,000,000",8179313,4.9,478840
2670,Cannibal Holocaust,01/18/1980,Ruggero Deodato,United Artists Europa,ITALY,Gothic,126 min,NC-17,"$120,000","$270,483",6.4,138515
1117,Frankenstein,1931/02/06,James Whale,UNIVERSAL,U.S.A.,Supernatural|Slasher,1h 57m,NC-17,"750,000","1,599,134",6.4,313845
1777,Carnival of Souls,11/24/1962,Herk Harvey,Herts-Lion International,USA ,Body Horror,100min,,"$20,000,000","$22,553,699",8.7,132360
5072,Skinamarink,2022-06-03,Kyle Edward Ball,IFC Midnight,CANADA,Splatter,2h 41m,G,1500000,"$11,408,908",5.1,22337
2854,  Poltergeist ,1982/11/11,Tobe Hooper,MGM,USA,Cosmic Horror|Gothic,151 min,PG,USD 10000000,,9.0,17201
1242,The Wolf Man,1941/03/28,George Waggner,Universal,us,Psychological,126 min,Not Rated,"35,000,000","341,406,775",5.4,462203
4333,It Follows,12/03/2014,David Robert Mitchell,Radius-TWC,United States,Found Footage,93,Unrated,$1500000,15379273,,412523
2563,The Brood,1979/08/06,,New World Pictures,Canada,Body Horror|Gothic,,G,USD 10000000,"30,655,121",6.1,284484
1142,The Mummy,1932/08/02,Karl Freund,universal,USA,Vampire,140 min,Unrated,"$10,000,000",46257698,5.7,93461
3218,The Silence of the Lambs,12/24/1991,Jonathan Demme,Orion Pictures,U.S.A.,Supernatural|Kaiju,2h 21m,NC-17,20000000,"197,214,540",8.3,102713
2145,The Exorcist,02/09/1973,William Friedkin,WARNER BROS.,us,Haunted House|Vampire,1h 45m,PG,"$1,500,000",$3109059,7.9,410944
3041,  Re-Animator ,7/25/1985,Stuart Gordon,Empire Pictures,United States,Body Horror,140,Unrated,"120,000","1,181,119",9.0,450784
4312,The Babadook,23-05-2014,Jennifer Kent,Causeway Films,Australia,Found Footage|Zombie,86 min,Unrated,6000000,49894496,7.0,151958
2004,Rosemary's Baby,1968-11-28,Roman Polanski,paramount,USA,Giallo,137,PG,20000000,"$7,001,250",6.7,146960
3715,High Tension,2003-01-20,Alexandre Aja,EuropaCorp,FRANCE,Zombie|Kaiju,161,G,"$1,500,000","12,580,491",4.6,148875
4928,Malignant,2/9/2021,James Wan,warner bros.,us,Zombie,138 min,PG-13,50000,"$583,939",7.5,114643
2478,Dawn of the Dead,4/6/1978,George Romero,United Film Distribution,us,Werewolf,135,,"10,000,000",44664160,8.1,18020
2172,Don't Look Now,04-02-1973,Nicolas Roeg,Casey Productions,England,Zombie|Found Footage,2h 1m,R,$3000000,"$8,311,755",5.4,290335
1589,House on Haunted Hill,5/6/1959,William Castle,Allied Artists,USA ,Cosmic Horror,132min,PG-13,300000,$4138573,6.0,188099
3584,28 Days Later,05/25/2002,Danny Boyle,Fox Searchlight,U.K.,Folk Horror,,R,USD 6000000,$25855318,8.7,464042
3308,Ringu,3/28/1998,Hideo Nakata,Toho,Nippon,Psychological,71 min,PG,$20000000,$8179313,4.9,160017
4428,Green Room,3/12/2015,Jeremy Saulnier,A24,USA ,Body Horror,1h 34m,G,750000,"$9,129,839",9.0,421747
3883,Pan's Labyrinth,2/25/2006,Guillermo del Toro,Warner Bros. Pictures,Spain,Folk Horror,91,Unrated,"$300,000","$806,854",4.6,412730
4644,A Quiet Place,08/08/2018,John Krasinski,paramount,USA,Supernatural,100,Not Rated,USD 300000,,8.7,33053
1422,Creature from the Black Lagoon,1954/11/12,Jack Arnold,UNIVERSAL,U.S.A.,Psychological|Cosmic Horror,1h 20m,PG,"$10,000,000","$131,198,528",4.7,128142
3348,Audition,1999/09/13,Takashi Miike,Omega Project,Nippon,Psychological|Occult,,Unrated,"6,000,000",$33618699,8.3,208290
1557,horror of dracula,1958-11-01,Terence Fisher,hammer films,England,Found Footage,117 min,R,10000000,$99981464,8.6,210011
1097,Frankenstein,1931/04/28,James Whale,Universal Pictures,United States,Supernatural|Slasher,117,NC-17,$750000,"$1,599,134",6.4,257444
1118,Frankenstein,1931/05/27,James Whale,UNIVERSAL,USA,Supernatural|Slasher,117,NC-17,"$750,000","1,599,134",,242077
3576,Pulse,20-03-2001,Kiyoshi Kurosawa,TOHO,JAPAN,Creature Feature|Body Horror,99 min,NC-17,USD 300000,"190,306",5.2,22891
2568,The Brood,19-12-1979,David Cronenberg,New World Pictures,canada,Body Horror|Gothic,87,G,"10,000,000",$30655121,6.1,77056
4098,Martyrs,3/8/2008,Pascal Laugier,Wild Bunch,france,Psychological,1h 56m,G,"$20,000,000","87,265,784",5.1,23650
2106,the wicker man,1973-05-25,Robin Hardy,British Lion Films,U.K.,Zombie,77,,"$6,000,000",4977047,5.9,50898
1503,The Curse of Frankenstein,1957-08-05,Terence Fisher,HAMMER FILMS,England,Werewolf|Vampire,129,PG-13,"$10,000,000","139,128,163",6.5,306097
3070,The Fly,1986-01-23,David Cronenberg,20th Century Fox,USA ,Cosmic Horror,104,R,USD 35000000,$407590945,7.8,265682
1629,psycho,1960/02/26,Alfred Hitchcock,paramount,us,Supernatural,162,PG-13,"$120,000","$1,526,242",6.9,4158
4710,  Suspiria ,01/21/2018,Luca Guadagnino,Amazon Studios,ITALY,Folk Horror|Splatter,154,PG,"300,000","$3,561,660",8.6,332373
2628,The Fog,14-07-1980,John Carpenter,Avco Embassy,USA,Vampire,102,NC-17,"$1,500,000",$3085118,4.7,43673
5141,Late Night with the Devil,2023-12-03,Colin Cairnes,IFC Films,Australia,Psychological,70min,NC-17,$6000000,"44,680,381",8.2,193461
3465,Session 9,11/15/2001,Brad Anderson,USA Films,United States,Comedy Horror,71,Not Rated,3000000,41390468,6.7,212564
4791,The Lighthouse,2019-06-23,Robert Eggers,a24,U.S.A.,Haunted House,126,Unrated,USD 300000,,8.3,21953
1872,Blood and Black Lace,1964-09-02,Mario Bava,Emmepi Cinematografica,Italy,Gothic|Giallo,,NC-17,"120,000",$215381,8.4,121216
3414,The Sixth Sense,04-07-1999,M. Night Shyamalan,Buena Vista,United States,Comedy Horror,2h 37m,G,,$3957945,5.3,338956
4772,Midsommar,2019-07-26,Ari Aster,A24,USA,Comedy Horror,1h 33m,G,6000000,"$31,450,041",6.8,164206
3443,Battle Royale,11/07/2000,Kinji Fukasaku,Toei,Japan,Found Footage,105,PG-13,USD 1500000,"10,261,807",7.7,249785
2703,The Evil Dead,16-08-1981,Sam Raimi,New Line Cinema,USA ,Supernatural,114,NC-17,"$50,000",$547550,8.1,322716
4597,Get Out,09/03/2017,,BlumHouse,U.S.A.,Comedy Horror,111min,Unrated,"120,000","$1,256,432",7.9,164753
4824,Parasite,06/05/2019,Bong Joon-ho,CJ Entertainment,South Korea,Folk Horror,81,G,USD 1500000,469037,6.5,139523
2112,The Wicker Man,1973-07-26,Robin Hardy,British Lion Films,U.K.,Zombie,1h 17m,Unrated,"6,000,000",USD 4977047,5.9,24458
1758,  The Innocents ,1961/06/24,Jack Clayton,20th Century Fox,U.K.,Splatter,122,NC-17,1500000,"$19,063,753",7.0,222843
2596,The Shining,1/20/1980,Stanley Kubrick,Warner Bros.,United States,Psychological|Supernatural,151,Not Rated,750000,"$2,789,629",6.8,136386
4765,Midsommar,12/23/2019,Ari Aster,a24,United States,Comedy Horror,93min,G,"$6,000,000",31450041,6.8,472186
1395,House of Wax,1953/05/04,Andre de Toth,warner bros.,USA,Kaiju|Gothic,72min,G,"10,000,000","$90,384,239",8.2,303667
4880,Possessor,2020/06/12,Brandon Cronenberg,Neon,canada,Occult,138 min,G,"300,000","$667,524",8.1,102671
1540,Horror of Dracula,1958/08/05,Terence Fisher,Hammer Films,United Kingdom,Found Footage,117,R,"$10,000,000",99981464,8.6,101779
4796,The Lighthouse,06/15/2019,Robert Eggers,A24,us,Haunted House,126 min,Unrated,"$300,000",$2231378,8.3,213317
3247,CANDYMAN,1992-02-22,Bernard Rose,TriStar Pictures,USA,Comedy Horror|Zombie,78,PG-13,$50000,USD 197869,6.1,362807
5187,Longlegs,2024-09-26,Osgood Perkins,NEON,United States,Gothic,160,,USD 10000000,"$54,792,293",6.0,123488
1178,The Invisible Man,1933-08-26,James Whale,Universal,USA,Vampire,157min,Not Rated,USD 20000000,"208,181,238",5.8,463088
3474,Session 9,2001/10/07,Brad Anderson,USA Films,us,Comedy Horror,71,Not Rated,"$3,000,000",41390468,6.7,445991
2958,A Nightmare on Elm Street,14-10-1984,Wes Craven,New Line,USA,Werewolf,117,Not Rated,"$1,500,000","$10,311,433",5.9,205670
2386,Rabid,4/20/1977,David Cronenberg,Cinepix,CANADA,Splatter,81,G,1500000,"$693,556",7.4,385320
1835,THE HAUNTING,12/03/1963,,MGM,U.K.,Splatter,90,Unrated,$1500000,$10197106,7.7,441536
2342,SUSPIRIA,1977/05/22,Dario Argento,Seda Spettacoli,ITALY,Occult,145,Unrated,"$35,000,000","$113,427,337",8.9,331357
1814,The Birds,06/09/1963,Alfred Hitchcock,Universal,us,Slasher|Psychological,106min,PG-13,$3000000,34881029,5.2,301246
4295,Oculus,4/4/2013,Mike Flanagan,Blumhouse,United States,Kaiju|Haunted House,154,NC-17,,,5.5,253113
5138,Late Night with the Devil,10-12-2023,Colin Cairnes,IFC Films,Australia,Psychological,70,NC-17,"6,000,000","44,680,381",8.2,428096
2472,Halloween,1978/06/22,John Carpenter,Compass International,USA ,Supernatural,164,PG-13,,$129695880,6.8,390327
3994,the orphanage,1/21/2007,J.A. Bayona,Warner Bros. Pictures,Spain,Creature Feature|Haunted House,145,R,$20000000,USD 220449652,5.4,141100
2830,The Thing,1982/10/28,John Carpenter,Universal,USA ,Folk Horror|Psychological,79min,R,"3,000,000",USD 21098115,8.6,97946
4374,GOODNIGHT MOMMY,2014/08/14,Veronika Franz,Ulrich Seidl Film,Austria,Giallo,75,G,300000,"$165,609",6.1,36522
4714,Suspiria,08/17/2018,Luca Guadagnino,Amazon Studios,Italy,Folk Horror|Splatter,154,PG,"300,000",$3561660,8.6,389208
4498,Train to Busan,2016-06-23,Yeon Sang-ho,Next Entertainment World,S. Korea,Giallo,165min,Unrated,1500000,$18027397,6.7,351425
2360,Eraserhead,21-12-1977,David Lynch,Libra Films,us,Zombie,149,PG-13,$3000000,USD 39909840,8.3,362644
4030,Paranormal Activity,01-07-2007,Oren Peli,Blumhouse Productions,United States,Giallo,73min,R,$10000000,"19,874,391",7.0,194070
4800,The Lighthouse,05/13/2019,Robert Eggers,a24,USA,Haunted House,126,Unrated,"300,000","$2,231,378",8.3,283316
3119,Evil Dead II,05-05-1987,Sam Raimi,De Laurentiis,us,Comedy Horror,139min,R,"$35,000,000","148,908,651",5.8,93199
2784,Possession,1981-01-01,,Gaumont,france,Vampire,162 min,R,35000000,"$252,848,869",7.3,378715
2200,The Texas Chain Saw Massacre,03/18/1974,Tobe Hooper,Bryanston Pictures,United States,Supernatural,,PG-13,"3,000,000",13374047,7.9,36920
3894,Pan's Labyrinth,11/18/2006,Guillermo del Toro,Warner Bros. Pictures,Spain,Folk Horror,91 min,Unrated,300000,806854,4.6,351303
2773,Scanners,1981/04/13,David Cronenberg,Avco Embassy,CANADA,Found Footage,130,PG,$35000000,"$325,820,643",8.9,379819
4811,The Lighthouse,2019/08/04,Robert Eggers,A24,USA ,Haunted House,126,Unrated,300000,$2231378,8.3,469515
3892,  Pan's Labyrinth ,6/24/2006,Guillermo del Toro,Warner Bros. Pictures,Spain,Folk Horror,91,Unrated,"$300,000",USD 806854,4.6,389782
2717,An American Werewolf in London,04/01/1981,John Landis,Universal  ,UK,Cosmic Horror,89,Unrated,$50000,400014,8.8,411758
4229,Sinister,11/9/2012,Scott Derrickson,Blumhouse,us,Found Footage|Zombie,1h 18m,PG-13,"6,000,000","$66,545,124",5.4,12706
3112,evil dead ii,1987-03-26,Sam Raimi,De Laurentiis,United States,Comedy Horror,2h 19m,R,"35,000,000","148,908,651",5.8,120153
1612,House on Haunted Hill,11-07-1959,William Castle,Allied Artists,United States,Cosmic Horror,132,PG-13,,$4138573,6.0,109573
5135,Late Night with the Devil,1/7/2023,Colin Cairnes,IFC Films,Australia,Psychological,,NC-17,,"44,680,381",8.2,184242
2252,Shivers,10/03/1975,David Cronenberg,Cinepix,Canada,Cosmic Horror,125min,PG,"1,500,000",$18485513,8.0,349534
3682,DARK WATER,2002/02/28,Hideo Nakata,toho,Japan,Comedy Horror,157,R,$750000,"$8,030,796",5.4,201567
3825,The Descent,05-07-2005,Neil Marshall,Pathe,UK,Splatter,,PG,"1,500,000",$18020687,6.5,274273
1678,Black Sunday,03/11/1960,Mario Bava,Galatea Film,italy,Supernatural|Psychological,113,NC-17,$50000,"$426,793",6.5,469673
3756,Shaun of the Dead,9/27/2004,Edgar Wright,Universal  ,UK,Cosmic Horror,1h 14m,PG-13,"10,000,000",73150220,8.6,235811
4874,Possessor,4/28/2020,Brandon Cronenberg,NEON,canada,Occult,138 min,G,"$300,000",$667524,,151258
2729,  An American Werewolf in London ,1981-09-15,John Landis,universal,UK,Cosmic Horror,89,Unrated,50000,$400014,8.8,172539
2728,An American Werewolf in London,5/18/1981,John Landis,UNIVERSAL,United Kingdom,Cosmic Horror,89 min,Unrated,50000,,8.8,368645
3872,Wolf Creek,05-05-2005,Greg McLean,Roadshow,Australia,Vampire,110,G,$6000000,46531729,,437769
1518,The Curse of Frankenstein,1957-08-18,Terence Fisher,Hammer,United Kingdom,Werewolf|Vampire,129min,PG-13,$10000000,"$139,128,163",6.5,475491
5242,Carnival of Souls,16-02-1962,Herk Harvey,Herts-Lion International,U.S.A.,Body Horror,1h 40m,PG,USD 20000000,,8.7,384323
1061,DRACULA,4/11/1931,Tod Browning,universal,USA ,Found Footage,84 min,R,"$300,000",471267,5.6,28197
4310,The Babadook,14-05-2014,Jennifer Kent,Causeway Films,Australia,Found Footage|Zombie,86min,Unrated,$6000000,49894496,7.0,165899
4391,The Witch,03-06-2015,Robert Eggers,A-24,USA,Haunted House|Body Horror,1h 33m,PG,35000000,"242,985,712",,345624
1560,THE BLOB,1958/08/09,Irvin Yeaworth,Paramount,us,Supernatural,98,NC-17,1500000,20452945,6.0,26670
3205,The Silence of the Lambs,07/13/1991,Jonathan Demme,Orion Pictures,U.S.A.,Supernatural|Kaiju,141 min,NC-17,"$20,000,000",,8.3,14143
1150,The Mummy,8/14/1932,Karl Freund,Universal,USA,Vampire,140 min,Unrated,"$10,000,000",,5.7,71630
3744,High Tension,2003/11/17,,EuropaCorp,france,Zombie|Kaiju,161,G,"$1,500,000","12,580,491",4.6,201023
1619,House on Haunted Hill,1959-02-19,,Allied Artists,U.S.A.,Cosmic Horror,132,PG-13,"300,000",4138573,,446759
4363,Goodnight Mommy,7/2/2014,Veronika Franz,Ulrich Seidl Film,Austria,Giallo,75,G,300000,"165,609",6.1,383678
1180,The Invisible Man,9/9/1933,James Whale,Universal,United States,Vampire,,Not Rated,"20,000,000",208181238,5.8,307699
2229,Deep Red,18-12-1975,Dario Argento,Rizzoli Film,Italy,Supernatural,112 min,,USD 10000000,USD 14234893,8.9,261026
2874,The Beyond,1981/10/22,Lucio Fulci,Fulvia Film,Italy,Gothic,160,,,,7.1,369647
4117,martyrs,11/20/2008,,Wild Bunch,FRANCE,Psychological,116 min,G,USD 20000000,"$87,265,784",5.1,283593
3774,Saw,2004/12/21,James Wan,Lions Gate,United States,Occult,75min,Not Rated,10000000,,6.1,350082
1498,invasion of the body snatchers,02/22/1956,Don Siegel,Allied Artists,USA ,Gothic,2h 3m,R,"$1,500,000","$13,594,388",6.5,248638
3633,Ju-on The Grudge,8/27/2002,Takashi Shimizu,Toei,Japan,Slasher,113,Unrated,"120,000",$547265,5.4,19745
1397,House of Wax,02-09-1953,Andre de Toth,warner bros.,us,Kaiju|Gothic,72,G,"$10,000,000",,8.2,11344
4940,Malignant,2021-12-27,James Wan,Warner Bros,USA ,Zombie,138,,50000,$583939,7.5,134679
4318,The Babadook,2014/06/01,Jennifer Kent,Causeway Films,Australia,Found Footage|Zombie,,Unrated,,"$49,894,496",7.0,120114
3823,The Descent,06/02/2005,Neil Marshall,Pathe,United Kingdom,Splatter,1h 13m,PG,$1500000,,6.5,240616
2849,Poltergeist,20-09-1982,Tobe Hooper,MGM,United States,Cosmic Horror|Gothic,151,PG,"$10,000,000","$77,775,922",9.0,447780
4530,RAW,18-03-2016,Julia Ducournau,Wild Bunch,France,Folk Horror|Cosmic Horror,2h 36m,,"300,000",,8.5,83730
2442,Halloween,1978-05-03,John Carpenter,Compass International,U.S.A.,Supernatural,164,PG-13,"$10,000,000","129,695,880",6.8,49589
3440,Battle Royale,6/13/2000,Kinji Fukasaku,Toei,Nippon,Found Footage,105min,,,10261807,7.7,314786
4861,Saint Maud,2019/05/12,Rose Glass,A-24,United Kingdom,Folk Horror|Supernatural,101 min,NC-17,$3000000,$9179482,8.4,400231
4112,Martyrs,2008/08/14,Pascal Laugier,Wild Bunch,FRANCE,Psychological,1h 56m,G,"$20,000,000","$87,265,784",5.1,148332
4676,Hereditary,7/8/2018,Ari Aster,A-24,us,Zombie,,NC-17,$300000,3726295,7.1,344041
4484,Train to Busan,8/7/2016,Yeon Sang-ho,Next Entertainment World,South Korea,Giallo,165,Unrated,$1500000,"18,027,397",6.7,195330
3950,Inside,2007-11-10,Alexandre Bustillo,La Fabrique de Films,France,Gothic,1h 40m,,35000000,435166860,8.3,442299
3305,Ringu,2/13/1998,Hideo Nakata,Toho Co.,JAPAN,Psychological,71,,20000000,8179313,4.9,184086
2771,Scanners,1981-04-21,David Cronenberg,Avco Embassy,canada,Found Footage,,PG,"$35,000,000","$325,820,643",8.9,440801
4628,It,2017/07/02,Andy Muschietti,warner bros.,us,Zombie|Giallo,89,NC-17,"$1,500,000","1,773,625",5.8,117110
2726,An American Werewolf in London,07-04-1981,John Landis,Universal,United Kingdom,Cosmic Horror,89,Unrated,"$50,000",400014,8.8,445538
3535,THE OTHERS,2/3/2001,Alejandro Amenabar,Warner Bros,Spain,Splatter,160,G,"10,000,000",,8.7,99122
2893,THE BEYOND,1981/05/11,Lucio Fulci,Fulvia Film,ITALY,Gothic,160,Not Rated,3000000,,7.1,390625
2945,  Videodrome ,07-06-1983,David Cronenberg,universal,CANADA,Supernatural,70,NC-17,,391950781,7.4,186138
4401,The Witch,01/25/2015,Robert Eggers,A-24,us,Haunted House|Body Horror,93,PG,,"$242,985,712",8.2,256310
2439,Halloween,11/17/1978,John Carpenter,Compass International,USA,Supernatural,2h 44m,PG-13,USD 10000000,129695880,6.8,388584
5082,INFINITY POOL,2023/01/19,Brandon Cronenberg,Neon,Canada,Cosmic Horror,118 min,PG-13,"$35,000,000","98,151,327",6.4,258398
4504,Train to Busan,2016/06/27,Yeon Sang-ho,Next Entertainment World,South Korea,Giallo,165 min,Unrated,"$1,500,000",18027397,6.7,110513
2337,Suspiria,1977-03-03,Dario Argento,Seda Spettacoli,italy,Occult,145min,Unrated,"35,000,000",113427337,8.9,59317
4474,The Wailing,2016/10/21,Na Hong-jin,20th Century Fox Korea,South Korea,Found Footage,150min,Not Rated,,$6632236,7.6,355827
3578,Pulse,09-07-2001,Kiyoshi Kurosawa,TOHO,Nippon,Creature Feature|Body Horror,99,NC-17,"$300,000","190,306",5.2,38266
2155,the exorcist,06/21/1973,William Friedkin,warner bros.,USA,Haunted House|Vampire,,PG,,$3109059,7.9,250789
2225,Deep Red,1975-12-16,Dario Argento,Rizzoli Film,ITALY,Supernatural,112min,Not Rated,"$10,000,000",14234893,8.9,149473
1659,black sunday,15-12-1960,,Galatea Film,italy,Supernatural|Psychological,113,,50000,"$426,793",6.5,477528
2752,Scanners,8/2/1981,David Cronenberg,Avco Embassy,canada,Found Footage,130,PG,"35,000,000","$325,820,643",8.9,9955
3533,The Others,2001-06-06,Alejandro Amenabar,warner bros.,Spain,Splatter,160,G,$10000000,55008994,8.7,111287
2650,Cannibal Holocaust,1980-09-27,Ruggero Deodato,United Artists Europa,italy,Gothic,2h 6m,NC-17,$120000,"$270,483",6.4,158414
3013,Phenomena,06-09-1985,Dario Argento,DACFILM Rome,Italy,Comedy Horror,130 min,PG-13,$6000000,"$9,032,401",9.1,171207
5088,INFINITY POOL,25-07-2023,Brandon Cronenberg,NEON,CANADA,Cosmic Horror,118min,PG-13,$35000000,,6.4,105211
4775,Midsommar,26-07-2019,Ari Aster,a24,U.S.A.,Comedy Horror,93 min,G,6000000,31450041,6.8,194534
1055,The Phantom of the Opera,25-12-1925,,Universal,USA ,Splatter|Haunted House,154 min,NC-17,"$750,000",USD 4135308,6.1,476021
1760,The Innocents,09/08/1961,,20th Century Fox,U.K.,Splatter,122,NC-17,"$1,500,000","$19,063,753",7.0,468439
2054,Night of the Living Dead,28-06-1968,George Romero,Image Ten,USA,Zombie,108,G,$1500000,$19103735,8.1,220481
4167,Insidious,28-11-2010,James Wan,BlumHouse,USA,Kaiju,122,Not Rated,"$300,000","636,169",5.8,182755
2540,zombie flesh eaters,10-08-1979,Lucio Fulci,Variety Film,Italy,Vampire,142,PG,"20,000,000","61,567,279",8.7,141171
2037,Night of the Living Dead,11/16/1968,George Romero,Image Ten,us,Zombie,108,G,"1,500,000",19103735,8.1,414686
5028,Talk to Me,2022/08/26,Danny Philippou,A24,Australia,Psychological,2h 2m,NC-17,,"$386,552,466",7.5,228907
2504,Alien,6/17/1979,Ridley Scott,20th Century Fox,UK,Occult|Creature Feature,116,G,"$10,000,000","$15,461,470",6.4,375137
1204,Bride of Frankenstein,05-08-1935,James Whale,Universal  ,United States,Giallo,83,,"$6,000,000",,8.0,301106
4973,Barbarian,2022/07/28,Zach Cregger,20th Century Studios,U.S.A.,Cosmic Horror|Giallo,118min,R,"$3,000,000",$12536957,7.6,89061
4584,Get Out,09-06-2017,Jordan Peele,Blumhouse,USA,Comedy Horror,1h 51m,Unrated,120000,1256432,7.9,411826
1969,Kill Baby Kill,8/5/1966,Mario Bava,FUL Films,Italy,Vampire,1h 12m,Unrated,"$6,000,000",USD 49406007,6.1,260781
4115,Martyrs,12/13/2008,Pascal Laugier,Wild Bunch,FRANCE,Psychological,,G,"$20,000,000","87,265,784",5.1,214835
4300,Oculus,9/16/2013,Mike Flanagan,Blumhouse,United States,Kaiju|Haunted House,154,NC-17,,"1,389,242",5.5,232996
3481,Session 9,07/06/2001,Brad Anderson,USA Films,us,Comedy Horror,71,Not Rated,"$3,000,000","$41,390,468",6.7,373032
4522,Raw,2016/04/05,Julia Ducournau,Wild Bunch,france,Folk Horror|Cosmic Horror,2h 36m,R,300000,"$2,396,256",8.5,404501
5218,NOSFERATU,3/7/2024,Robert Eggers,Focus Features,us,Occult,135 min,Not Rated,,"$23,048,052",7.7,86534
4107,Martyrs,2008-06-16,Pascal Laugier,Wild Bunch,France,Psychological,116,G,"$20,000,000","$87,265,784",5.1,320960
2850,Poltergeist,01-05-1982,Tobe Hooper,MGM,USA ,Cosmic Horror|Gothic,151min,PG,$10000000,77775922,9.0,261194
2238,Deep Red,1975/09/23,Dario Argento,Rizzoli Film,italy,Supernatural,112,Not Rated,"$10,000,000","14,234,893",8.9,287401
1173,The Invisible Man,25-05-1933,James Whale,UNIVERSAL,USA ,Vampire,2h 37m,Not Rated,$20000000,"$208,181,238",5.8,251462
1514,The Curse of Frankenstein,1957-04-13,Terence Fisher,Hammer Films,UK,Werewolf|Vampire,129 min,PG-13,10000000,USD 139128163,6.5,466465
3131,Tetsuo the Iron Man,11/21/1989,Shinya Tsukamoto,Kaijyu Theater,Nippon,Vampire,165min,PG-13,20000000,USD 255667125,6.4,327456
1161,The Mummy,6/20/1932,Karl Freund,Universal  ,USA ,Vampire,2h 20m,Unrated,"$10,000,000","46,257,698",5.7,106072
3702,A Tale of Two Sisters,2003/02/28,Kim Jee-woon,Cineclick Asia,S. Korea,Folk Horror,97 min,PG,"3,000,000",$26985529,9.2,129366
1675,Black Sunday,12/07/1960,Mario Bava,Galatea Film,ITALY,Supernatural|Psychological,113 min,NC-17,50000,426793,6.5,427015
1545,HORROR OF DRACULA,9/28/1958,Terence Fisher,HAMMER FILMS,United Kingdom,Found Footage,117,,"$10,000,000","$99,981,464",8.6,356738
1683,  Eyes Without a Face ,04-12-1960,Georges Franju,Champs-Elysees,France,Giallo,120 min,Unrated,20000000,158166156,8.5,215438
3833,THE DESCENT,16-11-2005,Neil Marshall,Pathe,UK,Splatter,,PG,1500000,18020687,6.5,124311
2199,  The Texas Chain Saw Massacre ,10/8/1974,Tobe Hooper,Bryanston Pictures,U.S.A.,Supernatural,101,PG-13,3000000,$13374047,7.9,71965
4569,Get Out,01/23/2017,Jordan Peele,Blumhouse Productions,U.S.A.,Comedy Horror,111,Unrated,,"1,256,432",7.9,1620
5025,  Pearl ,04/24/2022,Ti West,a24,United States,Cosmic Horror,144 min,G,3000000,36671785,,156394
3400,The Sixth Sense,1999/08/09,M. Night Shyamalan,Buena Vista,USA,Comedy Horror,157,G,300000,"$3,957,945",5.3,405483
1499,Invasion of the Body Snatchers,1956/10/23,Don Siegel,Allied Artists,U.S.A.,Gothic,123 min,R,,13594388,6.5,112595
1031,Nosferatu,3/13/1922,F.W. Murnau,Prana Film,Germany,Kaiju,96 min,Unrated,35000000,"$186,704,614",5.9,106937
4579,Get Out,11-03-2017,Jordan Peele,Blumhouse Productions,USA,Comedy Horror,111,Unrated,,1256432,7.9,311317
5302,Carrie,1/6/1976,Brian De Palma,United Artists,United States,Body Horror,135,PG,$50000,"$417,751",8.5,410496
3880,Pan's Labyrinth,2006-03-16,Guillermo del Toro,Warner Bros. Pictures,Spain,Folk Horror,91 min,Unrated,300000,806854,4.6,179917
3531,The Others,25-05-2001,Alejandro Amenabar,warner bros.,Spain,Splatter,,G,$10000000,"$55,008,994",8.7,149784
2361,Eraserhead,1977/08/11,David Lynch,Libra Films,USA ,Zombie,149,PG-13,"$3,000,000",39909840,8.3,17600
3211,THE SILENCE OF THE LAMBS,1991/11/08,,Orion Pictures,USA,Supernatural|Kaiju,141 min,NC-17,"$20,000,000",,8.3,140112
2005,Rosemary's Baby,1968/05/12,Roman Polanski,paramount,U.S.A.,Giallo,2h 17m,PG,$20000000,,6.7,473598
4858,Saint Maud,2019-09-04,Rose Glass,A24,England,Folk Horror|Supernatural,101,NC-17,"$3,000,000","9,179,482",8.4,148124
3773,Saw,27-06-2004,James Wan,Lions Gate,USA,Occult,75,Not Rated,"10,000,000",$126782523,6.1,12101
1708,Eyes Without a Face,9/4/1960,Georges Franju,Champs-Elysees,FRANCE,Giallo,120min,Unrated,$20000000,"158,166,156",8.5,337652
1574,The Blob,8/12/1958,Irvin Yeaworth,Paramount Pictures,USA ,Supernatural,98,NC-17,"$1,500,000",USD 20452945,6.0,430501
2400,Rabid,6/9/1977,David Cronenberg,Cinepix,CANADA,Splatter,81 min,G,USD 1500000,693556,7.4,215385
1112,Frankenstein,4/18/1931,James Whale,Universal  ,United States,Supernatural|Slasher,117,NC-17,750000,"1,599,134",6.4,328647
4372,Goodnight Mommy,04/18/2014,Veronika Franz,Ulrich Seidl Film,Austria,Giallo,75,G,300000,,6.1,433430
4813,Parasite,2019-06-17,Bong Joon-ho,CJ Entertainment,South Korea,Folk Horror,81,,,"469,037",6.5,49234
4759,Us,22-07-2019,Jordan Peele,Universal  ,USA ,Psychological,131,PG,,"$40,925,924",6.6,204936
4045,Paranormal Activity,2007/02/21,Oren Peli,BlumHouse,USA ,Giallo,73min,R,"$10,000,000",19874391,7.0,392971
2304,The Omen,1/23/1976,Richard Donner,20th Century Fox,USA,Vampire,144 min,PG,"$3,000,000","5,923,606",8.9,41686
3309,  Ringu ,26-12-1998,Hideo Nakata,TOHO,Nippon,Psychological,71,PG,USD 20000000,"8,179,313",4.9,154904
1782,Carnival of Souls,1962-03-19,Herk Harvey,Herts-Lion International,USA,Body Horror,100,PG,$20000000,"$22,553,699",8.7,35496
3058,The Fly,1986-08-08,David Cronenberg,20th Century Fox,U.S.A.,Cosmic Horror,104,R,"$35,000,000","$407,590,945",7.8,166928
5140,Late Night with the Devil,21-05-2023,Colin Cairnes,IFC Films,Australia,Psychological,70min,NC-17,,,8.2,397455
3973,REC,2007/08/19,Jaume Balaguero,Filmax,Spain,Zombie,144 min,PG,"20,000,000","$126,904,732",7.4,149475
3853,Wolf Creek,2005-07-28,Greg McLean,Roadshow,Australia,Vampire,110,G,6000000,,7.5,241244
4306,The Babadook,12/01/2014,Jennifer Kent,Causeway Films,Australia,Found Footage|Zombie,86 min,Unrated,"6,000,000",USD 49894496,7.0,380167
5336,house,5/13/1977,Nobuhiko Obayashi,Toho Co.,Japan,Creature Feature,157,Not Rated,"$120,000","$385,505",8.3,237602
2935,  Videodrome ,10/2/1983,David Cronenberg,Universal  ,Canada,Supernatural,1h 10m,NC-17,USD 35000000,"391,950,781",7.4,142222
2059,Witchfinder General,11-09-1968,Michael Reeves,Tigon,U.K.,Giallo,153,,USD 10000000,,8.5,305021
1785,Carnival of Souls,23-09-1962,Herk Harvey,Herts-Lion International,U.S.A.,Body Horror,100,PG,$20000000,USD 22553699,8.7,329971
1699,Eyes Without a Face,10/18/1960,,Champs-Elysees,France,Giallo,120 min,Unrated,"$20,000,000",$158166156,8.5,357325
1384,The Thing from Another World,10/15/1951,Christian Nyby,RKO Radio Pictures,us,Giallo|Creature Feature,81,Unrated,50000,"36,116",,214804
2778,Scanners,11-04-1981,David Cronenberg,Avco Embassy,canada,Found Footage,130min,PG,"35,000,000",,8.9,422552
4996,  Barbarian ,2022-05-01,Zach Cregger,20th Century Studios,United States,Cosmic Horror|Giallo,1h 58m,R,"$3,000,000","$12,536,957",7.6,79058
4764,Midsommar,2019/02/10,Ari Aster,A-24,USA,Comedy Horror,1h 33m,G,"$6,000,000","$31,450,041",6.8,438253
1088,Frankenstein,09/12/1931,James Whale,Universal Pictures,U.S.A.,Supernatural|Slasher,1h 57m,NC-17,"750,000",1599134,6.4,107212
4979,Barbarian,2022-12-03,Zach Cregger,20th Century Studios,us,Cosmic Horror|Giallo,118,R,$3000000,"12,536,957",7.6,216913
3048,Re-Animator,21-10-1985,Stuart Gordon,Empire Pictures,U.S.A.,Body Horror,140,Unrated,"$120,000","$1,181,119",9.0,233035
2364,Eraserhead,12/12/1977,David Lynch,Libra Films,USA ,Zombie,2h 29m,PG-13,"$3,000,000","39,909,840",8.3,229753
1287,cat people,10-08-1942,Jacques Tourneur,RKO Radio Pictures,USA ,Werewolf|Creature Feature,74,Not Rated,$300000,"$927,054",6.8,129788
4422,Green Room,2015-05-21,Jeremy Saulnier,A-24,us,Body Horror,94,G,"$750,000",,9.0,54931
1919,Kwaidan,04/05/1964,Masaki Kobayashi,Toho,Japan,Comedy Horror|Gothic,2h 32m,PG-13,"50,000","403,655",6.6,228975
2903,City of the Living Dead,06/26/1980,Lucio Fulci,Dania Film,Italy,Psychological,1h 42m,G,"$3,000,000","6,159,368",8.8,279136
2325,Suspiria,7/19/1977,Dario Argento,Seda Spettacoli,italy,Occult,145,Unrated,"$35,000,000",113427337,8.9,470631
4652,A Quiet Place,11/24/2018,John Krasinski,Paramount Pictures,United States,Supernatural,1h 40m,Not Rated,"$300,000",3147005,8.7,368176
1399,HOUSE OF WAX,1953-03-20,Andre de Toth,warner bros.,us,Kaiju|Gothic,72,G,USD 10000000,"90,384,239",8.2,464685
4473,The Wailing,19-09-2016,,20th Century Fox Korea,Korea,Found Footage,150min,Not Rated,750000,"$6,632,236",7.6,421545
2237,Deep Red,2/14/1975,Dario Argento,Rizzoli Film,ITALY,Supernatural,112,Not Rated,"10,000,000","14,234,893",8.9,294028
2292,Carrie,1/6/1976,Brian De Palma,United Artists,United States,Body Horror,135,PG,$50000,"$417,751",8.5,410496
3613,Ju-on The Grudge,8/22/2002,Takashi Shimizu,Toei,JAPAN,Slasher,113,Unrated,120000,"$547,265",5.4,282126
3084,Hellraiser,7/17/1987,Clive Barker,New World Pictures,UK,Slasher,98,G,"$50,000","269,251",6.8,95909
2159,  The Exorcist ,16-08-1973,William Friedkin,Warner Bros,United States,Haunted House|Vampire,105min,PG,1500000,"$3,109,059",7.9,192448
5298,Nosferatu,1922/02/04,F.W. Murnau,Prana Film,Germany,Kaiju,96,Unrated,35000000,186704614,5.9,417025
3722,high tension,08-11-2003,Alexandre Aja,EuropaCorp,FRANCE,Zombie|Kaiju,161,G,"$1,500,000","12,580,491",4.6,80981
4717,Suspiria,8/10/2018,Luca Guadagnino,Amazon Studios,italy,Folk Horror|Splatter,154,,"300,000",3561660,8.6,279267
5180,The Substance,2024/01/12,Coralie Fargeat,Mubi,france,Psychological,75 min,NC-17,50000,"101,442",8.3,48040
5237,Nosferatu,2024/02/26,Robert Eggers,Focus Features,United States,Occult,135min,,"10,000,000","23,048,052",7.7,16520
3589,28 Days Later,7/25/2002,Danny Boyle,Fox Searchlight,England,Folk Horror,147min,R,"6,000,000",25855318,8.7,171819
4949,X,2022/04/08,Ti West,A24,United States,Splatter,126,NC-17,$20000000,"$253,893,251",7.9,197401
3025,Re-Animator,3/2/1985,Stuart Gordon,Empire Pictures,U.S.A.,Body Horror,140,Unrated,120000,1181119,9.0,327517
1838,the haunting,1963-01-21,Robert Wise,MGM,England,Splatter,,Unrated,USD 1500000,"$10,197,106",7.7,302016
2356,Eraserhead,12-11-1977,David Lynch,Libra Films,USA ,Zombie,149 min,PG-13,USD 3000000,"$39,909,840",8.3,120093
1730,Peeping Tom,1960/11/09,Michael Powell,Anglo-Amalgamated,England,Werewolf,96 min,,"$1,500,000","$16,521,182",8.0,140191
4891,possessor,08-04-2020,Brandon Cronenberg,neon,canada,Occult,138,G,USD 300000,$667524,8.1,84179
3795,Saw,2004-12-17,,Lions Gate,us,Occult,75,Not Rated,$10000000,"126,782,523",6.1,91662
4901,TITANE,16-11-2021,Julia Ducournau,Neon,France,Werewolf,98 min,PG-13,"$20,000,000",191227230,4.7,175642
2257,Shivers,8/15/1975,David Cronenberg,Cinepix,CANADA,Cosmic Horror,125,PG,1500000,"$18,485,513",8.0,298372
4213,Sinister,2012/09/27,Scott Derrickson,Blumhouse,United States,Found Footage|Zombie,78,,"6,000,000",$66545124,5.4,441573
2909,City of the Living Dead,1980/08/09,Lucio Fulci,Dania Film,italy,Psychological,102 min,G,USD 3000000,"6,159,368",8.8,216576
3695,A Tale of Two Sisters,12/13/2003,Kim Jee-woon,Cineclick Asia,South Korea,Folk Horror,97,PG,"3,000,000","$26,985,529",9.2,24631
2366,eraserhead,11-03-1977,David Lynch,Libra Films,USA ,Zombie,149min,PG-13,3000000,USD 39909840,8.3,105178
4393,THE WITCH,22-02-2015,Robert Eggers,A24,United States,Haunted House|Body Horror,1h 33m,PG,35000000,242985712,8.2,368440
5133,Late Night with the Devil,08/07/2023,Colin Cairnes,IFC Films,Australia,Psychological,70min,NC-17,"$6,000,000",$44680381,8.2,54051
1312,I WALKED WITH A ZOMBIE,1943/10/04,Jacques Tourneur,RKO Radio Pictures,United States,Found Footage,144,R,300000,$2896340,8.9,344712
5329,Jacob's Ladder,13-05-1990,Adrian Lyne,TriStar Pictures,U.S.A.,Vampire,1h 47m,Not Rated,120000,USD 1088354,5.5,254820
4980,Barbarian,08/13/2022,Zach Cregger,20th Century Studios,United States,Cosmic Horror|Giallo,118 min,R,"$3,000,000",$12536957,7.6,243958
3675,Dark Water,11/04/2002,Hideo Nakata,TOHO,Japan,Comedy Horror,157,R,"$750,000","8,030,796",5.4,473638
2046,Night of the Living Dead,06-04-1968,George Romero,Image Ten,us,Zombie,108min,G,"$1,500,000","19,103,735",8.1,382069
2711,An American Werewolf in London,06/25/1981,John Landis,universal,U.K.,Cosmic Horror,89 min,Unrated,50000,,8.8,435299
4452,The Wailing,2016/02/21,Na Hong-jin,20th Century Fox Korea,S. Korea,Found Footage,2h 30m,Not Rated,750000,,7.6,125914
1981,Kill Baby Kill,07/12/1966,Mario Bava,FUL Films,ITALY,Vampire,72,Unrated,,49406007,6.1,160115
2123,the wicker man,1973-12-12,Robin Hardy,British Lion Films,U.K.,Zombie,77,Unrated,"$6,000,000",,5.9,337255
5357,Candyman,1992/01/22,Bernard Rose,TriStar Pictures,USA ,Comedy Horror|Zombie,1h 18m,PG-13,USD 50000,197869,6.1,369381
1535,Horror of Dracula,1958/09/02,Terence Fisher,Hammer,England,Found Footage,117 min,R,"$10,000,000",$99981464,8.6,311347
1539,Horror of Dracula,08-07-1958,Terence Fisher,Hammer,England,Found Footage,117 min,R,,$99981464,8.6,446353
3459,Session 9,2001-08-21,Brad Anderson,USA Films,U.S.A.,Comedy Horror,71,Not Rated,USD 3000000,"$41,390,468",6.7,276067
3483,  Session 9 ,2001-01-13,Brad Anderson,USA Films,United States,Comedy Horror,71,Not Rated,"3,000,000","$41,390,468",6.7,318259
5081,Skinamarink,2022/07/14,Kyle Edward Ball,IFC Midnight,Canada,Splatter,161min,G,1500000,11408908,,444369
1100,Frankenstein,1931-12-01,James Whale,Universal Pictures,USA,Supernatural|Slasher,,NC-17,750000,$1599134,6.4,213279
4440,  Green Room ,14-11-2015,Jeremy Saulnier,a24,United States,Body Horror,1h 34m,G,"750,000","$9,129,839",9.0,463895
1863,Blood and Black Lace,1964-03-03,Mario Bava,Emmepi Cinematografica,Italy,Gothic|Giallo,143min,NC-17,"$120,000",,8.4,312035
4968,Barbarian,10/15/2022,Zach Cregger,20th Century Studios,USA ,Cosmic Horror|Giallo,118min,R,"$3,000,000","12,536,957",7.6,473123
3915,The Host,3/17/2006,Bong Joon-ho,Showbox,South Korea,Slasher,83min,NC-17,USD 3000000,"$33,187,930",9.0,263671
4140,  Trick 'r Treat ,2007-02-24,Michael Dougherty,Warner Bros,USA,Slasher,161 min,R,"$20,000,000",USD 87142789,,21592
4755,US,2019/08/01,Jordan Peele,UNIVERSAL,United States,Psychological,,PG,"$10,000,000","40,925,924",6.6,199991
1191,The Invisible Man,02-03-1933,James Whale,Universal,USA,Vampire,157,,"$20,000,000",USD 208181238,5.8,176439
3288,ringu,8/5/1998,Hideo Nakata,Toho Co.,JAPAN,Psychological,71,PG,"20,000,000","$8,179,313",4.9,128461
2584,The Shining,07-08-1980,Stanley Kubrick,WARNER BROS.,USA ,Psychological|Supernatural,151,Not Rated,"$750,000","$2,789,629",6.8,461104
1533,Horror of Dracula,3/2/1958,Terence Fisher,HAMMER FILMS,UK,Found Footage,117,R,$10000000,99981464,8.6,470941
1151,The Mummy,13-09-1932,Karl Freund,Universal,United States,Vampire,140,Unrated,10000000,"$46,257,698",5.7,210040
3118,Evil Dead II,01-07-1987,,De Laurentiis,USA ,Comedy Horror,139,R,"35,000,000",$148908651,5.8,355870
1732,Peeping Tom,12/13/1960,Michael Powell,Anglo-Amalgamated,UK,Werewolf,96,PG,USD 1500000,"$16,521,182",8.0,1420
3747,High Tension,12/05/2003,Alexandre Aja,EuropaCorp,france,Zombie|Kaiju,161,G,$1500000,"12,580,491",4.6,315058
5260,  Skinamarink ,2022-07-19,Kyle Edward Ball,IFC Midnight,Canada,Splatter,2h 41m,G,"$1,500,000",,5.1,110319
1712,Peeping Tom,1960/07/16,Michael Powell,Anglo-Amalgamated,England,Werewolf,96,PG,"$1,500,000","16,521,182",8.0,6686
5356,Eraserhead,23-03-1977,David Lynch,Libra Films,USA,Zombie,149,PG-13,USD 3000000,$39909840,8.3,478372
1750,The Innocents,8/19/1961,Jack Clayton,20th Century Fox,UK,Splatter,122,NC-17,"1,500,000",USD 19063753,7.0,78826
3436,  Battle Royale ,2000/12/05,Kinji Fukasaku,Toei,Japan,Found Footage,105 min,,"$1,500,000","$10,261,807",7.7,26424
3970,REC,11/05/2007,Jaume Balaguero,Filmax,Spain,Zombie,2h 24m,PG,"20,000,000",USD 126904732,7.4,452694
1684,Eyes Without a Face,1960/11/25,Georges Franju,Champs-Elysees,FRANCE,Giallo,120 min,Unrated,20000000,"158,166,156",8.5,124870
1419,Creature from the Black Lagoon,5/19/1954,Jack Arnold,universal,United States,Psychological|Cosmic Horror,,PG,10000000,$131198528,4.7,346812
2916,City of the Living Dead,1980-07-16,Lucio Fulci,Dania Film,Italy,Psychological,1h 42m,G,,"$6,159,368",8.8,335802
4232,The Conjuring,2013/05/06,James Wan,warner bros.,U.S.A.,Werewolf,91,Unrated,$50000,"$75,128",9.0,404160
3997,The Orphanage,2007/08/02,,Warner Bros. Pictures,Spain,Creature Feature|Haunted House,145 min,R,"$20,000,000","$220,449,652",5.4,312724
3538,  The Others ,2001-05-10,Alejandro Amenabar,Warner Bros,Spain,Splatter,160,G,$10000000,USD 55008994,8.7,340998
3553,Pulse,27-01-2001,Kiyoshi Kurosawa,Toho,JAPAN,Creature Feature|Body Horror,99 min,NC-17,300000,"$190,306",5.2,305792
4689,Hereditary,28-01-2018,Ari Aster,A-24,USA ,Zombie,118,NC-17,$300000,"$3,726,295",,428770
4560,The Autopsy of Jane Doe,2016/02/01,Andre Ovredal,IFC Midnight,United Kingdom,Psychological|Giallo,102,R,$120000,"$757,476",8.7,69664
5040,Talk to Me,2022-10-14,Danny Philippou,a24,Australia,Psychological,122min,NC-17,,$386552466,7.5,252813
2970,A Nightmare on Elm Street,1984/11/09,Wes Craven,New Line,United States,Werewolf,117,Not Rated,1500000,,5.9,411986
1133,freaks,10/11/1932,Tod Browning,MGM,USA,Cosmic Horror,72 min,Unrated,,,4.6,63054
3568,Pulse,9/11/2001,Kiyoshi Kurosawa,toho,JAPAN,Creature Feature|Body Horror,99 min,NC-17,"$300,000",190306,5.2,285927
1668,Black Sunday,12/24/1960,Mario Bava,Galatea Film,ITALY,Supernatural|Psychological,113 min,NC-17,"$50,000",$426793,6.5,376321
1206,Bride of Frankenstein,5/6/1935,James Whale,UNIVERSAL,us,Giallo,83 min,PG-13,"$6,000,000","$69,360,250",8.0,232113
5139,Late Night with the Devil,2023-03-20,Colin Cairnes,IFC Films,Australia,Psychological,70,NC-17,"6,000,000",USD 44680381,8.2,81997
2756,  Scanners ,22-12-1981,David Cronenberg,Avco Embassy,CANADA,Found Footage,130 min,PG,,325820643,8.9,196128
1140,Freaks,1932-08-15,Tod Browning,MGM,USA,Cosmic Horror,72 min,Unrated,"6,000,000",5451081,4.6,427697
4244,The Conjuring,02/06/2013,James Wan,Warner Bros.,USA ,Werewolf,91,Unrated,"50,000",75128,9.0,475495
4264,The Conjuring,2013-01-24,James Wan,Warner Bros,United States,Werewolf,91,Unrated,"$50,000","$75,128",9.0,185596
3657,Dark Water,2002/03/03,Hideo Nakata,toho,Nippon,Comedy Horror,2h 37m,R,"$750,000","8,030,796",5.4,77074
1897,Kwaidan,4/22/1964,Masaki Kobayashi,Toho Co.,JAPAN,Comedy Horror|Gothic,,PG-13,$50000,"$403,655",6.6,438011
2594,The Shining,10/14/1980,Stanley Kubrick,warner bros.,USA ,Psychological|Supernatural,151 min,Not Rated,"$750,000","$2,789,629",6.8,377012
3931,THE HOST,2006-06-19,Bong Joon-ho,Showbox,South Korea,Slasher,,NC-17,"$3,000,000",,9.0,217832
2428,House,01/17/1977,Nobuhiko Obayashi,Toho,Nippon,Creature Feature,157,Not Rated,"$120,000",USD 385505,8.3,416064
1755,The Innocents,08/02/1961,Jack Clayton,20th Century Fox,UK,Splatter,122,NC-17,$1500000,"19,063,753",,223345
5234,Nosferatu,2024/12/26,Robert Eggers,Focus Features,us,Occult,135 min,Not Rated,"$10,000,000",23048052,7.7,79657
3009,Phenomena,10/08/1985,Dario Argento,DACFILM Rome,Italy,Comedy Horror,130,PG-13,6000000,9032401,,297332
1335,The Uninvited,11/12/1944,Lewis Allen,Paramount Pictures,us,Found Footage,125 min,Unrated,$50000,"$55,760",8.7,454764
4187,The Cabin in the Woods,2011/11/23,Drew Goddard,Lionsgate,USA ,Body Horror,107 min,Not Rated,"$35,000,000",16820487,7.4,317689
5200,LONGLEGS,04/28/2024,Osgood Perkins,neon,USA,Gothic,160,NC-17,"$10,000,000","$54,792,293",6.0,254221
3996,The Orphanage,2/26/2007,J.A. Bayona,Warner Bros. Pictures,Spain,Creature Feature|Haunted House,145 min,R,$20000000,"$220,449,652",5.4,444967
3145,Tetsuo the Iron Man,1989/12/09,,Kaijyu Theater,Nippon,Vampire,165,PG-13,"20,000,000",USD 255667125,6.4,166215
1799,  The Birds ,1963/06/27,Alfred Hitchcock,Universal  ,USA ,Slasher|Psychological,106,PG-13,3000000,USD 34881029,5.2,421579
3334,Audition,1/13/1999,Takashi Miike,Omega Project,JAPAN,Psychological|Occult,160 min,Unrated,6000000,33618699,8.3,20851
4672,A Quiet Place,2018-10-17,John Krasinski,Paramount Pictures,USA ,Supernatural,100 min,Not Rated,300000,USD 3147005,8.7,316812
2275,CARRIE,1976-11-23,,United Artists,us,Body Horror,135min,PG,$50000,"417,751",8.5,135469
3870,Wolf Creek,2005-01-05,Greg McLean,Roadshow,Australia,Vampire,110,G,,"46,531,729",7.5,221675
1510,The Curse of Frankenstein,10-03-1957,Terence Fisher,Hammer Films,U.K.,Werewolf|Vampire,,PG-13,"10,000,000","$139,128,163",6.5,153752
3261,Cronos,1993-09-01,Guillermo del Toro,October Films,Mexico,Werewolf|Body Horror,71,R,"$120,000",200544,5.0,458257
4342,It Follows,5/5/2014,David Robert Mitchell,Radius-TWC,us,Found Footage,93,,"$1,500,000","$15,379,273",8.1,168123
4489,TRAIN TO BUSAN,2016-06-17,Yeon Sang-ho,Next Entertainment World,Korea,Giallo,165,Unrated,"1,500,000",,6.7,125466
1551,Horror of Dracula,1958-12-28,Terence Fisher,Hammer,U.K.,Found Footage,117,R,"$10,000,000",99981464,8.6,82999
4674,Hereditary,19-04-2018,Ari Aster,A-24,U.S.A.,Zombie,118min,NC-17,$300000,"3,726,295",7.1,203308
4698,  Hereditary ,2018/12/27,Ari Aster,A24,United States,Zombie,118 min,NC-17,300000,3726295,7.1,166738
3406,THE SIXTH SENSE,10-10-1999,M. Night Shyamalan,Buena Vista,U.S.A.,Comedy Horror,157,G,300000,,5.3,31539
4481,The Wailing,2016/08/08,Na Hong-jin,20th Century Fox Korea,Korea,Found Footage,150 min,Not Rated,"$750,000",6632236,7.6,52734
2178,Don't Look Now,01/07/1973,Nicolas Roeg,Casey Productions,U.K.,Zombie|Found Footage,121 min,R,3000000,"$8,311,755",5.4,328546
4002,The Orphanage,20-03-2007,J.A. Bayona,Warner Bros. Pictures,Spain,Creature Feature|Haunted House,145 min,R,"20,000,000",,5.4,437658
1823,the haunting,1963/06/27,Robert Wise,MGM,United Kingdom,Splatter,90,Unrated,USD 1500000,"$10,197,106",7.7,248150
2448,Halloween,7/21/1978,John Carpenter,Compass International,U.S.A.,Supernatural,164,PG-13,,129695880,6.8,54439
3090,Hellraiser,03-11-1987,Clive Barker,New World Pictures,England,Slasher,98 min,G,$50000,269251,6.8,103614
3134,Tetsuo the Iron Man,2/5/1989,Shinya Tsukamoto,Kaijyu Theater,Nippon,Vampire,165,PG-13,,255667125,6.4,279680
4750,Us,9/22/2019,Jordan Peele,UNIVERSAL,USA ,Psychological,,PG,"$10,000,000",40925924,6.6,334335
1745,The Innocents,12/15/1961,Jack Clayton,20th Century Fox,United Kingdom,Splatter,122 min,NC-17,1500000,$19063753,7.0,335374
3442,Battle Royale,07/14/2000,Kinji Fukasaku,Toei,JAPAN,Found Footage,1h 45m,PG-13,1500000,10261807,7.7,294521
3745,High Tension,14-07-2003,Alexandre Aja,EuropaCorp,France,Zombie|Kaiju,161,G,USD 1500000,12580491,4.6,273761
3986,The Orphanage,10/14/2007,J.A. Bayona,Warner Bros. Pictures,Spain,Creature Feature|Haunted House,2h 25m,R,"$20,000,000",220449652,5.4,383198
4523,Raw,11/25/2016,Julia Ducournau,Wild Bunch,FRANCE,Folk Horror|Cosmic Horror,2h 36m,R,USD 300000,"2,396,256",8.5,388617
1257,The Wolf Man,1941/04/07,George Waggner,UNIVERSAL,us,Psychological,126,Not Rated,USD 35000000,341406775,5.4,3611
5291,Evil Dead II,1987/07/23,Sam Raimi,De Laurentiis,U.S.A.,Comedy Horror,139 min,R,35000000,,5.8,228966
2235,Deep Red,24-02-1975,Dario Argento,Rizzoli Film,italy,Supernatural,,Not Rated,"$10,000,000",14234893,8.9,249287
1427,Creature from the Black Lagoon,1954-04-11,Jack Arnold,Universal,USA ,Psychological|Cosmic Horror,1h 20m,PG,10000000,USD 131198528,4.7,401950
4805,The Lighthouse,2019/12/23,Robert Eggers,A-24,USA,Haunted House,126 min,Unrated,"$300,000",2231378,8.3,133836
3210,the silence of the lambs,1991-07-27,Jonathan Demme,Orion Pictures,us,Supernatural|Kaiju,141,NC-17,"$20,000,000","$197,214,540",8.3,22477
4947,  X ,02/13/2022,Ti West,A24,USA,Splatter,2h 6m,NC-17,,"$253,893,251",7.9,8877
1473,Invasion of the Body Snatchers,10/12/1956,Don Siegel,Allied Artists,U.S.A.,Gothic,123,R,$1500000,13594388,6.5,282707
4513,Raw,11/13/2016,Julia Ducournau,Wild Bunch,france,Folk Horror|Cosmic Horror,156,R,"300,000","2,396,256",8.5,437489
4268,Oculus,1/18/2013,Mike Flanagan,Blumhouse Productions,USA,Kaiju|Haunted House,154,NC-17,"$120,000",1389242,5.5,317854
1926,Repulsion,1965/05/13,Roman Polanski,Compton Films,UK,Cosmic Horror|Supernatural,2h 22m,PG,"$300,000","4,103,145",7.3,310191
4606,It,6/26/2017,Andy Muschietti,Warner Bros.,us,Zombie|Giallo,89,NC-17,1500000,"1,773,625",5.8,71893
2253,Shivers,1975-11-04,David Cronenberg,Cinepix,canada,Cosmic Horror,125,PG,,"$18,485,513",8.0,307798
3912,The Host,10/03/2006,Bong Joon-ho,Showbox,S. Korea,Slasher,83,NC-17,"$3,000,000","$33,187,930",9.0,328810
2435,House,06-01-1977,Nobuhiko Obayashi,toho,Japan,Creature Feature,157,Not Rated,$120000,385505,8.3,217939
4105,Martyrs,27-11-2008,Pascal Laugier,Wild Bunch,FRANCE,Psychological,116 min,G,20000000,"$87,265,784",5.1,284470
4870,Possessor,10/23/2020,Brandon Cronenberg,NEON,Canada,Occult,138,G,$300000,"$667,524",8.1,164454
2662,CANNIBAL HOLOCAUST,1980-07-18,Ruggero Deodato,United Artists Europa,Italy,Gothic,2h 6m,NC-17,120000,,6.4,444537
4379,Goodnight Mommy,2014-07-18,Veronika Franz,Ulrich Seidl Film,Austria,Giallo,75min,G,"$300,000","165,609",6.1,176837
3282,Ringu,06/11/1998,Hideo Nakata,Toho Co.,JAPAN,Psychological,1h 11m,PG,USD 20000000,8179313,4.9,334827
2103,The Wicker Man,1973-09-10,Robin Hardy,British Lion Films,United Kingdom,Zombie,77min,Unrated,6000000,$4977047,5.9,288477
2138,The Exorcist,02/02/1973,William Friedkin,Warner Bros.,USA,Haunted House|Vampire,1h 45m,PG,"$1,500,000",3109059,7.9,356378
4194,The Cabin in the Woods,2011-03-10,Drew Goddard,Lionsgate,USA,Body Horror,107,Not Rated,"$35,000,000",USD 16820487,7.4,19042
3424,Battle Royale,01-07-2000,Kinji Fukasaku,Toei,Nippon,Found Footage,105,PG-13,"$1,500,000","$10,261,807",7.7,473894
4600,It,7/2/2017,Andy Muschietti,Warner Bros,U.S.A.,Zombie|Giallo,89,NC-17,"$1,500,000",USD 1773625,5.8,108488
2484,Dawn of the Dead,1978/01/21,George Romero,United Film Distribution,U.S.A.,Werewolf,135,Unrated,"10,000,000",44664160,8.1,215868
1660,Black Sunday,1960/08/18,Mario Bava,Galatea Film,italy,Supernatural|Psychological,113min,,"50,000","426,793",6.5,129257
4598,Get Out,2017/05/01,Jordan Peele,Blumhouse,us,Comedy Horror,111 min,Unrated,"120,000","$1,256,432",7.9,258474
2036,Night of the Living Dead,8/14/1968,George Romero,Image Ten,United States,Zombie,,G,$1500000,19103735,8.1,108533
1618,  House on Haunted Hill ,12-12-1959,William Castle,Allied Artists,USA,Cosmic Horror,132,PG-13,300000,4138573,6.0,430502
3296,Ringu,1998/05/04,Hideo Nakata,Toho Co.,Japan,Psychological,1h 11m,PG,"$20,000,000",8179313,4.9,68463
3389,The Blair Witch Project,08-01-1999,Daniel Myrick,Artisan Entertainment,us,Splatter,118min,Unrated,300000,"2,812,847",9.0,37776
2587,The Shining,11/1/1980,Stanley Kubrick,warner bros.,USA ,Psychological|Supernatural,2h 31m,Not Rated,$750000,USD 2789629,6.8,169601
3243,  Candyman ,09-11-1992,Bernard Rose,TriStar Pictures,USA,Comedy Horror|Zombie,78,PG-13,$50000,197869,6.1,70532
2673,Cannibal Holocaust,1980/01/13,Ruggero Deodato,United Artists Europa,ITALY,Gothic,126,NC-17,"$120,000",USD 270483,6.4,346931
1001,Nosferatu,2/2/1922,F.W. Murnau,Prana Film,Germany,Kaiju,96min,Unrated,$35000000,186704614,5.9,159179
4592,Get Out,2017-05-04,,Blumhouse Productions,U.S.A.,Comedy Horror,111 min,Unrated,120000,"1,256,432",7.9,449334
1022,Nosferatu,1922-11-08,F.W. Murnau,Prana Film,Germany,Kaiju,,Unrated,"$35,000,000",$186704614,5.9,324624
5073,Skinamarink,16-04-2022,Kyle Edward Ball,IFC Midnight,CANADA,Splatter,161,G,"1,500,000",USD 11408908,5.1,317611
3132,tetsuo the iron man,1989/08/07,Shinya Tsukamoto,Kaijyu Theater,Nippon,Vampire,165,PG-13,"$20,000,000","$255,667,125",6.4,104363
3642,Ju-on The Grudge,2002-10-07,Takashi Shimizu,Toei,Japan,Slasher,113min,Unrated,"120,000",USD 547265,5.4,310642
3688,A Tale of Two Sisters,15-06-2003,Kim Jee-woon,Cineclick Asia,South Korea,Folk Horror,97min,PG,"$3,000,000","$26,985,529",9.2,370570
2095,the wicker man,1973/08/23,Robin Hardy,British Lion Films,U.K.,Zombie,77,Unrated,6000000,$4977047,5.9,96786
3793,saw,2/25/2004,James Wan,Lions Gate,United States,Occult,75,Not Rated,10000000,"$126,782,523",6.1,250060
3545,Pulse,07/25/2001,Kiyoshi Kurosawa,Toho,Nippon,Creature Feature|Body Horror,99,NC-17,USD 300000,"$190,306",5.2,154900
4945,X,6/2/2022,,A-24,USA,Splatter,2h 6m,NC-17,$20000000,"253,893,251",7.9,437386
3612,28 Days Later,17-11-2002,Danny Boyle,Fox Searchlight,UK,Folk Horror,,R,$6000000,$25855318,8.7,263423
2150,The Exorcist,20-04-1973,William Friedkin,WARNER BROS.,U.S.A.,Haunted House|Vampire,1h 45m,PG,"1,500,000","$3,109,059",7.9,116746
2328,Suspiria,1977/08/15,Dario Argento,Seda Spettacoli,Italy,Occult,145 min,Unrated,$35000000,,8.9,253078
5347,Deep Red,26-10-1975,Dario Argento,Rizzoli Film,italy,Supernatural,112min,Not Rated,USD 10000000,14234893,8.9,17480
5219,Nosferatu,4/13/2024,Robert Eggers,Focus Features,United States,Occult,135,Not Rated,$10000000,,7.7,344701
1719,PEEPING TOM,1960-11-24,Michael Powell,Anglo-Amalgamated,England,Werewolf,96 min,PG,"$1,500,000","16,521,182",8.0,66887
4571,Get Out,06-05-2017,Jordan Peele,Blumhouse Productions,us,Comedy Horror,111 min,Unrated,120000,"$1,256,432",7.9,77803
4992,Barbarian,2022-11-10,Zach Cregger,20th Century Studios,United States,Cosmic Horror|Giallo,1h 58m,R,3000000,"$12,536,957",7.6,448801
5184,longlegs,07/24/2024,,NEON,U.S.A.,Gothic,,NC-17,10000000,"54,792,293",6.0,37747
1512,The Curse of Frankenstein,1957/06/14,Terence Fisher,Hammer Films,U.K.,Werewolf|Vampire,129 min,PG-13,10000000,$139128163,6.5,185298
4792,The Lighthouse,2/21/2019,Robert Eggers,A24,U.S.A.,Haunted House,126,Unrated,,"2,231,378",,251320
1547,HORROR OF DRACULA,07-02-1958,Terence Fisher,HAMMER FILMS,United Kingdom,Found Footage,117,R,"$10,000,000",USD 99981464,8.6,197756
3601,28 Days Later,12/01/2002,Danny Boyle,Fox Searchlight,United Kingdom,Folk Horror,147,R,"$6,000,000","$25,855,318",8.7,431972
3497,The Devil's Backbone,03/14/2001,Guillermo del Toro,Warner Sogefilms,Spain,Gothic,117 min,PG-13,"$750,000","$555,817",6.6,357036
3818,The Descent,2005-01-03,Neil Marshall,Pathe,United Kingdom,Splatter,73min,PG,,18020687,6.5,108104
3826,The Descent,17-03-2005,Neil Marshall,Pathe,England,Splatter,,PG,"1,500,000","18,020,687",6.5,283724
1439,Creature from the Black Lagoon,1954-04-02,Jack Arnold,UNIVERSAL,U.S.A.,Psychological|Cosmic Horror,80min,PG,10000000,$131198528,4.7,392223
3410,The Sixth Sense,20-09-1999,M. Night Shyamalan,Buena Vista,United States,Comedy Horror,157,G,$300000,3957945,5.3,69386
4868,Saint Maud,2019-06-22,Rose Glass,A-24,U.K.,Folk Horror|Supernatural,101min,NC-17,$3000000,9179482,8.4,224326
4651,A Quiet Place,05/19/2018,John Krasinski,Paramount Pictures,USA ,Supernatural,1h 40m,Not Rated,"$300,000",USD 3147005,8.7,246844
1773,Carnival of Souls,1962/06/06,Herk Harvey,Herts-Lion International,U.S.A.,Body Horror,1h 40m,PG,"$20,000,000",22553699,8.7,156528
4702,  Suspiria ,2018-03-12,Luca Guadagnino,Amazon Studios,ITALY,Folk Horror|Splatter,154,PG,,"$3,561,660",8.6,377040
1199,  Bride of Frankenstein ,1935/10/18,James Whale,Universal Pictures,U.S.A.,Giallo,83min,PG-13,"$6,000,000",,8.0,427465
2759,Scanners,05/14/1981,David Cronenberg,Avco Embassy,canada,Found Footage,2h 10m,,"$35,000,000","$325,820,643",8.9,210845
2840,Poltergeist,1982/09/19,,MGM,us,Cosmic Horror|Gothic,,PG,"$10,000,000",77775922,9.0,15079
1569,The Blob,03/21/1958,Irvin Yeaworth,Paramount Pictures,USA ,Supernatural,98,NC-17,"$1,500,000","$20,452,945",6.0,254923
1825,The Haunting,11/8/1963,Robert Wise,MGM,U.K.,Splatter,90,Unrated,1500000,"$10,197,106",,283421
3901,The Host,27-01-2006,Bong Joon-ho,Showbox,South Korea,Slasher,83 min,NC-17,"3,000,000",$33187930,9.0,440309
1317,I WALKED WITH A ZOMBIE,1943-03-09,Jacques Tourneur,RKO Radio Pictures,U.S.A.,Found Footage,144,R,"300,000",2896340,8.9,274721
4834,parasite,05-02-2019,Bong Joon-ho,CJ Entertainment,Korea,Folk Horror,81,G,"$1,500,000","469,037",6.5,301565
1262,Cat People,9/5/1942,Jacques Tourneur,RKO Radio Pictures,United States,Werewolf|Creature Feature,74,Not Rated,USD 300000,"$927,054",6.8,351013
2649,CANNIBAL HOLOCAUST,12/15/1980,Ruggero Deodato,United Artists Europa,italy,Gothic,126,NC-17,$120000,$270483,6.4,310948
4047,Paranormal Activity,1/16/2007,Oren Peli,Blumhouse Productions,USA ,Giallo,1h 13m,R,"$10,000,000",,7.0,162584
3569,Pulse,2001/04/21,,TOHO,Nippon,Creature Feature|Body Horror,99min,,"$300,000","$190,306",5.2,337372
1182,The Invisible Man,10/27/1933,James Whale,Universal,United States,Vampire,157,Not Rated,USD 20000000,"208,181,238",5.8,474452
4538,Raw,2016-05-05,Julia Ducournau,Wild Bunch,france,Folk Horror|Cosmic Horror,156 min,R,"$300,000",$2396256,8.5,455038
2050,Night of the Living Dead,03/05/1968,George Romero,Image Ten,USA ,Zombie,108,G,"1,500,000",19103735,8.1,237425
2736,An American Werewolf in London,1981-08-23,John Landis,universal,United Kingdom,Cosmic Horror,89,,USD 50000,$400014,8.8,177396
3816,THE DESCENT,2005-06-25,Neil Marshall,Pathe,U.K.,Splatter,73,PG,"1,500,000",18020687,6.5,444338
4622,It,2017/03/19,Andy Muschietti,Warner Bros.,us,Zombie|Giallo,89,NC-17,"$1,500,000",1773625,5.8,178260
2848,Poltergeist,1982/07/11,Tobe Hooper,MGM,United States,Cosmic Horror|Gothic,151,PG,"$10,000,000","$77,775,922",9.0,310477
1192,the invisible man,12/2/1933,James Whale,Universal,us,Vampire,2h 37m,Not Rated,20000000,208181238,5.8,357887
3507,The Devil's Backbone,2001/01/06,Guillermo del Toro,Warner Sogefilms,Spain,Gothic,117,PG-13,"$750,000","555,817",6.6,129081
3801,Saw,03/07/2004,James Wan,Lions Gate,USA,Occult,1h 15m,Not Rated,10000000,126782523,6.1,466128
5252,The Conjuring,08/13/2013,James Wan,Warner Bros.,USA ,Werewolf,91min,,,75128,9.0,284233
4697,Hereditary,3/28/2018,,a24,us,Zombie,,NC-17,$300000,3726295,7.1,286757
2523,Alien,1979-01-19,Ridley Scott,20th Century Fox,United Kingdom,Occult|Creature Feature,116,G,10000000,"$15,461,470",6.4,163505
4146,Trick 'r Treat,06/14/2007,Michael Dougherty,Warner Bros.,U.S.A.,Slasher,161min,R,"$20,000,000",87142789,5.1,450033
2984,A Nightmare on Elm Street,1984/05/10,Wes Craven,New Line,us,Werewolf,117 min,Not Rated,"$1,500,000",$10311433,5.9,119107
2823,The Thing,1982/07/04,,UNIVERSAL,USA ,Folk Horror|Psychological,79min,,,"$21,098,115",8.6,248143
3881,pan's labyrinth,05/03/2006,Guillermo del Toro,Warner Bros. Pictures,Spain,Folk Horror,91,Unrated,$300000,"$806,854",4.6,391949
2001,Rosemary's Baby,26-11-1968,Roman Polanski,Paramount Pictures,U.S.A.,Giallo,137,PG,,"$7,001,250",6.7,428983
3271,Cronos,1993-06-20,Guillermo del Toro,October Films,Mexico,Werewolf|Body Horror,71min,R,"120,000",USD 200544,5.0,43191
2365,Eraserhead,1977/06/15,David Lynch,Libra Films,USA ,Zombie,149,PG-13,"3,000,000",$39909840,8.3,103888
2444,Halloween,18-09-1978,John Carpenter,Compass International,U.S.A.,Supernatural,2h 44m,,"$10,000,000",,6.8,360610
4334,It Follows,2014-12-18,,Radius-TWC,United States,Found Footage,93 min,Unrated,$1500000,USD 15379273,8.1,197842
4020,Paranormal Activity,18-09-2007,Oren Peli,BlumHouse,USA ,Giallo,73,R,"10,000,000",19874391,7.0,314762
4604,It,12/21/2017,Andy Muschietti,Warner Bros,USA,Zombie|Giallo,89,NC-17,1500000,"$1,773,625",5.8,310593
4761,Us,16-12-2019,Jordan Peele,Universal Pictures,U.S.A.,Psychological,131,PG,"$10,000,000","40,925,924",,112262
1894,Onibaba,1964-11-12,Kaneto Shindo,Toho Co.,JAPAN,Supernatural|Found Footage,90,PG,"$35,000,000",254458145,6.4,114237
3618,JU-ON THE GRUDGE,2002/03/27,Takashi Shimizu,Toei,JAPAN,Slasher,113,Unrated,120000,USD 547265,5.4,291089
2236,Deep Red,03/08/1975,Dario Argento,Rizzoli Film,Italy,Supernatural,112,Not Rated,"10,000,000",$14234893,8.9,454992
4590,GET OUT,06/26/2017,,BlumHouse,U.S.A.,Comedy Horror,1h 51m,Unrated,"$120,000",1256432,7.9,36173
2932,Videodrome,1983/12/21,David Cronenberg,universal,canada,Supernatural,70min,NC-17,"$35,000,000","$391,950,781",7.4,101547
3783,Saw,05-05-2004,James Wan,Lions Gate,USA ,Occult,75,Not Rated,"10,000,000","126,782,523",6.1,94545
1104,  Frankenstein ,05/07/1931,James Whale,UNIVERSAL,United States,Supernatural|Slasher,117,NC-17,,$1599134,6.4,291259
1008,Nosferatu,01/26/1922,F.W. Murnau,Prana Film,Germany,Kaiju,96,Unrated,"$35,000,000",$186704614,,306856
4816,Parasite,2019/03/05,Bong Joon-ho,CJ Entertainment,South Korea,Folk Horror,81,G,USD 1500000,USD 469037,6.5,382342
2613,The Shining,7/4/1980,Stanley Kubrick,Warner Bros.,USA,Psychological|Supernatural,2h 31m,Not Rated,"$750,000",2789629,6.8,85553
1544,Horror of Dracula,04/02/1958,Terence Fisher,Hammer,United Kingdom,Found Footage,117,R,,USD 99981464,8.6,264488
4961,X,2022-03-26,Ti West,a24,United States,Splatter,126,NC-17,"$20,000,000","253,893,251",7.9,310163
5083,Infinity Pool,02/07/2023,Brandon Cronenberg,Neon,canada,Cosmic Horror,118,PG-13,35000000,"$98,151,327",6.4,354621
3520,The Others,2001/05/27,Alejandro Amenabar,WARNER BROS.,Spain,Splatter,160,,"$10,000,000",55008994,8.7,264079
3142,Tetsuo the Iron Man,03-05-1989,Shinya Tsukamoto,Kaijyu Theater,Japan,Vampire,165,PG-13,,255667125,6.4,280303
3344,Audition,1999/04/21,Takashi Miike,Omega Project,Nippon,Psychological|Occult,160 min,Unrated,6000000,33618699,8.3,135299
2567,The Brood,1979-07-15,David Cronenberg,New World Pictures,CANADA,Body Horror|Gothic,87,G,$10000000,$30655121,6.1,292807
4037,PARANORMAL ACTIVITY,7/13/2007,Oren Peli,BlumHouse,USA ,Giallo,73 min,R,10000000,19874391,7.0,315348
3171,Jacob's Ladder,5/16/1990,Adrian Lyne,TriStar Pictures,us,Vampire,107,Not Rated,"120,000",1088354,5.5,182309
2937,Videodrome,2/9/1983,David Cronenberg,Universal Pictures,canada,Supernatural,70,NC-17,"$35,000,000","$391,950,781",7.4,201558
4328,The Babadook,04-01-2014,Jennifer Kent,Causeway Films,Australia,Found Footage|Zombie,86,Unrated,6000000,49894496,7.0,84254
5035,Talk to Me,3/14/2022,Danny Philippou,A-24,Australia,Psychological,122min,NC-17,,"$386,552,466",7.5,3014
5144,Late Night with the Devil,15-09-2023,Colin Cairnes,IFC Films,Australia,Psychological,70,NC-17,"$6,000,000",,8.2,182748
1255,The Wolf Man,1941-02-10,George Waggner,universal,United States,Psychological,126,Not Rated,"$35,000,000","$341,406,775",5.4,12195
3491,  Session 9 ,03/16/2001,Brad Anderson,USA Films,us,Comedy Horror,1h 11m,Not Rated,"3,000,000","$41,390,468",6.7,224259
3644,Ju-on The Grudge,14-04-2002,Takashi Shimizu,Toei,Japan,Slasher,1h 53m,Unrated,120000,,5.4,82959
2052,Night of the Living Dead,01/11/1968,George Romero,Image Ten,USA ,Zombie,108,G,USD 1500000,"$19,103,735",8.1,75880
3202,The Silence of the Lambs,1991/02/26,Jonathan Demme,Orion Pictures,us,Supernatural|Kaiju,141,NC-17,$20000000,"$197,214,540",,291754
4227,Sinister,3/13/2012,,BlumHouse,USA,Found Footage|Zombie,78,PG-13,$6000000,,5.4,143915
2119,The Wicker Man,06-01-1973,Robin Hardy,British Lion Films,England,Zombie,77,Unrated,6000000,"$4,977,047",5.9,375682
4450,Green Room,2015/02/18,Jeremy Saulnier,a24,United States,Body Horror,1h 34m,G,"750,000",$9129839,9.0,465634
3753,Shaun of the Dead,11/20/2004,Edgar Wright,universal,England,Cosmic Horror,74,PG-13,"$10,000,000",73150220,8.6,214626
1717,Peeping Tom,04/19/1960,Michael Powell,Anglo-Amalgamated,U.K.,Werewolf,96min,PG,"$1,500,000",,8.0,371236
4776,Midsommar,12/26/2019,Ari Aster,a24,USA,Comedy Horror,93min,G,6000000,31450041,6.8,60050
3345,Audition,10/19/1999,Takashi Miike,Omega Project,Nippon,Psychological|Occult,160,Unrated,"6,000,000","$33,618,699",8.3,97628
2674,Cannibal Holocaust,02/26/1980,Ruggero Deodato,United Artists Europa,italy,Gothic,126 min,NC-17,"$120,000","$270,483",6.4,211893
1091,Frankenstein,1931/05/05,James Whale,UNIVERSAL,us,Supernatural|Slasher,1h 57m,NC-17,"$750,000","1,599,134",6.4,396403
4742,Us,2019/07/17,Jordan Peele,Universal Pictures,USA,Psychological,131min,PG,"10,000,000","$40,925,924",6.6,337866
4048,Paranormal Activity,09-10-2007,Oren Peli,BlumHouse,United States,Giallo,73,R,"$10,000,000",$19874391,7.0,439709
2285,  Carrie ,3/27/1976,Brian De Palma,United Artists,USA ,Body Horror,135,PG,"$50,000","$417,751",8.5,315221
3717,High Tension,25-08-2003,,EuropaCorp,France,Zombie|Kaiju,161,G,USD 1500000,"12,580,491",4.6,209592
5054,Skinamarink,4/28/2022,Kyle Edward Ball,IFC Midnight,Canada,Splatter,2h 41m,G,,,5.1,241918
2501,Dawn of the Dead,06/16/1978,George Romero,United Film Distribution,USA ,Werewolf,135,Unrated,"$10,000,000",USD 44664160,8.1,355893
3496,The Devil's Backbone,10-01-2001,Guillermo del Toro,Warner Sogefilms,Spain,Gothic,117,PG-13,"750,000","$555,817",6.6,392330
3948,Inside,6/25/2007,Alexandre Bustillo,La Fabrique de Films,FRANCE,Gothic,100,Unrated,"35,000,000","$435,166,860",8.3,48151
4575,Get Out,11/13/2017,Jordan Peele,Blumhouse Productions,U.S.A.,Comedy Horror,111min,Unrated,"120,000",USD 1256432,7.9,196057
3346,Audition,1999/03/12,Takashi Miike,Omega Project,Nippon,Psychological|Occult,160,Unrated,"$6,000,000","33,618,699",8.3,164533
4771,Midsommar,12/25/2019,Ari Aster,A-24,USA ,Comedy Horror,93,G,USD 6000000,"$31,450,041",6.8,255913
3917,The Host,2006/01/05,Bong Joon-ho,Showbox,S. Korea,Slasher,83 min,NC-17,3000000,USD 33187930,,479350
3151,TETSUO THE IRON MAN,08/19/1989,Shinya Tsukamoto,Kaijyu Theater,JAPAN,Vampire,165,PG-13,$20000000,$255667125,6.4,477152
3180,Jacob's Ladder,10-10-1990,Adrian Lyne,TriStar Pictures,United States,Vampire,1h 47m,Not Rated,USD 120000,1088354,5.5,148388
1630,Psycho,1960/09/16,Alfred Hitchcock,Paramount,United States,Supernatural,162,PG-13,"120,000","1,526,242",6.9,254080
1094,Frankenstein,28-03-1931,James Whale,Universal  ,USA ,Supernatural|Slasher,1h 57m,NC-17,USD 750000,"$1,599,134",6.4,378017
2084,Witchfinder General,1968-12-03,Michael Reeves,Tigon,England,Giallo,153,Unrated,"$10,000,000",$136636027,8.5,88582
4708,Suspiria,09-02-2018,Luca Guadagnino,Amazon Studios,italy,Folk Horror|Splatter,154,PG,"$300,000",$3561660,8.6,281427
4766,Midsommar,2019-07-12,Ari Aster,A24,us,Comedy Horror,93,G,"$6,000,000","$31,450,041",,405822
1634,Psycho,1960-04-01,Alfred Hitchcock,Paramount,U.S.A.,Supernatural,162 min,PG-13,USD 120000,"1,526,242",6.9,9230
3212,The Silence of the Lambs,1991-08-08,Jonathan Demme,Orion Pictures,USA ,Supernatural|Kaiju,141 min,NC-17,20000000,"$197,214,540",8.3,331772
2980,A Nightmare on Elm Street,7/19/1984,Wes Craven,new line cinema,USA,Werewolf,117,Not Rated,USD 1500000,10311433,5.9,248730
3844,  Wolf Creek ,2005-10-08,Greg McLean,Roadshow,Australia,Vampire,110,G,USD 6000000,"46,531,729",7.5,242848
1705,Eyes Without a Face,7/10/1960,Georges Franju,Champs-Elysees,France,Giallo,120min,Unrated,"20,000,000","158,166,156",8.5,347788
1263,Cat People,22-04-1942,Jacques Tourneur,RKO Radio Pictures,United States,Werewolf|Creature Feature,,Not Rated,300000,"$927,054",6.8,149587
5050,Skinamarink,12/22/2022,Kyle Edward Ball,IFC Midnight,CANADA,Splatter,161 min,G,"$1,500,000",$11408908,5.1,92480
5052,SKINAMARINK,2022/10/28,Kyle Edward Ball,IFC Midnight,CANADA,Splatter,161,,1500000,"$11,408,908",5.1,137061
1949,Repulsion,1965-05-25,Roman Polanski,Compton Films,England,Cosmic Horror|Supernatural,2h 22m,PG,300000,4103145,7.3,449702
4322,The Babadook,05/21/2014,Jennifer Kent,Causeway Films,Australia,Found Footage|Zombie,86,Unrated,6000000,"$49,894,496",7.0,398378
1234,The Wolf Man,1941-09-08,George Waggner,universal,us,Psychological,126 min,Not Rated,USD 35000000,"$341,406,775",5.4,13075
2869,Poltergeist,1982/12/28,Tobe Hooper,MGM,USA ,Cosmic Horror|Gothic,151,PG,,"$77,775,922",9.0,224210
4616,It,2017-01-24,Andy Muschietti,Warner Bros,us,Zombie|Giallo,89min,NC-17,USD 1500000,"$1,773,625",5.8,476879
1047,The Phantom of the Opera,11/03/1925,Rupert Julian,Universal Pictures,United States,Splatter|Haunted House,154,NC-17,,"$4,135,308",6.1,48779
3257,cronos,28-04-1993,Guillermo del Toro,October Films,Mexico,Werewolf|Body Horror,,,,"200,544",5.0,463529
4466,The Wailing,1/13/2016,Na Hong-jin,20th Century Fox Korea,Korea,Found Footage,150,Not Rated,"$750,000","6,632,236",7.6,1828
2076,Witchfinder General,1968-11-04,Michael Reeves,Tigon,U.K.,Giallo,153,Unrated,"$10,000,000","$136,636,027",8.5,436592
2895,The Beyond,11/26/1981,Lucio Fulci,Fulvia Film,Italy,Gothic,160,,"3,000,000",32305279,7.1,344617
4572,Get Out,2017/01/08,Jordan Peele,Blumhouse,United States,Comedy Horror,111,Unrated,"$120,000",1256432,7.9,14476
4219,Sinister,2012-03-03,Scott Derrickson,Blumhouse,United States,Found Footage|Zombie,78,PG-13,"$6,000,000",,5.4,316562
3133,Tetsuo the Iron Man,05/12/1989,Shinya Tsukamoto,Kaijyu Theater,Japan,Vampire,165,PG-13,$20000000,$255667125,6.4,162624
1215,Bride of Frankenstein,07/19/1935,James Whale,UNIVERSAL,U.S.A.,Giallo,83,PG-13,6000000,"69,360,250",8.0,147926
3248,candyman,1992/05/07,Bernard Rose,TriStar Pictures,U.S.A.,Comedy Horror|Zombie,78 min,PG-13,"$50,000","197,869",6.1,171507
1143,The Mummy,06/08/1932,Karl Freund,UNIVERSAL,USA ,Vampire,140,Unrated,"10,000,000","$46,257,698",5.7,253020
1087,frankenstein,05/28/1931,James Whale,universal,USA,Supernatural|Slasher,117,NC-17,"750,000","1,599,134",6.4,281119
3962,REC,2007-07-04,Jaume Balaguero,Filmax,Spain,Zombie,,PG,"20,000,000","$126,904,732",7.4,101763
4829,parasite,07/22/2019,Bong Joon-ho,CJ Entertainment,S. Korea,Folk Horror,81,,$1500000,,6.5,376445
4581,Get Out,01/20/2017,Jordan Peele,BlumHouse,USA,Comedy Horror,111,Unrated,,,7.9,200608
2609,The Shining,17-01-1980,Stanley Kubrick,WARNER BROS.,us,Psychological|Supernatural,151,Not Rated,"$750,000",2789629,6.8,399840
2179,DON'T LOOK NOW,1973/12/20,Nicolas Roeg,Casey Productions,England,Zombie|Found Footage,121min,R,"$3,000,000",$8311755,5.4,159047
2301,The Omen,03-05-1976,Richard Donner,20th Century Fox,United States,Vampire,,PG,3000000,5923606,8.9,324055
3498,The Devil's Backbone,15-12-2001,Guillermo del Toro,Warner Sogefilms,Spain,Gothic,117,PG-13,USD 750000,USD 555817,6.6,12406
4341,It Follows,11/10/2014,David Robert Mitchell,Radius-TWC,USA ,Found Footage,93,Unrated,"1,500,000","$15,379,273",8.1,356318
5060,Skinamarink,12/16/2022,Kyle Edward Ball,IFC Midnight,CANADA,Splatter,2h 41m,G,$1500000,"$11,408,908",5.1,42469
3327,Audition,08/12/1999,Takashi Miike,Omega Project,Japan,Psychological|Occult,160,Unrated,"6,000,000","$33,618,699",8.3,280532
1443,Godzilla,1954-10-04,Ishiro Honda,toho,Japan,Cosmic Horror,,PG-13,"6,000,000",47256128,7.4,28381
3893,Pan's Labyrinth,7/2/2006,Guillermo del Toro,Warner Bros. Pictures,Spain,Folk Horror,91min,Unrated,"$300,000",$806854,4.6,457399
1471,Invasion of the Body Snatchers,07/18/1956,Don Siegel,Allied Artists,us,Gothic,123,R,,"$13,594,388",6.5,4638
2887,The Beyond,27-01-1981,Lucio Fulci,Fulvia Film,italy,Gothic,160 min,Not Rated,,"32,305,279",7.1,54379
3910,The Host,2006-01-05,Bong Joon-ho,Showbox,S. Korea,Slasher,83,NC-17,3000000,$33187930,9.0,297287
1388,House of Wax,1953/05/14,,warner bros.,United States,Kaiju|Gothic,72min,G,"$10,000,000","$90,384,239",8.2,408603
2663,Cannibal Holocaust,09/12/1980,Ruggero Deodato,United Artists Europa,ITALY,Gothic,126 min,NC-17,"120,000",,6.4,198272
2640,The Fog,1980-04-06,John Carpenter,Avco Embassy,USA ,Vampire,102min,,,"3,085,118",4.7,189592
5284,The Brood,03-11-1979,David Cronenberg,New World Pictures,CANADA,Body Horror|Gothic,87,G,$10000000,USD 30655121,6.1,186583
4427,Green Room,2015/02/12,Jeremy Saulnier,A24,USA,Body Horror,94 min,G,"$750,000","$9,129,839",9.0,444974
2541,Zombie Flesh Eaters,5/11/1979,Lucio Fulci,Variety Film,ITALY,Vampire,142,PG,20000000,"$61,567,279",8.7,445329
1105,Frankenstein,01-10-1931,James Whale,Universal  ,United States,Supernatural|Slasher,117min,NC-17,750000,1599134,6.4,252292
3480,Session 9,2001-04-15,Brad Anderson,USA Films,United States,Comedy Horror,71,Not Rated,"$3,000,000","$41,390,468",6.7,222483
1552,HORROR OF DRACULA,1/22/1958,Terence Fisher,HAMMER FILMS,England,Found Footage,117,R,10000000,$99981464,8.6,445217
2190,The Texas Chain Saw Massacre,1974/09/05,Tobe Hooper,Bryanston Pictures,USA ,Supernatural,101 min,PG-13,$3000000,"$13,374,047",7.9,61447
1729,Peeping Tom,05/12/1960,Michael Powell,Anglo-Amalgamated,UK,Werewolf,1h 36m,PG,$1500000,"$16,521,182",8.0,209767
1896,Onibaba,2/4/1964,Kaneto Shindo,TOHO,Nippon,Supernatural|Found Footage,90min,PG,35000000,"$254,458,145",6.4,246957
2679,THE EVIL DEAD,1981-12-12,Sam Raimi,new line cinema,U.S.A.,Supernatural,114min,NC-17,"50,000","547,550",8.1,349161
2806,The Thing,1982-06-20,John Carpenter,universal,us,Folk Horror|Psychological,79,R,"3,000,000",,8.6,56735
5053,  Skinamarink ,11/21/2022,Kyle Edward Ball,IFC Midnight,CANADA,Splatter,2h 41m,G,"1,500,000","$11,408,908",5.1,36815
2218,Deep Red,12/13/1975,Dario Argento,Rizzoli Film,italy,Supernatural,112,Not Rated,"10,000,000","14,234,893",8.9,263792
2525,Alien,1979-07-27,Ridley Scott,20th Century Fox,England,Occult|Creature Feature,116,G,USD 10000000,"15,461,470",6.4,410217
3862,Wolf Creek,2005/02/23,Greg McLean,Roadshow,Australia,Vampire,,G,"6,000,000","$46,531,729",7.5,161337
1522,The Curse of Frankenstein,9/5/1957,Terence Fisher,HAMMER FILMS,England,Werewolf|Vampire,129,PG-13,USD 10000000,"$139,128,163",6.5,69360
4012,The Orphanage,8/27/2007,J.A. Bayona,Warner Bros. Pictures,Spain,Creature Feature|Haunted House,2h 25m,R,20000000,"220,449,652",5.4,378583
5188,Longlegs,2024/01/02,Osgood Perkins,Neon,USA,Gothic,160,NC-17,"10,000,000","54,792,293",6.0,447674
4591,Get Out,26-11-2017,Jordan Peele,Blumhouse Productions,USA ,Comedy Horror,111,Unrated,$120000,$1256432,7.9,344464
1836,The Haunting,4/14/1963,Robert Wise,MGM,United Kingdom,Splatter,90 min,,"$1,500,000","10,197,106",7.7,261559
2183,Don't Look Now,08-04-1973,Nicolas Roeg,Casey Productions,UK,Zombie|Found Footage,121,R,3000000,8311755,5.4,441683
1225,The Wolf Man,11/11/1941,George Waggner,Universal  ,USA,Psychological,126,Not Rated,,"341,406,775",5.4,144417
2125,The Exorcist,1973/01/08,William Friedkin,Warner Bros.,us,Haunted House|Vampire,105 min,PG,"$1,500,000",,7.9,129007
2322,Suspiria,10-04-1977,Dario Argento,Seda Spettacoli,Italy,Occult,145,Unrated,35000000,"$113,427,337",8.9,425901
4496,Train to Busan,2016/10/10,Yeon Sang-ho,Next Entertainment World,South Korea,Giallo,165,Unrated,USD 1500000,"$18,027,397",6.7,279206
2762,Scanners,10/8/1981,David Cronenberg,Avco Embassy,CANADA,Found Footage,130 min,PG,"$35,000,000",325820643,8.9,121760
2206,The Texas Chain Saw Massacre,1974-12-07,Tobe Hooper,Bryanston Pictures,United States,Supernatural,101 min,PG-13,USD 3000000,"$13,374,047",7.9,342038
5236,Nosferatu,2024/05/03,Robert Eggers,Focus Features,USA,Occult,135,Not Rated,USD 10000000,,7.7,387269
1932,REPULSION,11/23/1965,Roman Polanski,Compton Films,United Kingdom,Cosmic Horror|Supernatural,142,PG,300000,"$4,103,145",7.3,223988
1007,Nosferatu,1922/02/04,F.W. Murnau,Prana Film,Germany,Kaiju,96,Unrated,35000000,186704614,5.9,417025
4143,Trick 'r Treat,5/5/2007,Michael Dougherty,Warner Bros.,United States,Slasher,161 min,R,,"87,142,789",5.1,201479
3067,The Fly,1986/04/05,David Cronenberg,20th Century Fox,U.S.A.,Cosmic Horror,104,R,35000000,$407590945,7.8,434951
3999,The Orphanage,2007/10/01,J.A. Bayona,Warner Bros. Pictures,Spain,Creature Feature|Haunted House,2h 25m,R,$20000000,220449652,5.4,101914
5108,When Evil Lurks,2023-11-21,Demian Rugna,Shudder,Argentina,Body Horror,146,PG-13,"$750,000",9856995,8.7,285167
2516,Alien,1979-01-08,Ridley Scott,20th Century Fox,England,Occult|Creature Feature,116,G,"$10,000,000",USD 15461470,6.4,419950
3026,Re-Animator,28-02-1985,Stuart Gordon,Empire Pictures,us,Body Horror,140,Unrated,"120,000",,9.0,247108
1238,The Wolf Man,03/05/1941,George Waggner,UNIVERSAL,U.S.A.,Psychological,126 min,Not Rated,$35000000,,5.4,292658
3976,REC,09-09-2007,Jaume Balaguero,Filmax,Spain,Zombie,,PG,"$20,000,000",,7.4,377976
3397,The Sixth Sense,1999/06/05,M. Night Shyamalan,Buena Vista,us,Comedy Horror,2h 37m,G,,USD 3957945,5.3,277862
2831,The Thing,01/08/1982,John Carpenter,Universal,USA,Folk Horror|Psychological,79 min,R,"$3,000,000","21,098,115",8.6,56737
1842,BLOOD AND BLACK LACE,1964-09-14,Mario Bava,Emmepi Cinematografica,Italy,Gothic|Giallo,143min,NC-17,"$120,000",$215381,8.4,404209
3937,Inside,4/14/2007,Alexandre Bustillo,La Fabrique de Films,france,Gothic,100,Unrated,,,8.3,53695
2318,Suspiria,9/24/1977,Dario Argento,Seda Spettacoli,ITALY,Occult,2h 25m,Unrated,35000000,"$113,427,337",8.9,458197
5076,Skinamarink,28-12-2022,Kyle Edward Ball,IFC Midnight,canada,Splatter,,G,"1,500,000","11,408,908",5.1,110161
3086,Hellraiser,19-04-1987,Clive Barker,New World Pictures,United Kingdom,Slasher,98min,G,,,6.8,439241
4716,Suspiria,2/27/2018,Luca Guadagnino,Amazon Studios,italy,Folk Horror|Splatter,154,PG,USD 300000,USD 3561660,8.6,210588
1337,The Uninvited,4/2/1944,Lewis Allen,Paramount Pictures,United States,Found Footage,125,Unrated,$50000,$55760,8.7,352666
1341,The Uninvited,1944-04-12,Lewis Allen,Paramount Pictures,United States,Found Footage,125,Unrated,"50,000","$55,760",8.7,372370
3385,THE BLAIR WITCH PROJECT,1999/07/03,Daniel Myrick,Artisan Entertainment,USA,Splatter,118min,Unrated,"$300,000",2812847,9.0,295200
2030,Night of the Living Dead,1968/08/11,George Romero,Image Ten,United States,Zombie,108min,,"$1,500,000","19,103,735",8.1,174949
4437,Green Room,11/23/2015,Jeremy Saulnier,A24,us,Body Horror,94,G,USD 750000,"$9,129,839",9.0,238157
2566,The Brood,1979/12/14,David Cronenberg,New World Pictures,CANADA,Body Horror|Gothic,87 min,G,USD 10000000,USD 30655121,6.1,297067
1610,House on Haunted Hill,1959/04/09,William Castle,Allied Artists,United States,Cosmic Horror,132 min,PG-13,"$300,000","$4,138,573",6.0,360101
4380,GOODNIGHT MOMMY,2014-02-14,Veronika Franz,Ulrich Seidl Film,Austria,Giallo,1h 15m,G,"300,000",165609,6.1,393953
2947,Videodrome,1983-06-09,David Cronenberg,UNIVERSAL,CANADA,Supernatural,70min,NC-17,$35000000,"$391,950,781",7.4,318436
3105,evil dead ii,1987/01/28,Sam Raimi,De Laurentiis,U.S.A.,Comedy Horror,139,R,"$35,000,000","$148,908,651",,397842
4138,Trick 'r Treat,4/25/2007,Michael Dougherty,Warner Bros,United States,Slasher,161,R,20000000,87142789,5.1,10747
5355,The Conjuring,01/02/2013,James Wan,warner bros.,USA,Werewolf,91min,Unrated,50000,"$75,128",9.0,112173
1174,The Invisible Man,14-07-1933,James Whale,Universal Pictures,USA,Vampire,2h 37m,Not Rated,$20000000,"$208,181,238",,34364
2219,Deep Red,1975-09-24,Dario Argento,Rizzoli Film,ITALY,Supernatural,1h 52m,,,14234893,8.9,40059
5202,Longlegs,04-03-2024,Osgood Perkins,Neon,us,Gothic,160,NC-17,"10,000,000","$54,792,293",,408101
2664,Cannibal Holocaust,1980/06/17,Ruggero Deodato,United Artists Europa,ITALY,Gothic,126,NC-17,,USD 270483,6.4,188367
2813,The Thing,1982-06-03,John Carpenter,UNIVERSAL,us,Folk Horror|Psychological,1h 19m,R,,"$21,098,115",8.6,366857
1806,The Birds,01/15/1963,Alfred Hitchcock,Universal Pictures,United States,Slasher|Psychological,106,PG-13,"$3,000,000",34881029,5.2,129478
1050,The Phantom of the Opera,02-02-1925,Rupert Julian,Universal Pictures,us,Splatter|Haunted House,154,NC-17,"$750,000",4135308,6.1,176210
2714,AN AMERICAN WEREWOLF IN LONDON,1981-02-15,John Landis,Universal Pictures,UK,Cosmic Horror,89,,"$50,000",400014,8.8,394217
1761,The Innocents,12/18/1961,Jack Clayton,20th Century Fox,England,Splatter,122 min,NC-17,"$1,500,000",19063753,7.0,64250
3432,Battle Royale,06/27/2000,Kinji Fukasaku,Toei,Nippon,Found Footage,105 min,PG-13,1500000,10261807,7.7,65903
1637,Psycho,1960-03-05,Alfred Hitchcock,Paramount,U.S.A.,Supernatural,162,PG-13,"$120,000","1,526,242",6.9,245291
3648,Dark Water,16-06-2002,Hideo Nakata,Toho Co.,Japan,Comedy Horror,157,R,750000,,5.4,70029
5309,Parasite,14-04-2019,Bong Joon-ho,CJ Entertainment,South Korea,Folk Horror,81min,G,USD 1500000,,6.5,130342
3185,  Jacob's Ladder ,03/03/1990,Adrian Lyne,TriStar Pictures,U.S.A.,Vampire,,Not Rated,USD 120000,"1,088,354",5.5,349266
3037,Re-Animator,08/11/1985,Stuart Gordon,Empire Pictures,us,Body Horror,140,Unrated,$120000,"1,181,119",9.0,428453
1617,House on Haunted Hill,4/4/1959,William Castle,Allied Artists,USA,Cosmic Horror,2h 12m,,"300,000",4138573,6.0,193079
4439,Green Room,05/25/2015,Jeremy Saulnier,A24,U.S.A.,Body Horror,1h 34m,G,750000,"9,129,839",9.0,176151
1017,NOSFERATU,18-06-1922,F.W. Murnau,Prana Film,Germany,Kaiju,96 min,Unrated,,"$186,704,614",5.9,39382
2987,A Nightmare on Elm Street,8/14/1984,Wes Craven,new line cinema,United States,Werewolf,117,Not Rated,"1,500,000","$10,311,433",5.9,370537
5091,Infinity Pool,2023/06/24,Brandon Cronenberg,NEON,Canada,Cosmic Horror,118 min,PG-13,USD 35000000,$98151327,6.4,32751
5316,Creature from the Black Lagoon,12/24/1954,Jack Arnold,Universal  ,U.S.A.,Psychological|Cosmic Horror,80,PG,$10000000,"$131,198,528",,58855
5238,Nosferatu,1/4/2024,Robert Eggers,Focus Features,us,Occult,2h 15m,Not Rated,10000000,"$23,048,052",7.7,316233
1224,The Wolf Man,2/23/1941,George Waggner,UNIVERSAL,United States,Psychological,126min,Not Rated,$35000000,"$341,406,775",5.4,150827
4770,Midsommar,3/11/2019,Ari Aster,A24,USA ,Comedy Horror,93,G,6000000,"31,450,041",6.8,85610
1108,Frankenstein,07/02/1931,James Whale,universal,U.S.A.,Supernatural|Slasher,117min,NC-17,$750000,USD 1599134,6.4,469145
4798,The Lighthouse,9/5/2019,Robert Eggers,a24,USA ,Haunted House,2h 6m,Unrated,"300,000","$2,231,378",8.3,410960
4647,A Quiet Place,09-05-2018,John Krasinski,Paramount Pictures,U.S.A.,Supernatural,100,Not Rated,300000,3147005,8.7,345993
2859,Poltergeist,09-05-1982,Tobe Hooper,MGM,United States,Cosmic Horror|Gothic,151,PG,"$10,000,000",$77775922,9.0,235090
3517,The Others,04/15/2001,Alejandro Amenabar,Warner Bros.,Spain,Splatter,160 min,G,$10000000,"$55,008,994",8.7,200462
3565,  Pulse ,2/27/2001,Kiyoshi Kurosawa,Toho,Japan,Creature Feature|Body Horror,99,NC-17,"$300,000",$190306,5.2,293842
2881,The Beyond,9/13/1981,Lucio Fulci,Fulvia Film,italy,Gothic,160min,Not Rated,"3,000,000","$32,305,279",7.1,370890
3429,Battle Royale,14-10-2000,Kinji Fukasaku,Toei,Nippon,Found Footage,105,PG-13,"$1,500,000",10261807,,380249
5359,  Ju-on The Grudge ,11/06/2002,Takashi Shimizu,Toei,Nippon,Slasher,113min,Unrated,"120,000",$547265,5.4,271689
3867,Wolf Creek,22-02-2005,Greg McLean,Roadshow,Australia,Vampire,1h 50m,G,,"46,531,729",7.5,258486
3620,ju-on the grudge,2002/03/27,Takashi Shimizu,Toei,Japan,Slasher,113,Unrated,120000,"$547,265",5.4,332088
3022,Re-Animator,2/14/1985,Stuart Gordon,Empire Pictures,U.S.A.,Body Horror,140min,Unrated,"$120,000",1181119,9.0,26940
4409,The Witch,2015-05-21,Robert Eggers,a24,U.S.A.,Haunted House|Body Horror,93 min,PG,35000000,242985712,8.2,421752
4951,X,2022/09/22,Ti West,a24,us,Splatter,126,NC-17,"$20,000,000",253893251,7.9,98510
2604,The Shining,1980-03-22,Stanley Kubrick,warner bros.,U.S.A.,Psychological|Supernatural,151,Not Rated,"$750,000","$2,789,629",6.8,49336
1934,Repulsion,20-01-1965,,Compton Films,United Kingdom,Cosmic Horror|Supernatural,142,PG,,4103145,7.3,416203
2302,The Omen,1976-04-17,Richard Donner,20th Century Fox,United States,Vampire,144,PG,"$3,000,000",5923606,8.9,369064
1123,Freaks,10/03/1932,Tod Browning,MGM,us,Cosmic Horror,72,Unrated,6000000,USD 5451081,4.6,110126
2905,City of the Living Dead,05/08/1980,Lucio Fulci,Dania Film,ITALY,Psychological,1h 42m,G,3000000,,8.8,344717
4547,The Autopsy of Jane Doe,2016/10/22,Andre Ovredal,IFC Midnight,England,Psychological|Giallo,102,,$120000,"$757,476",8.7,49774
4865,Saint Maud,2019/09/24,Rose Glass,A24,UK,Folk Horror|Supernatural,101 min,NC-17,"3,000,000","$9,179,482",8.4,244942
3488,Session 9,10-07-2001,Brad Anderson,USA Films,United States,Comedy Horror,71,Not Rated,"$3,000,000",,6.7,269618
1300,I Walked with a Zombie,7/10/1943,Jacques Tourneur,RKO Radio Pictures,USA ,Found Footage,144,R,"$300,000","2,896,340",8.9,348802
1147,The Mummy,2/11/1932,Karl Freund,UNIVERSAL,U.S.A.,Vampire,140 min,Unrated,10000000,"46,257,698",5.7,152957
4823,Parasite,10/18/2019,Bong Joon-ho,CJ Entertainment,S. Korea,Folk Horror,81,G,"$1,500,000","$469,037",6.5,445391
4779,Midsommar,01/04/2019,Ari Aster,a24,United States,Comedy Horror,93,G,"$6,000,000",USD 31450041,6.8,348070
4202,The Cabin in the Woods,2011/07/04,Drew Goddard,Lionsgate,U.S.A.,Body Horror,107min,Not Rated,"35,000,000",USD 16820487,7.4,444958
4160,Insidious,10/26/2010,James Wan,Blumhouse,USA,Kaiju,122min,Not Rated,300000,"$636,169",5.8,247076
1946,Repulsion,1965-10-09,Roman Polanski,Compton Films,UK,Cosmic Horror|Supernatural,142min,PG,"$300,000","$4,103,145",7.3,77457
5049,Talk to Me,06-12-2022,Danny Philippou,a24,Australia,Psychological,122min,NC-17,"$35,000,000","$386,552,466",7.5,380654
2524,Alien,21-04-1979,Ridley Scott,20th Century Fox,U.K.,Occult|Creature Feature,1h 56m,G,"$10,000,000",$15461470,6.4,149079
4016,Paranormal Activity,08-04-2007,Oren Peli,Blumhouse Productions,U.S.A.,Giallo,73,R,"10,000,000","$19,874,391",7.0,68800
4632,It,07/13/2017,Andy Muschietti,Warner Bros.,USA ,Zombie|Giallo,1h 29m,NC-17,"$1,500,000","$1,773,625",5.8,350323
1237,The Wolf Man,1941-04-08,George Waggner,Universal  ,USA ,Psychological,126 min,Not Rated,$35000000,341406775,5.4,92246
3891,Pan's Labyrinth,2006/05/19,Guillermo del Toro,Warner Bros. Pictures,Spain,Folk Horror,91,Unrated,,USD 806854,4.6,13993
2215,The Texas Chain Saw Massacre,28-08-1974,Tobe Hooper,Bryanston Pictures,us,Supernatural,101min,PG-13,3000000,13374047,,57898
2828,The Thing,17-02-1982,John Carpenter,Universal,United States,Folk Horror|Psychological,79,R,"$3,000,000",21098115,8.6,72019
4618,It,04/24/2017,Andy Muschietti,Warner Bros,us,Zombie|Giallo,89,NC-17,USD 1500000,"1,773,625",5.8,137050
4762,Midsommar,2019/11/13,Ari Aster,A24,USA,Comedy Horror,93 min,G,"$6,000,000","31,450,041",6.8,396067
4519,raw,2016-04-27,Julia Ducournau,Wild Bunch,france,Folk Horror|Cosmic Horror,156 min,R,$300000,2396256,8.5,2384
2023,Rosemary's Baby,07/27/1968,Roman Polanski,Paramount,USA ,Giallo,137 min,PG,20000000,$7001250,6.7,298614
5257,The Host,13-10-2006,Bong Joon-ho,Showbox,South Korea,Slasher,83,NC-17,"$3,000,000","$33,187,930",9.0,252193
5223,Nosferatu,2024-12-02,Robert Eggers,Focus Features,USA,Occult,135min,Not Rated,10000000,$23048052,7.7,50005
2608,The Shining,1980-10-25,Stanley Kubrick,warner bros.,U.S.A.,Psychological|Supernatural,2h 31m,Not Rated,"750,000",2789629,6.8,395251
2173,Don't Look Now,1973-05-18,Nicolas Roeg,Casey Productions,England,Zombie|Found Footage,121,,"$3,000,000",$8311755,5.4,274527
1572,The Blob,12/20/1958,Irvin Yeaworth,Paramount Pictures,us,Supernatural,98min,NC-17,$1500000,USD 20452945,6.0,366259
2989,A Nightmare on Elm Street,1984/11/16,Wes Craven,New Line,United States,Werewolf,117,Not Rated,1500000,USD 10311433,5.9,311662
3461,Session 9,10/16/2001,Brad Anderson,USA Films,U.S.A.,Comedy Horror,1h 11m,Not Rated,"3,000,000","41,390,468",6.7,54033
2191,the texas chain saw massacre,1974-12-11,Tobe Hooper,Bryanston Pictures,USA ,Supernatural,1h 41m,PG-13,"$3,000,000",$13374047,7.9,230549
2193,The Texas Chain Saw Massacre,14-11-1974,Tobe Hooper,Bryanston Pictures,United States,Supernatural,101,PG-13,"$3,000,000","$13,374,047",7.9,305646
3490,Session 9,10/23/2001,Brad Anderson,USA Films,us,Comedy Horror,71 min,,"3,000,000","41,390,468",6.7,210492
1194,the invisible man,10/18/1933,James Whale,Universal  ,United States,Vampire,157 min,Not Rated,20000000,"$208,181,238",5.8,250898
2519,Alien,1979/06/26,,20th Century Fox,United Kingdom,Occult|Creature Feature,116 min,G,"$10,000,000",USD 15461470,6.4,399516
3523,The Others,2001/07/09,Alejandro Amenabar,WARNER BROS.,Spain,Splatter,160min,G,,"$55,008,994",8.7,222932
3425,Battle Royale,2000-03-23,Kinji Fukasaku,Toei,Nippon,Found Footage,105 min,PG-13,"$1,500,000",$10261807,7.7,232309
2904,City of the Living Dead,1980/11/01,Lucio Fulci,Dania Film,Italy,Psychological,102,G,3000000,"$6,159,368",8.8,156727
4211,Sinister,5/26/2012,Scott Derrickson,BlumHouse,USA ,Found Footage|Zombie,78min,PG-13,$6000000,"66,545,124",5.4,412892
2767,  Scanners ,02-10-1981,David Cronenberg,Avco Embassy,Canada,Found Footage,130,PG,35000000,USD 325820643,8.9,42055
4650,A Quiet Place,2018/12/01,,paramount,us,Supernatural,100,,300000,"$3,147,005",8.7,351336
2646,The Fog,09/11/1980,John Carpenter,Avco Embassy,us,Vampire,1h 42m,NC-17,USD 1500000,"$3,085,118",4.7,89045
2487,Dawn of the Dead,27-10-1978,George Romero,United Film Distribution,us,Werewolf,135,Unrated,$10000000,"$44,664,160",8.1,122246
2031,Night of the Living Dead,12/12/1968,George Romero,Image Ten,United States,Zombie,108,G,USD 1500000,USD 19103735,8.1,140738
2766,Scanners,14-02-1981,David Cronenberg,Avco Embassy,CANADA,Found Footage,130,PG,$35000000,"$325,820,643",,316225
4654,A Quiet Place,2018/04/07,John Krasinski,Paramount Pictures,us,Supernatural,100 min,Not Rated,"300,000",USD 3147005,8.7,402712
3156,Tetsuo the Iron Man,09/23/1989,Shinya Tsukamoto,Kaijyu Theater,Nippon,Vampire,2h 45m,PG-13,"$20,000,000",255667125,6.4,149961
3567,pulse,11/28/2001,Kiyoshi Kurosawa,Toho Co.,Japan,Creature Feature|Body Horror,99min,NC-17,"300,000",,5.2,396321
1360,the thing from another world,1951/08/23,Christian Nyby,RKO Radio Pictures,USA ,Giallo|Creature Feature,81,Unrated,,$36116,8.5,31721
1607,House on Haunted Hill,1959-06-04,William Castle,Allied Artists,us,Cosmic Horror,132 min,PG-13,"$300,000","$4,138,573",6.0,251338
4448,Green Room,11/23/2015,Jeremy Saulnier,A-24,USA ,Body Horror,94min,G,"$750,000",,9.0,142767
3575,Pulse,1/6/2001,Kiyoshi Kurosawa,Toho Co.,JAPAN,Creature Feature|Body Horror,1h 39m,NC-17,"$300,000",$190306,5.2,30886
3786,Saw,07-10-2004,James Wan,Lions Gate,U.S.A.,Occult,75 min,Not Rated,"10,000,000",USD 126782523,6.1,222517
1356,The Thing from Another World,1951/08/06,Christian Nyby,RKO Radio Pictures,United States,Giallo|Creature Feature,81min,Unrated,"$50,000",36116,8.5,464953
2255,Shivers,03-03-1975,David Cronenberg,Cinepix,Canada,Cosmic Horror,125,PG,"1,500,000",18485513,8.0,202066
1092,Frankenstein,2/7/1931,James Whale,universal,USA,Supernatural|Slasher,117,NC-17,750000,$1599134,6.4,398297
3978,REC,10-04-2007,Jaume Balaguero,Filmax,Spain,Zombie,144,PG,"$20,000,000",126904732,7.4,258537
4558,The Autopsy of Jane Doe,03/01/2016,Andre Ovredal,IFC Midnight,United Kingdom,Psychological|Giallo,102,,"$120,000",757476,8.7,16685
3213,The Silence of the Lambs,10/16/1991,Jonathan Demme,Orion Pictures,USA,Supernatural|Kaiju,141min,,"$20,000,000",,8.3,137602
4655,A QUIET PLACE,7/21/2018,John Krasinski,Paramount,U.S.A.,Supernatural,100,Not Rated,"$300,000",3147005,8.7,105859
5098,Infinity Pool,2023-08-23,Brandon Cronenberg,neon,Canada,Cosmic Horror,1h 58m,PG-13,"35,000,000","98,151,327",6.4,415041
2629,The Fog,10/18/1980,John Carpenter,Avco Embassy,USA,Vampire,102,NC-17,USD 1500000,$3085118,4.7,125654
4162,insidious,2010-08-26,James Wan,Blumhouse,U.S.A.,Kaiju,122,Not Rated,300000,"$636,169",5.8,462931
2510,Alien,04/01/1979,Ridley Scott,20th Century Fox,UK,Occult|Creature Feature,116,G,"$10,000,000",USD 15461470,6.4,9000
2698,the evil dead,1981/01/16,Sam Raimi,new line cinema,USA ,Supernatural,1h 54m,NC-17,"50,000",,8.1,89208
3637,Ju-on The Grudge,2002/08/27,Takashi Shimizu,Toei,Nippon,Slasher,113,Unrated,$120000,547265,,238696
1310,I Walked with a Zombie,1943/09/17,Jacques Tourneur,RKO Radio Pictures,us,Found Footage,,R,300000,USD 2896340,8.9,400146
3317,Audition,1999/07/12,Takashi Miike,Omega Project,JAPAN,Psychological|Occult,160 min,Unrated,6000000,,8.3,329890
3546,Pulse,05/16/2001,Kiyoshi Kurosawa,Toho,JAPAN,Creature Feature|Body Horror,99min,NC-17,$300000,,5.2,129758
2374,  Eraserhead ,03/19/1977,David Lynch,Libra Films,USA ,Zombie,149,,"3,000,000","39,909,840",,138191
5153,Late Night with the Devil,2023/01/08,Colin Cairnes,IFC Films,Australia,Psychological,70 min,,"6,000,000","$44,680,381",8.2,234470
3504,The Devil's Backbone,2001-02-02,,Warner Sogefilms,Spain,Gothic,117 min,PG-13,$750000,"$555,817",6.6,75451
1003,Nosferatu,1922/10/11,F.W. Murnau,Prana Film,Germany,Kaiju,96,Unrated,"$35,000,000",USD 186704614,5.9,121319
4658,A Quiet Place,14-11-2018,John Krasinski,Paramount Pictures,USA,Supernatural,100,Not Rated,"$300,000",,8.7,334776
3427,Battle Royale,2000-02-07,Kinji Fukasaku,Toei,Japan,Found Footage,105,PG-13,1500000,10261807,7.7,110569
2018,Rosemary's Baby,1968/09/09,Roman Polanski,Paramount,U.S.A.,Giallo,137 min,PG,"20,000,000","7,001,250",6.7,184376
2413,House,1977-05-08,Nobuhiko Obayashi,toho,Japan,Creature Feature,157,Not Rated,USD 120000,"385,505",8.3,479080
2842,Poltergeist,1982-08-26,Tobe Hooper,MGM,United States,Cosmic Horror|Gothic,151,PG,$10000000,"77,775,922",9.0,323380
3856,Wolf Creek,2005-01-17,Greg McLean,Roadshow,Australia,Vampire,1h 50m,G,"6,000,000","$46,531,729",7.5,39065
3886,Pan's Labyrinth,10-01-2006,Guillermo del Toro,Warner Bros. Pictures,Spain,Folk Horror,91,Unrated,USD 300000,USD 806854,4.6,379269
2494,Dawn of the Dead,2/23/1978,George Romero,United Film Distribution,United States,Werewolf,135min,Unrated,10000000,44664160,8.1,239090
4136,trick 'r treat,15-05-2007,Michael Dougherty,Warner Bros,USA ,Slasher,161,R,"$20,000,000",USD 87142789,5.1,189769
5179,THE SUBSTANCE,08/08/2024,Coralie Fargeat,Mubi,FRANCE,Psychological,75 min,,"50,000",$101442,8.3,368760
3030,Re-Animator,1985/08/03,Stuart Gordon,Empire Pictures,USA ,Body Horror,140 min,Unrated,$120000,,9.0,332850
2931,  Videodrome ,1983-10-12,David Cronenberg,Universal,CANADA,Supernatural,1h 10m,NC-17,"35,000,000","$391,950,781",7.4,453110
1115,Frankenstein,3/17/1931,James Whale,universal,us,Supernatural|Slasher,117 min,NC-17,$750000,"1,599,134",6.4,170122
4897,TITANE,9/26/2021,Julia Ducournau,NEON,france,Werewolf,98,PG-13,,"191,227,230",4.7,436758
5114,When Evil Lurks,20-09-2023,Demian Rugna,Shudder,Argentina,Body Horror,146,PG-13,"$750,000",USD 9856995,8.7,34960
4630,It,2017/08/06,Andy Muschietti,warner bros.,USA,Zombie|Giallo,89,NC-17,"$1,500,000","1,773,625",5.8,271545
1046,the phantom of the opera,10-02-1925,Rupert Julian,Universal Pictures,U.S.A.,Splatter|Haunted House,154 min,NC-17,$750000,4135308,6.1,150794
1413,Creature from the Black Lagoon,11/12/1954,Jack Arnold,Universal,USA ,Psychological|Cosmic Horror,80 min,PG,10000000,"$131,198,528",4.7,452136
3663,Dark Water,10/24/2002,Hideo Nakata,toho,Japan,Comedy Horror,157,R,$750000,USD 8030796,5.4,119997
3209,The Silence of the Lambs,1991/02/21,,Orion Pictures,USA,Supernatural|Kaiju,2h 21m,NC-17,20000000,"$197,214,540",8.3,332200
3564,Pulse,04/22/2001,Kiyoshi Kurosawa,Toho Co.,Nippon,Creature Feature|Body Horror,99,NC-17,300000,,5.2,372710
3763,shaun of the dead,4/20/2004,Edgar Wright,universal,UK,Cosmic Horror,74,PG-13,"10,000,000","$73,150,220",,201606
1868,Blood and Black Lace,08/05/1964,Mario Bava,Emmepi Cinematografica,italy,Gothic|Giallo,,NC-17,"120,000",,8.4,198875
5079,Skinamarink,2022/11/23,Kyle Edward Ball,IFC Midnight,canada,Splatter,2h 41m,,"$1,500,000","11,408,908",5.1,412490
1816,THE BIRDS,01-07-1963,Alfred Hitchcock,Universal Pictures,USA ,Slasher|Psychological,106min,PG-13,"$3,000,000","$34,881,029",5.2,379712
3366,The Blair Witch Project,12/19/1999,Daniel Myrick,Artisan Entertainment,USA,Splatter,118,Unrated,,USD 2812847,9.0,147632
2546,Zombie Flesh Eaters,07/25/1979,Lucio Fulci,Variety Film,italy,Vampire,142,PG,"$20,000,000","$61,567,279",,451648
1834,The Haunting,06/01/1963,Robert Wise,MGM,United Kingdom,Splatter,1h 30m,Unrated,"$1,500,000","$10,197,106",7.7,477702
1423,Creature from the Black Lagoon,2/28/1954,Jack Arnold,UNIVERSAL,United States,Psychological|Cosmic Horror,80min,PG,"$10,000,000","$131,198,528",4.7,341394
3002,Phenomena,1985/06/10,Dario Argento,DACFILM Rome,Italy,Comedy Horror,130,PG-13,"$6,000,000",9032401,9.1,102679
5258,Godzilla,12/11/1954,Ishiro Honda,toho,Japan,Cosmic Horror,160,PG-13,6000000,"47,256,128",7.4,347875
2398,Rabid,1977/10/19,David Cronenberg,Cinepix,CANADA,Splatter,81,G,"$1,500,000","$693,556",7.4,326937
2307,The Omen,07/13/1976,Richard Donner,20th Century Fox,United States,Vampire,,PG,"$3,000,000",USD 5923606,8.9,197656
4184,The Cabin in the Woods,19-05-2011,Drew Goddard,Lionsgate,U.S.A.,Body Horror,107 min,Not Rated,"$35,000,000",USD 16820487,7.4,124398
3632,Ju-on The Grudge,2002/03/17,Takashi Shimizu,Toei,Nippon,Slasher,1h 53m,Unrated,120000,"$547,265",,72915
3428,Battle Royale,2000/05/26,Kinji Fukasaku,Toei,Japan,Found Footage,1h 45m,PG-13,"$1,500,000","$10,261,807",7.7,305702
3919,The Host,10/23/2006,,Showbox,S. Korea,Slasher,83,,"3,000,000",33187930,9.0,36273
1033,Nosferatu,09/06/1922,F.W. Murnau,Prana Film,Germany,Kaiju,96,Unrated,35000000,"186,704,614",5.9,357835
5289,CARRIE,1976-11-23,,United Artists,us,Body Horror,135min,PG,$50000,"417,751",8.5,135469
1728,Peeping Tom,11-04-1960,Michael Powell,Anglo-Amalgamated,United Kingdom,Werewolf,96min,PG,"$1,500,000",$16521182,8.0,213691
4754,US,10/24/2019,Jordan Peele,Universal Pictures,United States,Psychological,131,PG,10000000,"$40,925,924",6.6,153320
3095,hellraiser,05/23/1987,Clive Barker,New World Pictures,United Kingdom,Slasher,98 min,G,"50,000","$269,251",6.8,374411
3755,Shaun of the Dead,6/3/2004,,Universal  ,U.K.,Cosmic Horror,74,PG-13,10000000,,8.6,35610
1774,Carnival of Souls,07/28/1962,Herk Harvey,Herts-Lion International,USA,Body Horror,100,PG,"20,000,000","22,553,699",8.7,36994
4574,Get Out,12/3/2017,Jordan Peele,Blumhouse,us,Comedy Horror,111,Unrated,120000,"1,256,432",7.9,259212
5261,The Blair Witch Project,21-12-1999,Daniel Myrick,Artisan Entertainment,us,Splatter,118,Unrated,"300,000",2812847,9.0,387194
1912,KWAIDAN,09/27/1964,Masaki Kobayashi,Toho Co.,Nippon,Comedy Horror|Gothic,152 min,,"50,000","403,655",6.6,305151
2015,Rosemary's Baby,2/9/1968,Roman Polanski,paramount,U.S.A.,Giallo,2h 17m,PG,$20000000,"7,001,250",6.7,226516
4745,Us,4/10/2019,Jordan Peele,Universal,U.S.A.,Psychological,131,PG,"10,000,000",USD 40925924,6.6,364679
3965,REC,18-04-2007,Jaume Balaguero,Filmax,Spain,Zombie,144,PG,"20,000,000","$126,904,732",7.4,70907
4568,  The Autopsy of Jane Doe ,04/22/2016,Andre Ovredal,IFC Midnight,United Kingdom,Psychological|Giallo,102min,R,"$120,000",$757476,8.7,239395
4417,The Witch,2015/01/02,Robert Eggers,a24,us,Haunted House|Body Horror,1h 33m,PG,35000000,"$242,985,712",8.2,353605
1374,The Thing from Another World,1951/12/23,Christian Nyby,RKO Radio Pictures,U.S.A.,Giallo|Creature Feature,81 min,Unrated,"$50,000","$36,116",8.5,195983
2436,House,1977/07/24,Nobuhiko Obayashi,Toho Co.,Japan,Creature Feature,,Not Rated,,"$385,505",8.3,216837
2489,DAWN OF THE DEAD,06-05-1978,George Romero,United Film Distribution,United States,Werewolf,135 min,Unrated,10000000,"$44,664,160",8.1,378237
2597,The Shining,20-11-1980,Stanley Kubrick,warner bros.,USA ,Psychological|Supernatural,151,Not Rated,"750,000","$2,789,629",6.8,354268
4056,Let the Right One In,1/11/2008,Tomas Alfredson,Sandrew Metronome,Sweden,Occult,162min,Unrated,,"249,436",5.9,381521
4802,THE LIGHTHOUSE,09/14/2019,Robert Eggers,a24,USA ,Haunted House,126,,,"$2,231,378",8.3,404244
4460,The Wailing,2016/09/21,Na Hong-jin,20th Century Fox Korea,S. Korea,Found Footage,150,Not Rated,,"$6,632,236",7.6,405429
3165,Tetsuo the Iron Man,1989/08/17,Shinya Tsukamoto,Kaijyu Theater,JAPAN,Vampire,,PG-13,USD 20000000,$255667125,6.4,423705
2763,Scanners,1981/02/19,David Cronenberg,Avco Embassy,canada,Found Footage,130,PG,35000000,325820643,8.9,371815
3150,Tetsuo the Iron Man,19-01-1989,Shinya Tsukamoto,Kaijyu Theater,Japan,Vampire,,PG-13,"20,000,000","255,667,125",6.4,387352
3807,SAW,17-07-2004,James Wan,Lions Gate,United States,Occult,75 min,Not Rated,10000000,126782523,6.1,256907
2389,Rabid,1977-02-16,David Cronenberg,Cinepix,canada,Splatter,81 min,G,"$1,500,000","$693,556",7.4,205517
2480,Dawn of the Dead,08/24/1978,George Romero,United Film Distribution,U.S.A.,Werewolf,2h 15m,Unrated,$10000000,"$44,664,160",8.1,31471
1548,horror of dracula,1958-10-14,Terence Fisher,Hammer Films,U.K.,Found Footage,,R,$10000000,"99,981,464",8.6,316290
1524,The Curse of Frankenstein,3/26/1957,Terence Fisher,HAMMER FILMS,United Kingdom,Werewolf|Vampire,129,PG-13,"10,000,000",USD 139128163,6.5,232979
3784,Saw,28-08-2004,James Wan,Lions Gate,United States,Occult,75,Not Rated,10000000,"$126,782,523",6.1,67199
3448,Battle Royale,06/13/2000,Kinji Fukasaku,Toei,Japan,Found Footage,105,PG-13,1500000,USD 10261807,,345157
5367,28 Days Later,2002/05/08,Danny Boyle,Fox Searchlight,United Kingdom,Folk Horror,147min,R,"$6,000,000",25855318,8.7,205211
2441,Halloween,05/13/1978,John Carpenter,Compass International,USA,Supernatural,164,PG-13,"10,000,000","129,695,880",6.8,466334
2721,An American Werewolf in London,1981/11/26,John Landis,Universal  ,UK,Cosmic Horror,89,Unrated,"$50,000",400014,8.8,343386
2486,Dawn of the Dead,1978-05-20,George Romero,United Film Distribution,us,Werewolf,135,Unrated,"10,000,000","$44,664,160",8.1,234389
1862,Blood and Black Lace,6/5/1964,Mario Bava,Emmepi Cinematografica,italy,Gothic|Giallo,143,NC-17,,"215,381",8.4,373346
3524,The Others,26-12-2001,Alejandro Amenabar,WARNER BROS.,Spain,Splatter,160min,G,10000000,55008994,,244399
1249,The Wolf Man,1941-09-27,George Waggner,Universal Pictures,USA,Psychological,126min,Not Rated,$35000000,"341,406,775",5.4,8737
2146,The Exorcist,1973-10-04,William Friedkin,warner bros.,us,Haunted House|Vampire,105 min,PG,"1,500,000","$3,109,059",7.9,91482
2705,The Evil Dead,1981/04/02,Sam Raimi,New Line Cinema,U.S.A.,Supernatural,114 min,,"$50,000",547550,8.1,358142
4407,  The Witch ,13-09-2015,Robert Eggers,A-24,U.S.A.,Haunted House|Body Horror,93min,PG,35000000,"$242,985,712",8.2,101853
2940,Videodrome,09/27/1983,David Cronenberg,Universal,Canada,Supernatural,1h 10m,NC-17,,"$391,950,781",7.4,284018
5364,Carnival of Souls,1962/06/06,Herk Harvey,Herts-Lion International,U.S.A.,Body Horror,1h 40m,PG,"$20,000,000",22553699,8.7,156528
2222,Deep Red,21-05-1975,Dario Argento,Rizzoli Film,ITALY,Supernatural,112 min,Not Rated,"$10,000,000",USD 14234893,8.9,230586
2382,Rabid,1977/12/01,David Cronenberg,Cinepix,Canada,Splatter,81 min,,$1500000,USD 693556,7.4,337167
2558,The Brood,10/9/1979,David Cronenberg,New World Pictures,CANADA,Body Horror|Gothic,87,G,"$10,000,000","$30,655,121",,208724
4262,The Conjuring,2013-05-05,James Wan,Warner Bros,USA,Werewolf,91,Unrated,$50000,"$75,128",9.0,410620
3356,The Blair Witch Project,1999/12/05,Daniel Myrick,Artisan Entertainment,United States,Splatter,118,,USD 300000,"2,812,847",9.0,468154
4155,Trick 'r Treat,24-09-2007,Michael Dougherty,Warner Bros,USA,Slasher,161,R,"20,000,000",87142789,5.1,48701
3362,the blair witch project,23-06-1999,Daniel Myrick,Artisan Entertainment,USA,Splatter,118,Unrated,$300000,USD 2812847,9.0,172899
4196,The Cabin in the Woods,8/22/2011,Drew Goddard,Lionsgate,USA ,Body Horror,107 min,Not Rated,"$35,000,000","16,820,487",7.4,363731
3258,Cronos,15-10-1993,Guillermo del Toro,October Films,Mexico,Werewolf|Body Horror,71,R,"$120,000",USD 200544,5.0,265272
5143,Late Night with the Devil,2023/04/20,Colin Cairnes,IFC Films,Australia,Psychological,1h 10m,NC-17,"$6,000,000","$44,680,381",8.2,327629
4516,RAW,25-05-2016,Julia Ducournau,Wild Bunch,France,Folk Horror|Cosmic Horror,2h 36m,R,,"$2,396,256",8.5,19089
2474,Halloween,1978-05-21,John Carpenter,Compass International,United States,Supernatural,2h 44m,PG-13,10000000,"$129,695,880",6.8,39194
1278,Cat People,1942-10-27,Jacques Tourneur,RKO Radio Pictures,USA,Werewolf|Creature Feature,74 min,Not Rated,"$300,000",,6.8,68504
2826,The Thing,10/22/1982,John Carpenter,Universal  ,USA ,Folk Horror|Psychological,79,R,"$3,000,000",,8.6,332909
5288,Frankenstein,12/12/1931,James Whale,UNIVERSAL,United States,Supernatural|Slasher,1h 57m,NC-17,USD 750000,1599134,6.4,412482
3014,  Phenomena ,07-03-1985,Dario Argento,DACFILM Rome,Italy,Comedy Horror,130,PG-13,USD 6000000,9032401,,337535
2627,The Fog,11/28/1980,John Carpenter,Avco Embassy,United States,Vampire,102 min,NC-17,"$1,500,000","$3,085,118",4.7,217610
3623,  Ju-on The Grudge ,2002/12/13,Takashi Shimizu,Toei,JAPAN,Slasher,113,Unrated,$120000,"$547,265",5.4,109514
3544,Pulse,2001/08/07,Kiyoshi Kurosawa,toho,Nippon,Creature Feature|Body Horror,99,NC-17,300000,190306,5.2,290452
4915,Titane,2021-11-20,Julia Ducournau,Neon,France,Werewolf,98,PG-13,20000000,191227230,4.7,67567
2589,The Shining,05/06/1980,Stanley Kubrick,Warner Bros.,USA ,Psychological|Supernatural,151,Not Rated,750000,2789629,6.8,466297
3933,  Inside ,9/2/2007,Alexandre Bustillo,La Fabrique de Films,France,Gothic,100,Unrated,"$35,000,000","435,166,860",8.3,136408
3813,  The Descent ,2/8/2005,Neil Marshall,Pathe,UK,Splatter,73,PG,1500000,USD 18020687,6.5,82657
4732,Suspiria,2018-02-20,Luca Guadagnino,Amazon Studios,italy,Folk Horror|Splatter,154 min,PG,"$300,000","$3,561,660",8.6,24682
2639,The Fog,12/08/1980,John Carpenter,Avco Embassy,United States,Vampire,102 min,NC-17,"1,500,000",USD 3085118,,134983
3850,Wolf Creek,12/17/2005,Greg McLean,Roadshow,Australia,Vampire,110,G,"6,000,000",46531729,7.5,393433
1286,Cat People,05/11/1942,Jacques Tourneur,RKO Radio Pictures,us,Werewolf|Creature Feature,74min,Not Rated,,,6.8,447296
5231,nosferatu,1/23/2024,Robert Eggers,Focus Features,USA ,Occult,135min,Not Rated,10000000,23048052,7.7,226204
1849,Blood and Black Lace,1964-08-28,Mario Bava,Emmepi Cinematografica,italy,Gothic|Giallo,143,NC-17,"120,000",USD 215381,8.4,372227
2551,Zombie Flesh Eaters,10-11-1979,Lucio Fulci,Variety Film,ITALY,Vampire,142,PG,"$20,000,000","$61,567,279",8.7,52927
5222,Nosferatu,2024/11/06,Robert Eggers,Focus Features,U.S.A.,Occult,,Not Rated,10000000,USD 23048052,7.7,279948
3689,A Tale of Two Sisters,20-04-2003,Kim Jee-woon,Cineclick Asia,S. Korea,Folk Horror,97,PG,"$3,000,000",$26985529,9.2,24355
2645,THE FOG,20-08-1980,John Carpenter,Avco Embassy,us,Vampire,102,NC-17,1500000,"$3,085,118",4.7,479790
4250,The Conjuring,2013-05-03,James Wan,Warner Bros.,USA,Werewolf,1h 31m,Unrated,"$50,000","75,128",9.0,97943
2305,The Omen,09-05-1976,Richard Donner,20th Century Fox,U.S.A.,Vampire,2h 24m,PG,$3000000,5923606,8.9,405276
2632,The Fog,1980/02/25,John Carpenter,Avco Embassy,USA,Vampire,1h 42m,NC-17,USD 1500000,$3085118,4.7,63325
1245,The Wolf Man,1941-08-07,George Waggner,Universal  ,USA ,Psychological,126min,Not Rated,"35,000,000",$341406775,5.4,158247
3060,The Fly,1986/01/12,David Cronenberg,20th Century Fox,United States,Cosmic Horror,1h 44m,R,"$35,000,000",USD 407590945,7.8,203888
2577,  The Brood ,07-10-1979,David Cronenberg,New World Pictures,CANADA,Body Horror|Gothic,1h 27m,G,$10000000,30655121,6.1,184617
1351,The Uninvited,1944/06/09,Lewis Allen,Paramount,United States,Found Footage,125 min,Unrated,"50,000","$55,760",8.7,446504
1950,Repulsion,09/06/1965,,Compton Films,England,Cosmic Horror|Supernatural,2h 22m,PG,$300000,"$4,103,145",7.3,38909
4079,let the right one in,2008-10-05,Tomas Alfredson,Sandrew Metronome,Sweden,Occult,162 min,Unrated,$50000,$249436,5.9,188747
5069,Skinamarink,09-07-2022,Kyle Edward Ball,IFC Midnight,Canada,Splatter,161,G,"1,500,000",,5.1,154111
3453,Battle Royale,09-06-2000,Kinji Fukasaku,Toei,Japan,Found Footage,105min,PG-13,"$1,500,000",$10261807,7.7,8435
4855,  Saint Maud ,2019/11/05,Rose Glass,A24,United Kingdom,Folk Horror|Supernatural,101,NC-17,"3,000,000","$9,179,482",8.4,50155
1918,KWAIDAN,1964/12/11,Masaki Kobayashi,toho,Japan,Comedy Horror|Gothic,2h 32m,,"$50,000",,6.6,266297
1811,The Birds,27-01-1963,Alfred Hitchcock,Universal Pictures,U.S.A.,Slasher|Psychological,106,PG-13,"$3,000,000","$34,881,029",5.2,254525
2375,Eraserhead,05-01-1977,David Lynch,Libra Films,us,Zombie,2h 29m,PG-13,,"$39,909,840",8.3,115069
3292,Ringu,08-05-1998,Hideo Nakata,toho,JAPAN,Psychological,71 min,PG,"$20,000,000",8179313,4.9,183458
1451,Godzilla,1954-06-11,Ishiro Honda,TOHO,Japan,Cosmic Horror,160,PG-13,"$6,000,000",47256128,7.4,71782
3809,Saw,05-08-2004,James Wan,Lions Gate,U.S.A.,Occult,75,,10000000,$126782523,6.1,244326
1739,Peeping Tom,05/18/1960,Michael Powell,Anglo-Amalgamated,England,Werewolf,96,PG,,"$16,521,182",8.0,223989
4981,Barbarian,2022-02-01,Zach Cregger,20th Century Studios,U.S.A.,Cosmic Horror|Giallo,118 min,R,USD 3000000,"$12,536,957",7.6,332036
4675,Hereditary,2018/10/05,Ari Aster,a24,us,Zombie,118,NC-17,"$300,000",$3726295,7.1,474418
2939,Videodrome,1983/07/18,David Cronenberg,universal,CANADA,Supernatural,70,NC-17,$35000000,391950781,7.4,368663
4783,Midsommar,3/27/2019,Ari Aster,a24,USA ,Comedy Horror,1h 33m,G,6000000,"$31,450,041",6.8,409626
4418,The Witch,2015/12/18,Robert Eggers,a24,U.S.A.,Haunted House|Body Horror,1h 33m,PG,,242985712,,346895
4073,Let the Right One In,1/6/2008,Tomas Alfredson,Sandrew Metronome,Sweden,Occult,162,Unrated,"$50,000","249,436",5.9,294488
1218,Bride of Frankenstein,1935/05/17,James Whale,Universal Pictures,us,Giallo,83 min,PG-13,6000000,"$69,360,250",8.0,52116
3616,Ju-on The Grudge,03/28/2002,Takashi Shimizu,Toei,Nippon,Slasher,113min,Unrated,"$120,000","547,265",5.4,259784
5366,Inside,1/15/2007,Alexandre Bustillo,La Fabrique de Films,France,Gothic,100 min,Unrated,"$35,000,000",435166860,8.3,74592
5360,House on Haunted Hill,5/6/1959,William Castle,Allied Artists,USA ,Cosmic Horror,132min,PG-13,300000,$4138573,6.0,188099
5299,Audition,1999-05-18,Takashi Miike,Omega Project,Nippon,Psychological|Occult,160 min,Unrated,"6,000,000","$33,618,699",8.3,50884
1209,Bride of Frankenstein,1935/11/01,James Whale,universal,us,Giallo,1h 23m,PG-13,$6000000,69360250,8.0,93896
4158,Insidious,26-06-2010,James Wan,BlumHouse,U.S.A.,Kaiju,122 min,Not Rated,"$300,000","636,169",,429285
1021,Nosferatu,1922-08-04,F.W. Murnau,Prana Film,Germany,Kaiju,96 min,Unrated,USD 35000000,"$186,704,614",5.9,282349
1738,Peeping Tom,1/4/1960,Michael Powell,Anglo-Amalgamated,U.K.,Werewolf,96,PG,$1500000,16521182,8.0,448023
1627,Psycho,16-10-1960,Alfred Hitchcock,paramount,USA,Supernatural,162min,PG-13,$120000,1526242,6.9,174169
1435,creature from the black lagoon,3/27/1954,Jack Arnold,Universal,us,Psychological|Cosmic Horror,80 min,PG,"$10,000,000","$131,198,528",4.7,223254
2009,Rosemary's Baby,04/19/1968,Roman Polanski,Paramount Pictures,USA,Giallo,137min,PG,"$20,000,000",$7001250,6.7,50909
4183,Insidious,22-04-2010,James Wan,Blumhouse Productions,us,Kaiju,122 min,Not Rated,"$300,000",636169,,417237
1711,Eyes Without a Face,05/11/1960,Georges Franju,Champs-Elysees,France,Giallo,120,Unrated,USD 20000000,USD 158166156,8.5,41180
4413,  The Witch ,12/16/2015,Robert Eggers,A24,USA ,Haunted House|Body Horror,93min,PG,"35,000,000",,8.2,26560
4163,Insidious,2010-08-15,James Wan,Blumhouse Productions,USA,Kaiju,122,Not Rated,,"$636,169",5.8,451934
1958,Repulsion,1965-05-25,Roman Polanski,Compton Films,United Kingdom,Cosmic Horror|Supernatural,142 min,PG,300000,4103145,7.3,126896
3470,Session 9,06-12-2001,Brad Anderson,USA Films,us,Comedy Horror,71,Not Rated,"$3,000,000","$41,390,468",6.7,68852
1571,The Blob,03/02/1958,Irvin Yeaworth,Paramount,U.S.A.,Supernatural,98 min,NC-17,"$1,500,000","$20,452,945",6.0,413633
1725,Peeping Tom,1960-06-25,Michael Powell,Anglo-Amalgamated,UK,Werewolf,96 min,PG,,"16,521,182",8.0,121150
3091,Hellraiser,1987/01/13,Clive Barker,New World Pictures,England,Slasher,1h 38m,G,"50,000","$269,251",6.8,61550
4371,Goodnight Mommy,06-03-2014,Veronika Franz,Ulrich Seidl Film,Austria,Giallo,75,G,$300000,"165,609",6.1,374003
1845,Blood and Black Lace,01-01-1964,Mario Bava,Emmepi Cinematografica,italy,Gothic|Giallo,2h 23m,NC-17,"$120,000",215381,8.4,420073
3804,Saw,04-10-2004,James Wan,Lions Gate,us,Occult,75 min,Not Rated,USD 10000000,USD 126782523,6.1,430929
1960,Repulsion,1965-06-02,Roman Polanski,Compton Films,United Kingdom,Cosmic Horror|Supernatural,142,PG,300000,4103145,7.3,356052
3181,JACOB'S LADDER,1990-01-03,Adrian Lyne,TriStar Pictures,USA,Vampire,107,Not Rated,$120000,"$1,088,354",5.5,59877
4353,IT FOLLOWS,2014/01/08,David Robert Mitchell,Radius-TWC,USA,Found Footage,93,Unrated,"$1,500,000","15,379,273",8.1,44579
1167,THE MUMMY,1932-02-15,Karl Freund,universal,us,Vampire,140,Unrated,USD 10000000,$46257698,5.7,66225
4273,Oculus,11/3/2013,Mike Flanagan,Blumhouse,United States,Kaiju|Haunted House,2h 34m,NC-17,"$120,000","1,389,242",5.5,93212
1889,Onibaba,8/9/1964,Kaneto Shindo,TOHO,JAPAN,Supernatural|Found Footage,90,PG,"$35,000,000","$254,458,145",6.4,235318
4298,Oculus,06/09/2013,Mike Flanagan,BlumHouse,USA ,Kaiju|Haunted House,154,NC-17,,USD 1389242,5.5,292131
3140,Tetsuo the Iron Man,11/24/1989,Shinya Tsukamoto,Kaijyu Theater,Japan,Vampire,165,PG-13,"$20,000,000","$255,667,125",6.4,178718
3230,Candyman,1992/04/22,Bernard Rose,TriStar Pictures,U.S.A.,Comedy Horror|Zombie,78min,PG-13,$50000,"$197,869",6.1,230860
3725,High Tension,16-02-2003,Alexandre Aja,EuropaCorp,FRANCE,Zombie|Kaiju,2h 41m,G,$1500000,"$12,580,491",4.6,460813
3743,high tension,2003-12-21,Alexandre Aja,EuropaCorp,France,Zombie|Kaiju,161 min,G,"$1,500,000",12580491,4.6,79329
1076,Dracula,06/02/1931,Tod Browning,Universal  ,us,Found Footage,84 min,R,"300,000",471267,5.6,432378
3732,High Tension,2003/01/03,Alexandre Aja,EuropaCorp,France,Zombie|Kaiju,161,G,"$1,500,000","$12,580,491",4.6,142186
4976,Barbarian,08/14/2022,Zach Cregger,20th Century Studios,us,Cosmic Horror|Giallo,,R,$3000000,"$12,536,957",7.6,76746
3376,The Blair Witch Project,1999/12/26,Daniel Myrick,Artisan Entertainment,USA ,Splatter,118,Unrated,"$300,000","2,812,847",,89510
4637,It,2017/01/14,,Warner Bros,USA,Zombie|Giallo,89,NC-17,$1500000,$1773625,5.8,172049
4039,Paranormal Activity,2007-04-04,Oren Peli,Blumhouse,U.S.A.,Giallo,73,R,10000000,"19,874,391",7.0,329619
3831,The Descent,9/20/2005,Neil Marshall,Pathe,England,Splatter,73,PG,1500000,18020687,6.5,142463
1382,The Thing from Another World,15-06-1951,,RKO Radio Pictures,U.S.A.,Giallo|Creature Feature,1h 21m,Unrated,"50,000",36116,8.5,298893
4195,THE CABIN IN THE WOODS,2011/08/13,Drew Goddard,Lionsgate,United States,Body Horror,107,Not Rated,"$35,000,000","$16,820,487",7.4,182650
1733,  Peeping Tom ,08/28/1960,Michael Powell,Anglo-Amalgamated,U.K.,Werewolf,1h 36m,PG,,"$16,521,182",8.0,242614
1085,Dracula,1931/04/23,Tod Browning,UNIVERSAL,United States,Found Footage,84,R,$300000,$471267,5.6,446368
4490,Train to Busan,2016-11-24,Yeon Sang-ho,Next Entertainment World,S. Korea,Giallo,165 min,Unrated,1500000,"$18,027,397",6.7,157910
4207,SINISTER,2012-12-19,Scott Derrickson,Blumhouse,United States,Found Footage|Zombie,78,PG-13,$6000000,"66,545,124",5.4,70461
1598,House on Haunted Hill,04/26/1959,William Castle,Allied Artists,us,Cosmic Horror,132,PG-13,,$4138573,6.0,147723
4177,  Insidious ,03/06/2010,James Wan,Blumhouse Productions,USA,Kaiju,122,Not Rated,"$300,000",$636169,5.8,125425
3599,28 Days Later,2002/05/08,Danny Boyle,Fox Searchlight,United Kingdom,Folk Horror,147min,R,"$6,000,000",25855318,8.7,205211
5044,TALK TO ME,2022/01/21,Danny Philippou,A24,Australia,Psychological,122 min,NC-17,"$35,000,000","$386,552,466",7.5,349984
4085,Martyrs,2008/01/10,Pascal Laugier,Wild Bunch,france,Psychological,1h 56m,G,$20000000,"$87,265,784",5.1,70577
2638,The Fog,28-03-1980,John Carpenter,Avco Embassy,United States,Vampire,1h 42m,NC-17,"$1,500,000","$3,085,118",4.7,301337
2488,Dawn of the Dead,1978/10/23,George Romero,United Film Distribution,United States,Werewolf,2h 15m,,"$10,000,000",$44664160,8.1,274539
4518,Raw,11/27/2016,Julia Ducournau,Wild Bunch,France,Folk Horror|Cosmic Horror,156 min,R,"$300,000",2396256,8.5,183676
3547,Pulse,2001/11/26,,toho,Japan,Creature Feature|Body Horror,99,NC-17,$300000,$190306,5.2,345533
2908,CITY OF THE LIVING DEAD,1980-07-14,Lucio Fulci,Dania Film,Italy,Psychological,1h 42m,G,"3,000,000","$6,159,368",8.8,329179
2315,  The Omen ,23-07-1976,Richard Donner,20th Century Fox,U.S.A.,Vampire,144,PG,USD 3000000,"5,923,606",8.9,63600
4902,titane,2021-03-24,Julia Ducournau,NEON,FRANCE,Werewolf,98,PG-13,"$20,000,000","$191,227,230",4.7,409968
3391,The Blair Witch Project,15-07-1999,Daniel Myrick,Artisan Entertainment,USA ,Splatter,,Unrated,USD 300000,,9.0,313461
1987,Kill Baby Kill,09-05-1966,Mario Bava,FUL Films,Italy,Vampire,72,Unrated,"$6,000,000","49,406,007",6.1,276832
1772,Carnival of Souls,1962-08-26,Herk Harvey,Herts-Lion International,USA ,Body Horror,100,PG,$20000000,"$22,553,699",8.7,60049
4414,The Witch,16-03-2015,Robert Eggers,A-24,U.S.A.,Haunted House|Body Horror,93,PG,35000000,"$242,985,712",8.2,120997
2586,The Shining,13-12-1980,Stanley Kubrick,Warner Bros.,us,Psychological|Supernatural,151,Not Rated,750000,"2,789,629",6.8,308215
4242,The Conjuring,8/1/2013,James Wan,Warner Bros,USA,Werewolf,91min,Unrated,$50000,"$75,128",9.0,227272
5263,The Conjuring,05/12/2013,James Wan,warner bros.,USA,Werewolf,91,Unrated,50000,"$75,128",9.0,43924
3287,Ringu,1998-09-15,Hideo Nakata,Toho,Japan,Psychological,1h 11m,PG,,USD 8179313,4.9,95176
2069,Witchfinder General,10/20/1968,Michael Reeves,Tigon,UK,Giallo,153,Unrated,USD 10000000,136636027,8.5,376362
1864,Blood and Black Lace,6/10/1964,Mario Bava,Emmepi Cinematografica,ITALY,Gothic|Giallo,143 min,NC-17,"$120,000",$215381,8.4,339955
3018,Phenomena,1985/11/17,Dario Argento,DACFILM Rome,Italy,Comedy Horror,130min,PG-13,"6,000,000","$9,032,401",9.1,355996
2725,An American Werewolf in London,1981-12-18,John Landis,UNIVERSAL,England,Cosmic Horror,89,Unrated,"$50,000","$400,014",8.8,109282
2335,Suspiria,1977-06-23,Dario Argento,Seda Spettacoli,ITALY,Occult,145 min,Unrated,"35,000,000",113427337,8.9,15026
4340,IT FOLLOWS,11/20/2014,David Robert Mitchell,Radius-TWC,United States,Found Footage,,Unrated,USD 1500000,"$15,379,273",8.1,470853
2669,Cannibal Holocaust,1980/04/16,Ruggero Deodato,United Artists Europa,Italy,Gothic,126,NC-17,"120,000","270,483",6.4,13534
3160,Tetsuo the Iron Man,3/23/1989,Shinya Tsukamoto,Kaijyu Theater,Nippon,Vampire,2h 45m,,20000000,255667125,6.4,419498
1695,Eyes Without a Face,05/22/1960,Georges Franju,Champs-Elysees,france,Giallo,120,Unrated,USD 20000000,"158,166,156",8.5,91182
3114,Evil Dead II,10/22/1987,Sam Raimi,De Laurentiis,USA ,Comedy Horror,139,R,"$35,000,000","148,908,651",5.8,431917
1068,DRACULA,11/2/1931,Tod Browning,Universal Pictures,USA ,Found Footage,84,,"300,000","471,267",5.6,87602
4941,Malignant,4/5/2021,James Wan,warner bros.,U.S.A.,Zombie,138,PG-13,USD 50000,"583,939",7.5,54283
3172,Jacob's Ladder,1990-10-14,Adrian Lyne,TriStar Pictures,United States,Vampire,1h 47m,Not Rated,$120000,,5.5,90982
4347,It Follows,5/3/2014,David Robert Mitchell,Radius-TWC,United States,Found Footage,93,Unrated,"1,500,000",$15379273,8.1,76988
2089,The Wicker Man,16-08-1973,Robin Hardy,British Lion Films,England,Zombie,77 min,Unrated,"6,000,000",,5.9,403328
4097,MARTYRS,07-06-2008,Pascal Laugier,Wild Bunch,France,Psychological,116min,G,20000000,"$87,265,784",5.1,194039
4132,Trick 'r Treat,02-07-2007,Michael Dougherty,WARNER BROS.,us,Slasher,161 min,R,"$20,000,000",$87142789,5.1,138709
5335,titane,2021-03-24,Julia Ducournau,NEON,FRANCE,Werewolf,98,PG-13,"$20,000,000","$191,227,230",4.7,409968
1651,Black Sunday,11/26/1960,Mario Bava,Galatea Film,italy,Supernatural|Psychological,113 min,NC-17,,$426793,6.5,122217
5331,Shivers,8/15/1975,David Cronenberg,Cinepix,CANADA,Cosmic Horror,125,PG,1500000,"$18,485,513",8.0,298372
2952,Videodrome,05/23/1983,David Cronenberg,Universal  ,Canada,Supernatural,70min,NC-17,"35,000,000",USD 391950781,7.4,217742
1844,Blood and Black Lace,11/21/1964,Mario Bava,Emmepi Cinematografica,italy,Gothic|Giallo,143min,,120000,"215,381",8.4,150290
1616,House on Haunted Hill,04/09/1959,William Castle,Allied Artists,USA,Cosmic Horror,132 min,PG-13,300000,USD 4138573,6.0,296233
2571,  The Brood ,06/17/1979,David Cronenberg,New World Pictures,canada,Body Horror|Gothic,,G,"$10,000,000","30,655,121",6.1,397832
1430,Creature from the Black Lagoon,12/15/1954,Jack Arnold,Universal Pictures,USA ,Psychological|Cosmic Horror,,PG,,"$131,198,528",4.7,262563
1375,The Thing from Another World,5/27/1951,Christian Nyby,RKO Radio Pictures,USA ,Giallo|Creature Feature,1h 21m,Unrated,"$50,000","$36,116",8.5,346157
1476,Invasion of the Body Snatchers,6/17/1956,Don Siegel,Allied Artists,us,Gothic,123 min,R,"$1,500,000",$13594388,6.5,408117
1348,The Uninvited,03-11-1944,Lewis Allen,Paramount Pictures,United States,Found Footage,,Unrated,USD 50000,"$55,760",8.7,248120
3173,Jacob's Ladder,12/25/1990,Adrian Lyne,TriStar Pictures,USA ,Vampire,107,Not Rated,"$120,000","$1,088,354",5.5,439775
4997,pearl,02/20/2022,Ti West,A24,U.S.A.,Cosmic Horror,144,G,3000000,"$36,671,785",7.5,466755
3454,Battle Royale,04/05/2000,Kinji Fukasaku,Toei,Japan,Found Footage,105 min,PG-13,"1,500,000","10,261,807",7.7,302807
5334,The Thing from Another World,10/21/1951,Christian Nyby,RKO Radio Pictures,USA ,Giallo|Creature Feature,,Unrated,$50000,"36,116",8.5,108212
1922,KWAIDAN,1964-07-01,Masaki Kobayashi,Toho,Nippon,Comedy Horror|Gothic,152 min,PG-13,50000,"403,655",6.6,298742
1114,Frankenstein,02-10-1931,James Whale,Universal,USA ,Supernatural|Slasher,117,NC-17,$750000,"$1,599,134",6.4,12350
3832,The Descent,3/7/2005,Neil Marshall,Pathe,U.K.,Splatter,73,PG,"$1,500,000",USD 18020687,6.5,367829
1203,Bride of Frankenstein,4/8/1935,James Whale,universal,USA,Giallo,83,PG-13,$6000000,"$69,360,250",8.0,343442
2824,The Thing,11/25/1982,John Carpenter,Universal Pictures,United States,Folk Horror|Psychological,79,R,3000000,"21,098,115",8.6,63620
1000,Nosferatu,1922-08-07,F.W. Murnau,Prana Film,Germany,Kaiju,96,Unrated,35000000,"186,704,614",5.9,83900
1077,Dracula,28-04-1931,Tod Browning,universal,United States,Found Footage,84 min,R,300000,"471,267",5.6,290071
4289,Oculus,2013/11/24,Mike Flanagan,Blumhouse,U.S.A.,Kaiju|Haunted House,154min,NC-17,"$120,000","$1,389,242",5.5,90037
2401,Rabid,05-11-1977,David Cronenberg,Cinepix,canada,Splatter,1h 21m,G,1500000,"693,556",7.4,94428
3945,Inside,5/14/2007,Alexandre Bustillo,La Fabrique de Films,France,Gothic,,Unrated,$35000000,"435,166,860",8.3,203977
4851,Saint Maud,2019/07/08,Rose Glass,A24,UK,Folk Horror|Supernatural,101,NC-17,"3,000,000","$9,179,482",8.4,373334
4828,Parasite,06-08-2019,Bong Joon-ho,CJ Entertainment,South Korea,Folk Horror,81min,G,1500000,"469,037",6.5,247176
3179,  Jacob's Ladder ,10/16/1990,Adrian Lyne,TriStar Pictures,USA,Vampire,107 min,Not Rated,120000,1088354,5.5,285606
2127,THE EXORCIST,28-10-1973,William Friedkin,Warner Bros.,USA ,Haunted House|Vampire,105,PG,"1,500,000","$3,109,059",7.9,358045
2527,Alien,1979-07-20,Ridley Scott,20th Century Fox,UK,Occult|Creature Feature,116,G,10000000,15461470,6.4,373049
4660,A Quiet Place,9/7/2018,John Krasinski,paramount,USA ,Supernatural,100min,Not Rated,"$300,000",USD 3147005,8.7,120040
1035,The Phantom of the Opera,1925/09/04,Rupert Julian,universal,United States,Splatter|Haunted House,154,NC-17,750000,$4135308,6.1,112982
1803,The Birds,9/23/1963,Alfred Hitchcock,Universal  ,U.S.A.,Slasher|Psychological,1h 46m,PG-13,$3000000,"34,881,029",5.2,289835
3106,Evil Dead II,1987/07/23,Sam Raimi,De Laurentiis,U.S.A.,Comedy Horror,139 min,R,35000000,,5.8,228966
5318,dark water,9/27/2002,Hideo Nakata,TOHO,Japan,Comedy Horror,157,R,"$750,000","$8,030,796",5.4,436087
2274,Carrie,8/1/1976,Brian De Palma,United Artists,USA ,Body Horror,135,PG,50000,"$417,751",8.5,463407
1254,The Wolf Man,1941-05-01,George Waggner,UNIVERSAL,United States,Psychological,,Not Rated,"$35,000,000",$341406775,5.4,22740
3024,Re-Animator,1985/09/26,Stuart Gordon,Empire Pictures,USA ,Body Horror,,Unrated,"$120,000","$1,181,119",9.0,58584
1487,Invasion of the Body Snatchers,20-05-1956,Don Siegel,Allied Artists,us,Gothic,123,R,1500000,"$13,594,388",6.5,268044
2817,  The Thing ,1982/10/13,John Carpenter,UNIVERSAL,USA ,Folk Horror|Psychological,79,R,"$3,000,000","21,098,115",8.6,130855
4738,Us,2019/08/11,Jordan Peele,UNIVERSAL,USA ,Psychological,131,PG,$10000000,$40925924,6.6,444050
3299,Ringu,12/10/1998,Hideo Nakata,TOHO,Nippon,Psychological,71,PG,20000000,,4.9,6855
1768,Carnival of Souls,1962/11/19,Herk Harvey,Herts-Lion International,United States,Body Horror,1h 40m,PG,,22553699,8.7,137615
4361,Goodnight Mommy,2014/11/11,Veronika Franz,Ulrich Seidl Film,Austria,Giallo,75 min,G,$300000,USD 165609,6.1,354810
4845,Parasite,6/2/2019,Bong Joon-ho,CJ Entertainment,Korea,Folk Horror,81min,G,"$1,500,000","$469,037",6.5,293441
5348,It Follows,12-08-2014,David Robert Mitchell,Radius-TWC,United States,Found Footage,1h 33m,Unrated,$1500000,"$15,379,273",8.1,378913
4058,Let the Right One In,28-09-2008,Tomas Alfredson,Sandrew Metronome,Sweden,Occult,2h 42m,,"$50,000","249,436",,86649
5303,City of the Living Dead,1980-02-23,Lucio Fulci,Dania Film,ITALY,Psychological,102,G,3000000,"$6,159,368",8.8,170140
4695,Hereditary,2018/10/24,Ari Aster,a24,USA,Zombie,118min,NC-17,,"$3,726,295",7.1,171006
3734,High Tension,26-06-2003,Alexandre Aja,EuropaCorp,france,Zombie|Kaiju,161 min,G,"$1,500,000",12580491,4.6,135599
2946,Videodrome,11/5/1983,David Cronenberg,Universal,CANADA,Supernatural,1h 10m,NC-17,"$35,000,000",391950781,7.4,191623
2556,Zombie Flesh Eaters,03/10/1979,Lucio Fulci,Variety Film,ITALY,Vampire,142,PG,"$20,000,000","61,567,279",8.7,318288
1748,The Innocents,1961/09/07,Jack Clayton,20th Century Fox,England,Splatter,122 min,NC-17,$1500000,"$19,063,753",7.0,100950
2064,Witchfinder General,03-01-1968,Michael Reeves,Tigon,England,Giallo,153min,Unrated,"$10,000,000",136636027,8.5,282918
4463,The Wailing,7/13/2016,Na Hong-jin,20th Century Fox Korea,Korea,Found Footage,,Not Rated,750000,$6632236,7.6,314116
3812,The Descent,05/07/2005,Neil Marshall,Pathe,England,Splatter,73,,"1,500,000","$18,020,687",6.5,31724
2362,Eraserhead,07/18/1977,David Lynch,Libra Films,U.S.A.,Zombie,149 min,PG-13,"$3,000,000","$39,909,840",8.3,468709
3696,a tale of two sisters,10/13/2003,Kim Jee-woon,Cineclick Asia,Korea,Folk Horror,97,PG,"$3,000,000",,9.2,46491
4964,X,2022-04-14,Ti West,A24,USA ,Splatter,2h 6m,NC-17,"20,000,000",253893251,7.9,367302
5111,When Evil Lurks,13-10-2023,Demian Rugna,Shudder,Argentina,Body Horror,2h 26m,PG-13,USD 750000,9856995,8.7,269586
3736,high tension,2003/09/22,Alexandre Aja,EuropaCorp,france,Zombie|Kaiju,161,G,"$1,500,000","12,580,491",4.6,102002
2075,Witchfinder General,2/1/1968,Michael Reeves,Tigon,UK,Giallo,153min,Unrated,10000000,$136636027,8.5,345038
2162,The Exorcist,22-04-1973,William Friedkin,Warner Bros.,USA,Haunted House|Vampire,105,PG,"1,500,000","$3,109,059",7.9,110769
2614,The Shining,1980-11-20,Stanley Kubrick,WARNER BROS.,USA ,Psychological|Supernatural,151min,Not Rated,"750,000",USD 2789629,6.8,200456
3284,RINGU,06/02/1998,Hideo Nakata,Toho,Nippon,Psychological,1h 11m,,$20000000,"8,179,313",4.9,63814
2079,Witchfinder General,1968-11-10,Michael Reeves,Tigon,England,Giallo,,Unrated,"$10,000,000",,8.5,359112
1742,The Innocents,1961-06-11,Jack Clayton,20th Century Fox,UK,Splatter,122 min,NC-17,"$1,500,000","$19,063,753",7.0,190546
5037,Talk to Me,10/10/2022,Danny Philippou,A24,Australia,Psychological,122,NC-17,$35000000,"$386,552,466",7.5,211497
4486,Train to Busan,2016-04-02,Yeon Sang-ho,Next Entertainment World,South Korea,Giallo,165 min,Unrated,1500000,$18027397,6.7,197967
5189,Longlegs,04/09/2024,,NEON,USA,Gothic,160,NC-17,,,6.0,445207
1425,Creature from the Black Lagoon,1954-04-06,Jack Arnold,universal,USA,Psychological|Cosmic Horror,80,PG,"10,000,000","$131,198,528",4.7,189383
1398,House of Wax,1953-05-21,Andre de Toth,warner bros.,USA ,Kaiju|Gothic,72,G,$10000000,,8.2,413731
2276,Carrie,12/26/1976,,United Artists,USA ,Body Horror,135 min,PG,USD 50000,"$417,751",8.5,283811
1698,Eyes Without a Face,1960-07-27,Georges Franju,Champs-Elysees,France,Giallo,2h 0m,Unrated,"20,000,000",158166156,8.5,171332
4217,Sinister,2012/06/05,Scott Derrickson,Blumhouse Productions,us,Found Footage|Zombie,78,PG-13,"$6,000,000","$66,545,124",5.4,433661
4903,Titane,03/14/2021,Julia Ducournau,neon,FRANCE,Werewolf,98min,,"20,000,000","191,227,230",,85844
1878,onibaba,12/06/1964,Kaneto Shindo,Toho Co.,JAPAN,Supernatural|Found Footage,90,PG,35000000,,6.4,424106
1718,Peeping Tom,03-03-1960,Michael Powell,Anglo-Amalgamated,UK,Werewolf,96min,PG,1500000,"16,521,182",8.0,216492
3051,Re-Animator,01/12/1985,Stuart Gordon,Empire Pictures,us,Body Horror,140,Unrated,"$120,000",$1181119,9.0,369038
1020,Nosferatu,1922-12-21,F.W. Murnau,Prana Film,Germany,Kaiju,,Unrated,"$35,000,000","$186,704,614",5.9,111785
4869,  Saint Maud ,11/2/2019,,A24,England,Folk Horror|Supernatural,101min,NC-17,"3,000,000","$9,179,482",8.4,241498
3364,The Blair Witch Project,1999/05/15,Daniel Myrick,Artisan Entertainment,U.S.A.,Splatter,118,Unrated,"300,000","$2,812,847",9.0,238938
1784,Carnival of Souls,9/27/1962,Herk Harvey,Herts-Lion International,United States,Body Horror,1h 40m,PG,"$20,000,000",22553699,8.7,350500
4277,Oculus,06/07/2013,Mike Flanagan,Blumhouse Productions,United States,Kaiju|Haunted House,2h 34m,NC-17,$120000,,5.5,337119
4405,The Witch,2015-01-14,Robert Eggers,a24,United States,Haunted House|Body Horror,93min,PG,"$35,000,000",$242985712,8.2,316214
2091,The Wicker Man,1973/06/03,Robin Hardy,British Lion Films,United Kingdom,Zombie,77,Unrated,USD 6000000,"$4,977,047",5.9,203255
4619,It,06-05-2017,Andy Muschietti,warner bros.,USA,Zombie|Giallo,1h 29m,NC-17,"$1,500,000",,5.8,359209
2872,Poltergeist,1982/02/18,Tobe Hooper,MGM,USA,Cosmic Horror|Gothic,151,PG,"$10,000,000",USD 77775922,9.0,221273
1783,Carnival of Souls,1962/12/07,,Herts-Lion International,USA,Body Horror,,PG,$20000000,"$22,553,699",8.7,279006
2863,Poltergeist,26-04-1982,Tobe Hooper,MGM,us,Cosmic Horror|Gothic,151,PG,10000000,,9.0,49023
4890,Possessor,2020-12-03,Brandon Cronenberg,NEON,Canada,Occult,138,G,"300,000",USD 667524,8.1,56563
3762,Shaun of the Dead,02/14/2004,Edgar Wright,universal,England,Cosmic Horror,74min,PG-13,"$10,000,000","$73,150,220",8.6,445687
1636,Psycho,25-05-1960,Alfred Hitchcock,Paramount,USA ,Supernatural,162,PG-13,"$120,000",$1526242,6.9,344267
1747,The Innocents,07/09/1961,Jack Clayton,20th Century Fox,England,Splatter,122,NC-17,"1,500,000","19,063,753",7.0,194975
3916,The Host,2006/08/04,Bong Joon-ho,Showbox,Korea,Slasher,83,,"$3,000,000",USD 33187930,9.0,217460
2306,The Omen,13-06-1976,Richard Donner,20th Century Fox,U.S.A.,Vampire,144min,PG,3000000,"5,923,606",8.9,281819
1207,Bride of Frankenstein,1935/04/23,James Whale,UNIVERSAL,USA,Giallo,83 min,PG-13,6000000,"$69,360,250",8.0,324376
3077,Hellraiser,02/27/1987,Clive Barker,New World Pictures,U.K.,Slasher,98 min,,50000,,6.8,19665
4003,the orphanage,4/3/2007,J.A. Bayona,Warner Bros. Pictures,Spain,Creature Feature|Haunted House,145,R,"$20,000,000","$220,449,652",5.4,11655
3246,Candyman,1992-03-21,Bernard Rose,TriStar Pictures,us,Comedy Horror|Zombie,78,,"$50,000",USD 197869,6.1,235367
4948,X,2022-12-13,Ti West,A24,USA ,Splatter,2h 6m,NC-17,"20,000,000","$253,893,251",7.9,248237
3166,Jacob's Ladder,1990-04-17,Adrian Lyne,TriStar Pictures,us,Vampire,107,Not Rated,$120000,,5.5,165433
2212,The Texas Chain Saw Massacre,1974/08/20,Tobe Hooper,Bryanston Pictures,United States,Supernatural,101 min,PG-13,,13374047,7.9,375947
2053,Night of the Living Dead,5/7/1968,George Romero,Image Ten,U.S.A.,Zombie,108 min,G,"$1,500,000","$19,103,735",,391440
1062,Dracula,2/5/1931,Tod Browning,UNIVERSAL,United States,Found Footage,1h 24m,R,USD 300000,"471,267",5.6,219211
1689,Eyes Without a Face,10/14/1960,Georges Franju,Champs-Elysees,france,Giallo,120,Unrated,20000000,158166156,8.5,163098
2266,Carrie,13-08-1976,Brian De Palma,United Artists,USA,Body Horror,135,PG,USD 50000,"$417,751",8.5,68691
2263,Shivers,08-02-1975,David Cronenberg,Cinepix,CANADA,Cosmic Horror,125,PG,1500000,USD 18485513,8.0,5316
1106,Frankenstein,7/27/1931,James Whale,UNIVERSAL,USA ,Supernatural|Slasher,117,NC-17,750000,"$1,599,134",6.4,31130
4594,Get Out,10/23/2017,Jordan Peele,Blumhouse Productions,United States,Comedy Horror,111min,Unrated,120000,"$1,256,432",7.9,104787
3379,The Blair Witch Project,02/25/1999,Daniel Myrick,Artisan Entertainment,USA,Splatter,118 min,Unrated,$300000,"$2,812,847",9.0,388363
4707,Suspiria,11/9/2018,Luca Guadagnino,Amazon Studios,ITALY,Folk Horror|Splatter,154min,PG,"$300,000",3561660,8.6,184582
1392,  House of Wax ,1953/01/11,Andre de Toth,Warner Bros.,us,Kaiju|Gothic,72,G,,$90384239,8.2,110569
2485,Dawn of the Dead,27-08-1978,George Romero,United Film Distribution,USA,Werewolf,135min,Unrated,"$10,000,000","44,664,160",8.1,20235
3877,Pan's Labyrinth,1/8/2006,Guillermo del Toro,Warner Bros. Pictures,Spain,Folk Horror,91min,Unrated,300000,"$806,854",4.6,137425
1898,  Kwaidan ,1964-10-24,Masaki Kobayashi,TOHO,Nippon,Comedy Horror|Gothic,152 min,PG-13,"$50,000","403,655",6.6,277488
4904,Titane,2021-04-21,Julia Ducournau,neon,France,Werewolf,98,PG-13,20000000,$191227230,4.7,24693
1924,Kwaidan,8/25/1964,Masaki Kobayashi,toho,Japan,Comedy Horror|Gothic,152,PG-13,"$50,000",403655,6.6,414116
1766,Carnival of Souls,1962-10-11,Herk Harvey,Herts-Lion International,us,Body Horror,100,PG,"$20,000,000",22553699,8.7,474291
2873,The Beyond,09/07/1981,Lucio Fulci,Fulvia Film,italy,Gothic,160,,"$3,000,000","$32,305,279",7.1,116527
1693,Eyes Without a Face,1960/12/19,Georges Franju,Champs-Elysees,FRANCE,Giallo,2h 0m,Unrated,20000000,"$158,166,156",,221850
4896,Titane,2021-01-10,Julia Ducournau,neon,FRANCE,Werewolf,1h 38m,PG-13,20000000,"191,227,230",4.7,45415
4939,Malignant,24-09-2021,James Wan,Warner Bros.,USA,Zombie,138,PG-13,50000,"$583,939",7.5,266539
4680,Hereditary,07/10/2018,Ari Aster,a24,us,Zombie,118 min,NC-17,300000,,7.1,7327
2021,Rosemary's Baby,10/24/1968,Roman Polanski,paramount,USA,Giallo,137 min,PG,$20000000,,6.7,384454
3016,  Phenomena ,04/22/1985,Dario Argento,DACFILM Rome,Italy,Comedy Horror,130,,$6000000,"$9,032,401",9.1,76400
3946,  Inside ,05/23/2007,Alexandre Bustillo,La Fabrique de Films,FRANCE,Gothic,1h 40m,,35000000,USD 435166860,,168729
4905,  Titane ,08/13/2021,Julia Ducournau,Neon,France,Werewolf,1h 38m,PG-13,"$20,000,000",191227230,4.7,274325
1126,  Freaks ,07/10/1932,Tod Browning,MGM,us,Cosmic Horror,72 min,Unrated,,"5,451,081",4.6,155255
3314,Ringu,8/5/1998,Hideo Nakata,Toho Co.,Nippon,Psychological,71 min,PG,"20,000,000",8179313,4.9,49085
5171,The Substance,2024/08/16,Coralie Fargeat,Mubi,France,Psychological,75min,NC-17,USD 50000,"$101,442",8.3,313933
4171,Insidious,2010-09-08,James Wan,BlumHouse,USA ,Kaiju,122,Not Rated,USD 300000,"636,169",5.8,133846
4224,Sinister,17-08-2012,Scott Derrickson,BlumHouse,us,Found Footage|Zombie,78 min,PG-13,"$6,000,000",USD 66545124,5.4,279724
3649,Dark Water,14-01-2002,Hideo Nakata,toho,Japan,Comedy Horror,157,R,"$750,000","$8,030,796",5.4,285327
1329,  I Walked with a Zombie ,11/14/1943,Jacques Tourneur,RKO Radio Pictures,USA ,Found Footage,144 min,R,"$300,000","$2,896,340",8.9,192393
1680,  Black Sunday ,1960/02/24,Mario Bava,Galatea Film,Italy,Supernatural|Psychological,113,NC-17,"$50,000","426,793",6.5,424690
2631,THE FOG,03/25/1980,John Carpenter,Avco Embassy,U.S.A.,Vampire,102,NC-17,1500000,"$3,085,118",4.7,195362
1707,Eyes Without a Face,9/17/1960,Georges Franju,Champs-Elysees,FRANCE,Giallo,120min,,,"$158,166,156",8.5,62587
1248,The Wolf Man,09/01/1941,George Waggner,UNIVERSAL,USA,Psychological,126,Not Rated,"$35,000,000",$341406775,5.4,454146
4032,Paranormal Activity,2007-08-12,Oren Peli,Blumhouse,us,Giallo,73,R,"10,000,000",,7.0,202271
4624,It,2017-11-18,Andy Muschietti,warner bros.,U.S.A.,Zombie|Giallo,1h 29m,NC-17,"$1,500,000","$1,773,625",5.8,63340
1536,horror of dracula,1958/03/08,Terence Fisher,Hammer Films,UK,Found Footage,117,,10000000,"99,981,464",8.6,471585
4705,Suspiria,2018-11-02,Luca Guadagnino,Amazon Studios,ITALY,Folk Horror|Splatter,2h 34m,PG,$300000,"$3,561,660",8.6,407737
1159,The Mummy,1932-06-25,Karl Freund,UNIVERSAL,us,Vampire,140,Unrated,"$10,000,000","46,257,698",5.7,337974
3527,THE OTHERS,07/17/2001,Alejandro Amenabar,Warner Bros,Spain,Splatter,160min,G,USD 10000000,,8.7,207335
5345,Horror of Dracula,3/2/1958,Terence Fisher,HAMMER FILMS,UK,Found Footage,117,R,$10000000,99981464,8.6,470941
2290,Carrie,1976-11-23,Brian De Palma,United Artists,us,Body Horror,135,PG,50000,,8.5,154626
4777,Midsommar,2019/01/09,Ari Aster,A24,USA ,Comedy Horror,93,G,USD 6000000,USD 31450041,6.8,12289
1411,Creature from the Black Lagoon,1954/01/14,Jack Arnold,universal,U.S.A.,Psychological|Cosmic Horror,80 min,PG,$10000000,131198528,4.7,126127
3176,Jacob's Ladder,02/22/1990,Adrian Lyne,TriStar Pictures,United States,Vampire,107,Not Rated,120000,"1,088,354",5.5,169503
2699,The Evil Dead,19-08-1981,Sam Raimi,New Line,United States,Supernatural,114,,USD 50000,"547,550",8.1,227118
3055,The Fly,11/12/1986,David Cronenberg,20th Century Fox,us,Cosmic Horror,104min,R,"$35,000,000","$407,590,945",7.8,155194
2879,The Beyond,06-08-1981,Lucio Fulci,Fulvia Film,Italy,Gothic,160,Not Rated,,"$32,305,279",7.1,154210
4330,The Babadook,2014-08-10,Jennifer Kent,Causeway Films,Australia,Found Footage|Zombie,86,Unrated,"$6,000,000",49894496,7.0,32420
2507,ALIEN,21-07-1979,Ridley Scott,20th Century Fox,U.K.,Occult|Creature Feature,116 min,G,"10,000,000",,6.4,217557
1456,Godzilla,12/21/1954,Ishiro Honda,Toho,Japan,Cosmic Horror,160min,PG-13,"6,000,000",$47256128,7.4,49672
4752,Us,12-07-2019,Jordan Peele,Universal  ,USA,Psychological,2h 11m,PG,,"$40,925,924",6.6,3346
2658,cannibal holocaust,1980/11/27,Ruggero Deodato,United Artists Europa,Italy,Gothic,126,NC-17,$120000,270483,6.4,157303
2186,Don't Look Now,1973/06/16,Nicolas Roeg,Casey Productions,U.K.,Zombie|Found Footage,121min,R,"$3,000,000","8,311,755",5.4,399263
1601,House on Haunted Hill,1959/01/19,William Castle,Allied Artists,United States,Cosmic Horror,132min,PG-13,$300000,"4,138,573",6.0,446218
2580,The Brood,10-05-1979,David Cronenberg,New World Pictures,Canada,Body Horror|Gothic,,,"$10,000,000",,6.1,457720
5159,The Substance,02-11-2024,Coralie Fargeat,Mubi,France,Psychological,75,NC-17,$50000,"$101,442",8.3,197662
4789,the lighthouse,2019/02/16,Robert Eggers,A-24,USA,Haunted House,2h 6m,Unrated,"300,000",$2231378,8.3,399980
4782,Midsommar,2019/07/22,Ari Aster,A24,United States,Comedy Horror,,G,"$6,000,000",,6.8,326092
1130,freaks,1932-07-16,Tod Browning,MGM,us,Cosmic Horror,,Unrated,"6,000,000","$5,451,081",4.6,237522
1945,Repulsion,21-06-1965,Roman Polanski,Compton Films,UK,Cosmic Horror|Supernatural,142,PG,$300000,"$4,103,145",7.3,398298
3405,The Sixth Sense,1999/06/20,M. Night Shyamalan,Buena Vista,USA,Comedy Horror,2h 37m,G,"300,000",$3957945,5.3,26091
4260,The Conjuring,21-08-2013,James Wan,WARNER BROS.,us,Werewolf,91 min,Unrated,"$50,000",$75128,9.0,452569
5160,The Substance,2024/06/10,Coralie Fargeat,Mubi,FRANCE,Psychological,75 min,NC-17,"50,000",$101442,8.3,115925
2754,Scanners,07/19/1981,David Cronenberg,Avco Embassy,Canada,Found Footage,130,PG,35000000,"$325,820,643",8.9,207157
3636,Ju-on The Grudge,10/12/2002,Takashi Shimizu,Toei,Japan,Slasher,113 min,Unrated,USD 120000,547265,5.4,90957
4639,A Quiet Place,2018/03/08,John Krasinski,Paramount Pictures,USA ,Supernatural,100min,Not Rated,USD 300000,3147005,8.7,362506
2772,Scanners,11/15/1981,David Cronenberg,Avco Embassy,Canada,Found Footage,130 min,PG,"$35,000,000",325820643,8.9,332669
3993,The Orphanage,2007-07-05,J.A. Bayona,Warner Bros. Pictures,Spain,Creature Feature|Haunted House,145,R,"$20,000,000",,5.4,2297
3548,Pulse,04/17/2001,Kiyoshi Kurosawa,toho,Nippon,Creature Feature|Body Horror,,,$300000,190306,5.2,259934
4526,Raw,12/25/2016,Julia Ducournau,Wild Bunch,FRANCE,Folk Horror|Cosmic Horror,156,R,"300,000","$2,396,256",8.5,185241
4336,It Follows,4/27/2014,David Robert Mitchell,Radius-TWC,U.S.A.,Found Footage,1h 33m,Unrated,"1,500,000","15,379,273",8.1,66349
1819,The Haunting,20-02-1963,Robert Wise,MGM,England,Splatter,90 min,Unrated,$1500000,,7.7,11479
3262,Cronos,1993-10-18,Guillermo del Toro,October Films,Mexico,Werewolf|Body Horror,71,R,"$120,000","$200,544",5.0,433168
4857,Saint Maud,08-10-2019,Rose Glass,A-24,U.K.,Folk Horror|Supernatural,101,NC-17,3000000,9179482,8.4,451266
1663,Black Sunday,1960-09-15,Mario Bava,Galatea Film,italy,Supernatural|Psychological,113,NC-17,50000,"$426,793",6.5,223840
2289,Carrie,1976/07/04,Brian De Palma,United Artists,U.S.A.,Body Horror,135min,PG,,USD 417751,8.5,120187
2417,house,04/19/1977,Nobuhiko Obayashi,TOHO,JAPAN,Creature Feature,2h 37m,Not Rated,"$120,000","385,505",8.3,265024
4218,SINISTER,2012-10-21,Scott Derrickson,Blumhouse Productions,USA ,Found Footage|Zombie,78,PG-13,6000000,USD 66545124,5.4,107127
5244,THE UNINVITED,12/26/1944,Lewis Allen,Paramount,U.S.A.,Found Footage,125 min,Unrated,"$50,000",,,341793
5038,Talk to Me,2022-09-20,Danny Philippou,a24,Australia,Psychological,2h 2m,NC-17,"35,000,000","$386,552,466",7.5,206364
4108,Martyrs,1/4/2008,Pascal Laugier,Wild Bunch,FRANCE,Psychological,116 min,G,20000000,"87,265,784",5.1,79884
4663,A QUIET PLACE,2018/05/12,John Krasinski,Paramount Pictures,U.S.A.,Supernatural,100 min,Not Rated,"300,000",USD 3147005,8.7,402313
1575,The Blob,01/27/1958,Irvin Yeaworth,paramount,USA,Supernatural,1h 38m,NC-17,"$1,500,000","20,452,945",6.0,95750
3953,  Inside ,2007/02/19,Alexandre Bustillo,La Fabrique de Films,france,Gothic,100,Unrated,"35,000,000","$435,166,860",8.3,364398
1937,repulsion,12/22/1965,Roman Polanski,Compton Films,United Kingdom,Cosmic Horror|Supernatural,142 min,,300000,4103145,7.3,177062
4657,  A Quiet Place ,7/2/2018,John Krasinski,Paramount,United States,Supernatural,100,Not Rated,$300000,3147005,,28492
4799,The Lighthouse,15-11-2019,Robert Eggers,A-24,us,Haunted House,126 min,Unrated,USD 300000,"$2,231,378",8.3,214960
2798,Possession,1981/09/17,Andrzej Zulawski,Gaumont,FRANCE,Vampire,162,R,35000000,,7.3,57135
4304,The Babadook,2014/04/25,Jennifer Kent,Causeway Films,Australia,Found Footage|Zombie,86,Unrated,6000000,"$49,894,496",7.0,65093
4662,A Quiet Place,02-01-2018,John Krasinski,paramount,us,Supernatural,1h 40m,Not Rated,USD 300000,"3,147,005",8.7,136765
2261,Shivers,1975-04-04,David Cronenberg,Cinepix,Canada,Cosmic Horror,125,PG,"$1,500,000","$18,485,513",8.0,331451
1869,Blood and Black Lace,02/19/1964,Mario Bava,Emmepi Cinematografica,ITALY,Gothic|Giallo,143,NC-17,"$120,000","$215,381",8.4,369464
4613,It,2017-12-21,Andy Muschietti,Warner Bros,USA,Zombie|Giallo,1h 29m,NC-17,1500000,,5.8,358207
4237,the conjuring,11/11/2013,James Wan,Warner Bros,USA ,Werewolf,91,Unrated,50000,USD 75128,9.0,342956
5011,Pearl,17-12-2022,Ti West,a24,United States,Cosmic Horror,144 min,G,"$3,000,000","36,671,785",7.5,331060
4726,Suspiria,2018-02-02,Luca Guadagnino,Amazon Studios,Italy,Folk Horror|Splatter,154,PG,300000,"$3,561,660",8.6,470833
4288,Oculus,2013-11-17,Mike Flanagan,Blumhouse Productions,us,Kaiju|Haunted House,154min,NC-17,USD 120000,"$1,389,242",5.5,329464
4894,TITANE,2021/09/14,Julia Ducournau,NEON,france,Werewolf,98min,PG-13,"20,000,000",$191227230,4.7,285020
1442,Godzilla,10/25/1954,Ishiro Honda,toho,Nippon,Cosmic Horror,160,,$6000000,"$47,256,128",,331759
3163,  Tetsuo the Iron Man ,1989-05-12,Shinya Tsukamoto,Kaijyu Theater,Nippon,Vampire,165,PG-13,"20,000,000",,6.4,149251
1153,The Mummy,09/23/1932,Karl Freund,Universal,USA,Vampire,140,Unrated,$10000000,"$46,257,698",5.7,233947
2160,The Exorcist,1973-04-22,William Friedkin,WARNER BROS.,USA ,Haunted House|Vampire,105,PG,"$1,500,000","$3,109,059",,465402
3820,The Descent,11-03-2005,Neil Marshall,Pathe,U.K.,Splatter,73,PG,"1,500,000",,,244225
1562,the blob,16-12-1958,Irvin Yeaworth,Paramount,USA,Supernatural,98,NC-17,1500000,20452945,6.0,435861
1301,I Walked with a Zombie,3/25/1943,Jacques Tourneur,RKO Radio Pictures,U.S.A.,Found Footage,144,R,300000,"$2,896,340",,448157
2396,Rabid,19-06-1977,David Cronenberg,Cinepix,Canada,Splatter,1h 21m,G,"$1,500,000","$693,556",,408437
3681,Dark Water,12/04/2002,Hideo Nakata,TOHO,Nippon,Comedy Horror,157,R,"750,000","$8,030,796",5.4,148282
4922,Malignant,07/23/2021,James Wan,WARNER BROS.,USA,Zombie,,PG-13,$50000,583939,7.5,85835
3718,High Tension,05/20/2003,Alexandre Aja,EuropaCorp,France,Zombie|Kaiju,161 min,G,1500000,"$12,580,491",,70167
4271,Oculus,04-03-2013,Mike Flanagan,Blumhouse,USA ,Kaiju|Haunted House,154 min,NC-17,"$120,000","$1,389,242",5.5,342405
1256,The Wolf Man,1941/10/20,George Waggner,universal,United States,Psychological,126,Not Rated,"$35,000,000",341406775,5.4,282954
1185,The Invisible Man,12-09-1933,James Whale,Universal  ,United States,Vampire,157,Not Rated,$20000000,"$208,181,238",5.8,289350
3447,Battle Royale,2000/08/04,Kinji Fukasaku,Toei,JAPAN,Found Footage,105 min,PG-13,1500000,"10,261,807",7.7,328971
5137,Late Night with the Devil,2023/05/05,Colin Cairnes,IFC Films,Australia,Psychological,70min,NC-17,$6000000,44680381,8.2,217617
3540,The Others,7/11/2001,Alejandro Amenabar,warner bros.,Spain,Splatter,2h 40m,G,"$10,000,000","55,008,994",8.7,151681
4636,It,06/01/2017,Andy Muschietti,Warner Bros.,United States,Zombie|Giallo,1h 29m,NC-17,"1,500,000",1773625,5.8,23552
3593,28 Days Later,2002/02/07,Danny Boyle,Fox Searchlight,U.K.,Folk Horror,2h 27m,R,"$6,000,000",,8.7,90352
3147,Tetsuo the Iron Man,11/03/1989,Shinya Tsukamoto,Kaijyu Theater,JAPAN,Vampire,2h 45m,PG-13,USD 20000000,"255,667,125",6.4,427895
4370,Goodnight Mommy,2014-06-22,Veronika Franz,Ulrich Seidl Film,Austria,Giallo,,G,USD 300000,USD 165609,,124379
1956,Repulsion,9/20/1965,,Compton Films,England,Cosmic Horror|Supernatural,142,PG,"$300,000",USD 4103145,7.3,159732
2221,DEEP RED,07-10-1975,Dario Argento,Rizzoli Film,ITALY,Supernatural,112 min,,USD 10000000,$14234893,8.9,414173
3782,Saw,2004/06/10,James Wan,Lions Gate,USA ,Occult,75 min,Not Rated,$10000000,"$126,782,523",,170001
2189,DON'T LOOK NOW,1973/07/08,Nicolas Roeg,Casey Productions,United Kingdom,Zombie|Found Footage,121,R,"$3,000,000","$8,311,755",,251029
2710,An American Werewolf in London,05/15/1981,John Landis,Universal Pictures,United Kingdom,Cosmic Horror,89 min,Unrated,"$50,000",,8.8,192166
3381,The Blair Witch Project,1999-08-19,Daniel Myrick,Artisan Entertainment,United States,Splatter,118 min,Unrated,"$300,000",$2812847,9.0,147273
3512,The Devil's Backbone,16-02-2001,Guillermo del Toro,Warner Sogefilms,Spain,Gothic,117,PG-13,"$750,000",,6.6,280801
2652,Cannibal Holocaust,1980/01/08,Ruggero Deodato,United Artists Europa,ITALY,Gothic,126min,NC-17,120000,$270483,6.4,473591
2482,Dawn of the Dead,1978/01/26,George Romero,United Film Distribution,USA,Werewolf,135,Unrated,10000000,44664160,8.1,258689
4501,Train to Busan,12/18/2016,Yeon Sang-ho,Next Entertainment World,Korea,Giallo,165,Unrated,1500000,18027397,6.7,70472
1006,Nosferatu,1922-03-14,F.W. Murnau,Prana Film,Germany,Kaiju,96,Unrated,$35000000,"$186,704,614",5.9,339837
1865,  Blood and Black Lace ,1964-05-22,Mario Bava,Emmepi Cinematografica,ITALY,Gothic|Giallo,143,NC-17,"$120,000","215,381",8.4,256732
3072,The Fly,09-09-1986,David Cronenberg,20th Century Fox,us,Cosmic Horror,104 min,R,"$35,000,000","$407,590,945",7.8,227411
5070,Skinamarink,2022/04/05,Kyle Edward Ball,IFC Midnight,CANADA,Splatter,161,G,"$1,500,000","11,408,908",5.1,263592
4607,It,10/12/2017,Andy Muschietti,warner bros.,USA,Zombie|Giallo,89 min,NC-17,"$1,500,000","1,773,625",5.8,432505
5315,Scanners,01-10-1981,David Cronenberg,Avco Embassy,Canada,Found Footage,2h 10m,PG,$35000000,325820643,8.9,282879
1642,Psycho,1/25/1960,Alfred Hitchcock,Paramount,United States,Supernatural,162,PG-13,120000,USD 1526242,6.9,248502
1885,Onibaba,1964-09-14,Kaneto Shindo,TOHO,JAPAN,Supernatural|Found Footage,,PG,"$35,000,000","254,458,145",6.4,257085
3409,The Sixth Sense,1999/12/04,M. Night Shyamalan,Buena Vista,U.S.A.,Comedy Horror,157,G,USD 300000,3957945,5.3,253635
3000,Phenomena,4/19/1985,Dario Argento,DACFILM Rome,ITALY,Comedy Horror,130,,"6,000,000",$9032401,9.1,172623
1527,The Curse of Frankenstein,3/27/1957,Terence Fisher,HAMMER FILMS,England,Werewolf|Vampire,129,PG-13,"$10,000,000","$139,128,163",,457145
1856,BLOOD AND BLACK LACE,07-10-1964,Mario Bava,Emmepi Cinematografica,ITALY,Gothic|Giallo,143,NC-17,$120000,215381,8.4,154715
1652,Black Sunday,1960-12-09,Mario Bava,Galatea Film,ITALY,Supernatural|Psychological,113,NC-17,$50000,"426,793",6.5,168358
1216,Bride of Frankenstein,4/18/1935,James Whale,universal,United States,Giallo,1h 23m,PG-13,"$6,000,000","69,360,250",8.0,317034
1270,Cat People,4/17/1942,Jacques Tourneur,RKO Radio Pictures,USA,Werewolf|Creature Feature,74,Not Rated,USD 300000,927054,6.8,191428
3052,Re-Animator,28-05-1985,Stuart Gordon,Empire Pictures,U.S.A.,Body Horror,140min,Unrated,120000,USD 1181119,9.0,36795
3152,Tetsuo the Iron Man,1989-06-26,Shinya Tsukamoto,Kaijyu Theater,JAPAN,Vampire,165,PG-13,USD 20000000,,6.4,409004
1082,Dracula,25-05-1931,Tod Browning,UNIVERSAL,United States,Found Footage,84,R,"$300,000","$471,267",5.6,383633
4013,The Orphanage,9/6/2007,J.A. Bayona,Warner Bros. Pictures,Spain,Creature Feature|Haunted House,145 min,R,USD 20000000,,5.4,353224
2500,Dawn of the Dead,07/16/1978,George Romero,United Film Distribution,U.S.A.,Werewolf,135,Unrated,10000000,"$44,664,160",8.1,287635
2282,Carrie,1976/06/23,Brian De Palma,United Artists,United States,Body Horror,135 min,PG,USD 50000,"417,751",8.5,138145
3019,Re-Animator,1985-12-27,Stuart Gordon,Empire Pictures,USA ,Body Horror,140,Unrated,"$120,000",USD 1181119,9.0,394898
2966,  A Nightmare on Elm Street ,06/28/1984,Wes Craven,new line cinema,U.S.A.,Werewolf,,Not Rated,$1500000,$10311433,5.9,327656
4326,The Babadook,08/09/2014,Jennifer Kent,Causeway Films,Australia,Found Footage|Zombie,86,Unrated,"$6,000,000",$49894496,7.0,192659
4886,Possessor,1/10/2020,Brandon Cronenberg,NEON,canada,Occult,138,G,,$667524,8.1,4039
1482,Invasion of the Body Snatchers,22-04-1956,Don Siegel,Allied Artists,us,Gothic,123min,R,"$1,500,000",,6.5,474016
4673,a quiet place,2018-10-05,John Krasinski,Paramount Pictures,USA,Supernatural,100,,$300000,"$3,147,005",8.7,400043
4123,Trick 'r Treat,17-06-2007,Michael Dougherty,WARNER BROS.,U.S.A.,Slasher,161,R,"$20,000,000","$87,142,789",5.1,469522
2641,The Fog,10/12/1980,John Carpenter,Avco Embassy,USA ,Vampire,102min,NC-17,"$1,500,000",$3085118,4.7,326798
3908,The Host,07-09-2006,Bong Joon-ho,Showbox,South Korea,Slasher,83,NC-17,USD 3000000,,9.0,103241
2006,ROSEMARY'S BABY,1968-01-06,,Paramount,United States,Giallo,137,PG,"$20,000,000",$7001250,6.7,434245
4197,The Cabin in the Woods,21-08-2011,Drew Goddard,Lionsgate,United States,Body Horror,107,Not Rated,"$35,000,000","$16,820,487",7.4,469792
3238,  Candyman ,04/20/1992,Bernard Rose,TriStar Pictures,us,Comedy Horror|Zombie,78,PG-13,$50000,"$197,869",6.1,207930
5287,The Thing,5/25/1982,John Carpenter,universal,us,Folk Horror|Psychological,79 min,R,USD 3000000,21098115,8.6,245561
5101,Infinity Pool,7/17/2023,Brandon Cronenberg,Neon,CANADA,Cosmic Horror,118,PG-13,$35000000,"98,151,327",6.4,392669
4892,Titane,2021-03-16,Julia Ducournau,neon,france,Werewolf,1h 38m,PG-13,"$20,000,000","$191,227,230",4.7,120781
5162,The Substance,12/11/2024,Coralie Fargeat,Mubi,FRANCE,Psychological,75min,NC-17,USD 50000,"101,442",8.3,290322
4899,Titane,10/16/2021,Julia Ducournau,neon,France,Werewolf,98min,PG-13,"20,000,000",USD 191227230,4.7,476040
2140,THE EXORCIST,02/09/1973,William Friedkin,WARNER BROS.,us,Haunted House|Vampire,105,PG,"1,500,000",,7.9,424043
4950,X,2022/12/14,Ti West,A24,U.S.A.,Splatter,2h 6m,NC-17,20000000,"$253,893,251",7.9,51527
3960,REC,06/19/2007,Jaume Balaguero,Filmax,Spain,Zombie,144,PG,"$20,000,000","126,904,732",7.4,26934
5016,Pearl,2022-02-27,Ti West,A-24,us,Cosmic Horror,144,,,$36671785,7.5,341792
4986,Barbarian,2022/06/11,Zach Cregger,20th Century Studios,us,Cosmic Horror|Giallo,118min,,"$3,000,000","$12,536,957",7.6,51828
3905,THE HOST,07/18/2006,Bong Joon-ho,Showbox,Korea,Slasher,83,NC-17,$3000000,33187930,9.0,301244
3779,Saw,01/23/2004,James Wan,Lions Gate,U.S.A.,Occult,1h 15m,Not Rated,$10000000,"$126,782,523",6.1,283370
3393,The Sixth Sense,08-09-1999,M. Night Shyamalan,Buena Vista,USA,Comedy Horror,,G,"$300,000","$3,957,945",5.3,289167
2152,The Exorcist,1973-03-24,William Friedkin,WARNER BROS.,us,Haunted House|Vampire,105,PG,"1,500,000",$3109059,7.9,300716
4236,The Conjuring,03/28/2013,James Wan,Warner Bros,United States,Werewolf,91 min,Unrated,"$50,000",75128,9.0,257997
4967,Barbarian,3/8/2022,Zach Cregger,20th Century Studios,USA ,Cosmic Horror|Giallo,118 min,R,USD 3000000,12536957,7.6,45184
2298,The Omen,1976-01-10,Richard Donner,20th Century Fox,us,Vampire,144 min,PG,,"$5,923,606",8.9,453338
1383,The Thing from Another World,10/21/1951,Christian Nyby,RKO Radio Pictures,USA ,Giallo|Creature Feature,,Unrated,$50000,"36,116",8.5,108212
4661,A Quiet Place,06/02/2018,John Krasinski,paramount,U.S.A.,Supernatural,100 min,Not Rated,$300000,"$3,147,005",8.7,187419
